Actinomyces,Adlercreutzia,Akkermansia,Alistipes,Anaerostipes,Bacteroidales_noname,Bacteroides,Barnesiella,Bifidobacterium,Bilophila,Blautia,Clostridium,Collinsella,Coprobacillus,Coprococcus,Dialister,Dorea,Eggerthella,Erysipelotrichaceae_noname,Escherichia,Eubacterium,Faecalibacterium,Gordonibacter,Holdemania,Lachnospiraceae_noname,Lactobacillus,Odoribacter,Oscillibacter,Parabacteroides,Paraprevotella,Peptostreptococcaceae_noname,Peptostreptococcus,Porphyromonas,Prevotella,Roseburia,Rothia,Ruminococcus,Streptococcus,Subdoligranulum,Veillonella
4.627014158993669,-11.261668453423,7.272608806038085,-11.261668453423,13.234158071707304,-11.261668453423,6.725147723331601,-11.261668453423,12.00761324365664,-11.261668453423,12.287452546026817,6.408236018319223,3.2910066489867775,11.048425612767746,-11.261668453423,6.741221547916592,4.6784961085169625,10.671607924279769,9.076772788351898,10.822132813994097,6.918468237254396,4.748842098213949,-11.261668453423,-11.261668453423,11.151052772728134,8.208189210428312,-11.261668453423,-11.261668453423,-11.261668453423,-11.261668453423,-11.261668453423,-11.261668453423,-11.261668453423,-11.261668453423,-11.261668453423,7.271626443833452,5.662009852107803,11.2772491453338,8.521372503914181,8.797659431489878
0.27986942109722396,0.7891688118266964,1.9334180026167649,5.40673832927272,-0.6987834921843741,3.7347325781887735,7.074612094109731,-16.851280666478377,4.4270879334373445,-16.851280666478377,4.243459068398553,4.763118081969453,1.4545502470120943,-1.634586888595075,5.534182502193129,6.8568293836884635,2.420405346919367,2.657153626176947,-0.8621552830513828,4.272598528515081,4.8618683134171325,4.251277404956519,-16.851280666478377,1.2638255657546638,2.2809763984109974,2.4068640331302382,-0.5847649241948931,1.2843811357395616,4.892603485068427,-16.851280666478377,-2.6851125326758316,-16.851280666478377,-16.851280666478377,3.2923273783730744,4.533244288680101,0.7038024836796077,6.241826962099459,5.52940720821427,5.003184035822165,5.179574470803245
0.8478945597432355,-15.942124686395925,1.215187078647035,2.681333631082376,0.49224056675238337,-0.7889846768258836,4.390007851181156,-15.942124686395925,8.293998266100637,-2.1884884683205166,7.49080072265351,3.3136801213501426,6.236467049309783,-0.2876528987368019,-0.6158919681861801,0.6064539006653511,6.105131825028846,3.5140155347699142,0.2919747293658924,7.982193476396282,6.2083902976134615,2.7988263268609015,-1.775956552593377,-1.7901411775249785,2.773685338087625,0.9779725948774709,-1.527777077892548,-2.3373339251801637,4.023945997314398,-2.2658750463405313,0.0063682986596205,-15.942124686395925,-15.942124686395925,-15.942124686395925,0.7332984792535726,0.7089494516549635,6.869809989604305,4.432845290973575,5.480643097245272,4.812610748388902
-17.214713304143864,1.645382993730344,1.212645104495189,4.944722183653925,0.7434556922016404,-2.1017393255423076,7.652622060242513,-17.214713304143864,4.238465493034767,1.8683460918530452,4.690479095116072,2.3668343967314787,3.1098495116633966,-2.5838374904176162,2.9339880698459075,1.5358465681501783,2.455783215308265,0.11621580930794438,1.4488351918141944,2.2289577939368956,5.482164004295527,5.256732737684592,-1.949933351156553,-0.024349305633901194,2.771098126771234,-0.4064749314954464,3.678961752776123,1.1824940938603705,4.373111980069649,-17.214713304143864,0.9879358128167328,-17.214713304143864,-1.0178063803398159,-0.03848016237298226,4.744840531494497,-1.5650224013231855,2.330604789548465,1.4507942097822557,3.8896224847591214,-0.7942932300870649
-16.480470617461293,-16.480470617461293,0.10135911262224492,4.65354633268567,3.5204869596413646,-16.480470617461293,6.728683054503414,-2.182533292968968,2.316383736828667,0.4288059996592503,6.784342880843779,5.002834400046124,3.4547437789242545,-16.480470617461293,4.630428956773755,0.5381928455398316,5.544383725946025,3.400056950676648,6.012597041198047,6.877685306837964,4.93094995902452,5.5783408750073225,-16.480470617461293,3.299749752869931,4.114768648631622,4.0569715386072,1.7603655115423222,2.472307891406316,6.130841664176035,-16.480470617461293,-0.33281606717405676,-2.542741541817411,-16.480470617461293,-0.3318456644749465,4.570680695889452,1.0500743764483695,6.709010774081181,5.413110925323221,5.486177181034558,5.185350011895371
-2.817851968273507,3.123516288642889,6.254898154761081,6.604000809897845,2.59716031742925,3.9828117947172013,6.890150672899166,4.853544086807308,-16.52800312169045,3.3371229623826064,4.424921000334222,2.479296944974074,3.852067934283366,-16.52800312169045,5.535293218667812,3.6887278745666587,4.461787544098029,1.064855561258665,-0.47604716639907274,2.0011732273870444,7.376017893717124,5.843586669654881,1.8541446829379828,0.5762824258212078,2.8761409069144217,-0.7164324951158335,3.974366637729426,5.081263297931571,5.74949231138508,-16.52800312169045,1.8541446829379828,-16.52800312169045,-16.52800312169045,-16.52800312169045,3.7239942880904504,-16.52800312169045,5.9479451945087325,3.2700573685146197,6.333091082753436,0.09449764561741085
0.06556485890718146,-1.045691991441744,1.0183178721679038,1.1956783196259886,-2.61816744210787,-1.3864071153299522,1.586924356290278,-0.11236860026188122,1.8113046055276818,-1.545530694850939,2.308668012431238,-2.041497748366597,2.04139107700125,0.3341613909135167,-0.43639051476837654,-0.8348043973919195,2.0911818772131685,0.09199861246521475,-1.3401643687121896,6.075304896224418,1.7881335749522342,1.6248781127628724,-0.8905750227328694,-0.5918472000391422,-0.042789070917919114,0.014418846643379035,-4.151945487712042,-1.254707116252725,-0.12217428098471692,-2.8021626225693836,-3.558575988428847,-2.481609707728712,-0.513645965874452,0.6537892954802055,-1.7224890792614056,-2.1391121260153314,3.97999628745904,2.6629288285536057,2.467843053609136,-0.1798273364792913
3.8315090969744388,5.198034118664207,8.594419591578374,3.0901547184562004,6.832226800355006,-13.16247191287231,5.1078509611139955,-13.16247191287231,11.37453221016033,-13.16247191287231,8.736095612357493,-13.16247191287231,9.279652897163459,2.760824781287619,7.610431349216567,4.199201825839369,9.343798514446426,6.910150524957654,4.269078579917892,3.4880151984864662,9.24600884380469,4.464799250690936,-13.16247191287231,-13.16247191287231,8.17624979745857,7.046361806386688,-13.16247191287231,-13.16247191287231,2.901167657886567,-13.16247191287231,4.957644146303474,2.303618692795802,-13.16247191287231,-13.16247191287231,5.532653684349756,-13.16247191287231,10.732716496658727,8.395036940021708,6.729900770007544,-13.16247191287231
-13.586476562918723,6.590785423638426,-13.586476562918723,5.48663353352282,7.4848159297946655,-13.586476562918723,7.040784854394651,1.079185351765498,1.5925716247972692,-13.586476562918723,8.748819822873608,2.75075469827755,8.010218433272168,-13.586476562918723,8.916945013126005,0.1882130421914208,9.268389110992656,-13.586476562918723,7.59452420020225,1.719688596714885,9.569872664547871,9.85186275413217,-13.586476562918723,-13.586476562918723,8.017788523616545,-13.586476562918723,-13.586476562918723,2.8920868999520306,4.127769126414294,4.320374064964171,4.911813169613888,-13.586476562918723,-13.586476562918723,3.694457380266747,6.649045211333657,3.0634231769451845,10.236398112774449,6.121506595706727,9.754513520154497,3.3544779190386342
-0.5220626945783552,2.893809276214363,1.496214242244901,2.816971576239612,2.1658843860293073,-1.3496536037418878,2.1394591111177435,1.5818149436519182,4.989263639791616,-17.619611689920102,5.152336178532003,0.7715372617259466,4.578227206973326,-17.619611689920102,4.644963100622011,3.8608647363445607,4.9357923126925405,-1.5330066028539848,-0.9863000071573451,0.726345518612188,5.2338660339984,3.378942231081877,2.000039369750452,-0.7768701428928557,2.3234228617412267,-2.0549011032335414,-17.619611689920102,-0.10923958131345081,-1.0769020466126364,-0.4812256810201172,3.9613279906624297,2.528378888838872,-1.9827826986739447,2.955629664838527,2.5469241928143,-17.619611689920102,6.634861436519746,2.895042002789974,4.4993169868354315,-0.3598442289047468
-0.8420640299978531,4.692038970074892,7.50036682610573,8.70042511682026,3.547380771968413,-14.59570024807326,1.6076553386632422,7.397952342402791,1.419254754830284,-14.59570024807326,7.697857185594411,6.08365549879855,7.360653407952403,-14.59570024807326,8.26843260818701,1.2158703785013538,7.111799041392164,3.488948176480119,-0.23206770356478457,4.546763727834232,8.47230458909379,7.758162071837936,1.9489695394776074,3.735821370491832,6.190080189201551,-14.59570024807326,-14.59570024807326,5.900639895518217,-14.59570024807326,-14.59570024807326,4.331074951297648,-14.59570024807326,-14.59570024807326,2.133247395006989,6.620424779118875,-2.6127649038768284,9.26048824033676,3.9572360837607454,8.696395867424247,-14.59570024807326
1.3123569850833574,3.074359188827468,6.45818308698132,2.001752670263365,2.671187615920308,-0.5710512474087902,3.479955496942531,1.2056880263939764,6.6820491058025135,-16.684134457046074,6.203714530924482,1.967737377735681,3.1892602137333537,1.7440183116705517,4.382664345801385,4.975369826976286,2.881405829922408,3.2971510363465244,1.8967074475502983,-0.6300440294538634,6.652993970954292,3.8150874245940902,2.5439592180546855,-16.684134457046074,4.171781134871574,3.7287264217052667,-16.684134457046074,0.15860708998117407,0.8417724229622113,-16.684134457046074,1.2952467413361755,-16.684134457046074,-16.684134457046074,-0.6300440294538634,3.83888615069236,-0.9755117849910582,7.456102368244668,6.296880181961085,3.96824743682124,0.7196061745294287
4.225240296777603,5.81262709326258,-13.130649735984482,-13.130649735984482,5.629000131912727,-13.130649735984482,4.294155823821811,0.4985324486068489,10.464619635702233,-13.130649735984482,8.074313590353654,6.284060260144377,2.319966676094224,3.0494813998782475,7.099941416042029,-13.130649735984482,8.9590316821411,6.713042954432807,4.124958384661061,10.932763978926875,10.870761842249786,5.512854516073728,4.176812597351811,3.2771260649385874,6.058981156578323,6.063005493003761,-13.130649735984482,-13.130649735984482,-13.130649735984482,-13.130649735984482,-13.130649735984482,-13.130649735984482,-13.130649735984482,0.7240824966710714,3.03432959629253,5.105507039645186,10.246326969771312,7.4644531308222,7.833065047218766,-1.281244891561409
-1.5388967143141137,3.1174059414941504,4.665409900038476,5.771965219940395,3.5865572231102947,2.043014729256085,5.36843213573579,3.3933870667324944,4.56755827531356,1.8518967791465335,5.364063146201853,5.539218937832782,4.832077808536114,-16.895566558091932,5.138628724621492,2.6385165632855734,4.92024654607347,0.1864665163467194,0.37909580625148476,1.3577600680099926,6.696366635618428,6.454090299900911,-16.895566558091932,0.9729456159302173,4.744901595508946,3.3701458251261167,3.9121507162429436,2.532853107829451,2.5396924825440856,-16.895566558091932,-16.895566558091932,-16.895566558091932,-16.895566558091932,-16.895566558091932,4.049738221112676,1.5003090771926144,6.286003535333351,5.593773351349196,5.609659222692649,0.8235315466488083
-16.59667770727545,1.1608029518948606,5.562938520319312,3.5420262613186617,2.711235645068996,1.7004785617061957,4.267479869237027,1.5987322368731511,4.807364101922133,2.5917473600842316,5.949783279640166,2.336946422401215,5.2457054136229795,-16.59667770727545,5.682926907853965,0.4276583801075637,5.562317685216866,-0.7477694152427022,0.8556292512691168,2.6773965706386282,6.384337977587792,6.061224973272293,-1.4540918825993017,-0.4558424715959343,5.943475889088444,0.056155446077480485,-16.59667770727545,0.5034964535482115,2.7461565527960645,0.9830516845342938,2.901561919551449,-16.59667770727545,-16.59667770727545,3.8258613450492125,2.528732883422349,-2.382390358213093,7.705589378746148,2.396168326319101,5.903178122135756,-16.59667770727545
2.3684344890832056,2.745693730732879,-15.493105371648639,4.353450960910719,1.1931410263521625,-15.493105371648639,5.787138492255662,4.604316731817337,7.961856878110367,-15.493105371648639,6.4931679225091825,0.20339594171064487,6.635171079754658,2.7523883163250615,6.032009573226406,-2.2574115232246164,6.744397192207455,-15.493105371648639,6.779317447059369,7.446057401897146,7.45251549984422,7.628687356855737,-15.493105371648639,-1.0357404011963198,4.464829615924263,0.8988270209850324,0.2481127738260124,-0.43922029278606683,3.739038784123789,-15.493105371648639,5.449247802085301,0.07853765061209504,-15.493105371648639,-15.493105371648639,5.916177285652174,2.10409171280001,6.432994621910376,5.77458139443083,8.23841105678007,-2.848774569386062
-3.9316977674879596,1.2019870317076315,4.035737136940109,2.6938439256454734,0.917271722631109,1.112325104942045,3.7276310513901496,1.5842151310911798,5.354356572595498,-0.9179833748072812,2.9776445576842816,1.0121882788417231,3.48237662727663,0.8067614466730276,1.2286308835784292,4.287524721716212,2.8942389683573744,-0.8472758039947905,0.40120810944723934,0.9117901734593686,4.497268242743684,1.848211167350681,-0.5096181922123546,-0.4016679053924201,1.1733671530162448,-1.0050307542444585,-0.3815479147171121,0.556847586903153,-0.07957927203772446,-18.65546728885485,-1.5243172012792467,-3.234526639050821,-18.65546728885485,-1.3106593172755916,0.2668974270013248,-1.52468037541205,4.9516865541011486,1.0362372494785046,3.659263917806679,-3.6399916467574043
-2.229863108716902,-1.7296061445728474,-3.1825917543902684,2.1982130620951517,-1.2043687578362234,-4.513005200201482,4.259396619261778,1.6018711605851537,-1.8386429733742151,0.09582226885698535,3.4432097859900437,2.5127919495126223,-4.156330442598055,0.9460773888136913,0.9390451043554139,-1.7663721143372981,1.7873924129253056,0.9713271015428799,-0.49723850123501123,0.9072543119501475,3.6550157057526302,2.6382751789380077,-1.610970089190811,0.09594603123261497,1.556253329295523,-3.9667887129009616,0.9193591116778429,-0.37977902295324123,3.303876704987987,-18.804750558279945,-1.2139534955304776,-0.8970644386755563,1.7702588613269805,-2.133919822941029,3.9847461931243755,-2.1889144623140204,4.855774863387601,3.4327938001470293,5.227641961106504,1.2118166931820777
4.482800232226057,-13.25131166639535,-13.25131166639535,-13.25131166639535,6.4555668249018145,-13.25131166639535,7.3618825762794735,-13.25131166639535,10.9411954847422,2.9136676658816625,10.648979138509903,5.587355472802563,10.216452012688597,8.42238735880103,-13.25131166639535,-13.25131166639535,2.9729442703194136,4.588478597219034,8.096228115860212,6.360195853252634,2.4913631433635786,6.732427918899265,-13.25131166639535,-13.25131166639535,3.5624280951968124,2.355958527463631,-13.25131166639535,3.87328102087298,3.8537195932781665,4.494454684896778,9.817133127473214,2.9335077101512423,-13.25131166639535,2.350945986477608,8.941614940724484,-13.25131166639535,1.173965006667931,7.485866938590546,8.377390203158184,1.5235494960452147
1.0869746693818267,3.977772208398905,0.3512470933710907,3.5641852295963643,1.7789232162563229,-15.766848657587223,3.807532131170102,0.9097193278126758,7.836634780131576,-0.01259629616136739,6.55066632446058,1.8690081391535023,7.682661525365954,-15.766848657587223,5.4435482928799,-15.766848657587223,5.783019500074009,-0.26308882192169325,0.2689518592218925,7.847717395049434,6.825099108886547,6.266532194010049,1.2411937909734099,-15.766848657587223,4.690222589853819,6.234393879273067,-15.766848657587223,0.15157592034214273,0.41422188642919344,0.8067713647635358,0.8806981401530646,-15.766848657587223,-15.766848657587223,2.9275166567787885,3.129196328069559,0.4840281921705847,7.373212711747246,5.022888207938319,7.409052844012975,-1.971539786532827
-3.470633253389476,2.1568976915147746,3.4547678168667564,5.023313836679354,1.023466692495465,2.6059991125616935,6.809379525837106,3.4660151355203586,6.142173433327933,-0.7922904782184239,6.108706505252785,3.022084444836535,5.603756431694106,-16.394548131091383,5.9539895967885155,-16.394548131091383,5.546699918849855,-1.120422317869479,4.778097621442919,3.847774458188507,6.802323237972155,6.467762171242553,0.21089984887234545,-0.3554955792484132,2.2256390026003885,-16.394548131091383,2.081094180400173,2.92747213434218,3.991593257990295,-16.394548131091383,4.2281678238553315,-16.394548131091383,-1.7203755303608657,-16.394548131091383,5.857038834218667,-16.394548131091383,7.256015880404643,4.691936194730206,6.330962278704987,3.607027009535747
1.9525289819602265,1.1556893555572432,5.287137875154788,3.4456253195797046,2.024771991003323,1.4571647441164994,5.121327703088592,4.462499719959726,6.268968956808208,0.8596390414103576,5.210601431066551,2.773976864709018,5.415427354157401,-16.425661720805245,4.582888316744748,-16.425661720805245,3.0162821989890247,-0.5047981175739603,2.9353777862598545,4.476411171804694,5.262033371722743,4.494543313579745,-16.425661720805245,-0.06933680231246986,2.564811430333391,-16.425661720805245,2.930013743740928,0.21182284406795263,3.2890061937235817,1.1586940959895466,-16.425661720805245,0.6945353551510609,-16.425661720805245,3.6815475997973977,2.6266099033254133,-2.6614434045974953,4.648915703662785,2.1785065749046684,7.819914981385689,-0.21772527443946035
-15.908216872382628,1.7514660455057274,6.662717641930626,5.203225483212698,5.048712981994942,-15.908216872382628,6.600783654703343,3.834059701417785,7.559332729484214,3.9188059304437863,7.5798215956528665,5.9842812449959375,6.342819016361686,2.549952325612785,6.322436432781848,-0.3093149267936023,2.5899803232516843,3.43640526634393,4.702216157408885,2.6362731661315078,7.28047798432327,2.1146692846511757,1.491090391012494,-15.908216872382628,2.690442687299157,0.005311735533796596,-15.908216872382628,3.3199660008267924,5.229605950010799,4.56178120248225,-2.826673406167391,-15.908216872382628,-15.908216872382628,-15.908216872382628,2.1687051669999353,-15.908216872382628,7.681170151100788,5.181246425777296,5.335959564177304,0.6180070705926997
3.756138820042383,2.355666918073157,3.8956107921138,5.0485729163018505,5.010171128636761,-14.453573960874634,8.986969374490172,-14.453573960874634,4.6874799547569745,6.258812915185176,7.849486742921962,8.479231423151353,9.042996591989398,5.840676629039097,-14.453573960874634,-14.453573960874634,5.844814565971554,7.723469636899099,5.433528465983591,4.2752530360099446,7.667474988277278,6.995761129257709,3.3401218234910353,4.832903904942061,8.349388385369608,-14.453573960874634,-14.453573960874634,1.176761502115127,6.375042392579612,-14.453573960874634,2.0572392928912895,-14.453573960874634,-14.453573960874634,-14.453573960874634,3.6637017637053435,-14.453573960874634,8.120950628434654,2.256743007363403,7.27469287470476,2.3896519649228303
5.221991537186538,-10.452937294242833,-10.452937294242833,-10.452937294242833,5.900230557946349,-10.452937294242833,6.812560841299058,-10.452937294242833,8.802303387560455,-10.452937294242833,13.183588033395742,9.503685512450877,-10.452937294242833,11.0224189327688,-10.452937294242833,-10.452937294242833,9.963681093723356,11.570141386706027,10.020250493933288,10.26488374767308,12.912508847964329,4.903732549534985,-10.452937294242833,-10.452937294242833,12.328794119122891,8.018246441390149,-10.452937294242833,-10.452937294242833,-10.452937294242833,-10.452937294242833,6.228196908876018,-10.452937294242833,-10.452937294242833,-10.452937294242833,12.108936610100098,5.295543046218809,13.8674243415371,11.765546813270726,8.911143387955324,-10.452937294242833
-0.9214348124573541,3.1378368260047376,-1.5696258631743778,1.4835066986578247,0.22151711233339275,-0.26271539077220873,2.6480494408027613,0.08848478861140247,3.8794003769296808,-2.3378295250828667,4.458940662017462,0.12641931216599242,3.386348700235555,-3.0283229229248714,2.258372222427616,2.676971776733089,4.589439082965445,-0.8849367214291899,-2.2578549603531664,-0.03950512534924935,5.343047008632826,3.129778212532128,-2.231229751160509,-2.336944177604526,1.1764222608682187,-1.113689506183045,-1.7086896044307802,-0.7070098668510333,0.8954329276061409,0.030815216067945402,2.9991802899450954,-4.571125805763804,-18.577257549782665,-2.3831271198699477,1.0002100500338313,-4.912568718762954,5.147327425136231,0.08007510340136074,3.777385757912047,-2.691093830068239
-0.9565237897902791,-17.024378329464316,5.161276794259106,5.14945160385424,1.90552676289668,-17.024378329464316,5.185169727577568,2.2172709708859304,5.934279893541704,2.7420351664553047,4.912585865222424,3.793879455747042,5.349939420908506,-0.7965317249411478,4.77962770451031,6.056064947096592,4.58438495586818,4.513110076175374,6.100556559790605,1.9258712869597618,6.68474720721026,5.458614367300928,-17.024378329464316,0.931883179447112,1.9782945512696717,1.0480207340736498,-1.0061029032909772,-0.15392359118885401,2.4805114762271057,-17.024378329464316,0.6412798514866108,-0.3173854638259574,-17.024378329464316,-1.1470810378324734,4.0369156765837495,-17.024378329464316,5.494960991452948,2.955688369125854,4.628828647561807,-0.12695775583344152
-1.388977074897141,0.37429491637598916,2.126780340272992,2.4387850552927626,0.0737652772698351,-0.2473139980587117,3.3272040857268954,2.1309257644820363,3.1496233546825563,-3.333527488003204,2.9036419740812187,2.5576097640224025,2.8947957712733614,-3.5002110633005525,0.8754953226027163,3.0088377564471838,2.78711314301956,-0.4543138928149608,2.80391767422433,1.8084060469530125,4.371520007178428,3.387714718208493,-1.4223760880861585,-0.18827493302566778,0.609688561382786,1.5269796866516792,-2.4397714530646684,0.16075414631626508,2.575138497605508,-19.14509811457782,1.9865020443430783,-19.14509811457782,-2.3199523285808996,-4.261434131787592,3.3326492568666373,-2.9353351838528043,2.804973851196622,4.487656142547696,2.421685590865297,-0.14477488526134352
-1.8613133508479367,2.104431697714727,2.086681511923968,2.242614215194249,0.1667403534572723,-1.3872808125664573,3.4563725241817282,2.4650980299456036,4.149073778793342,-0.2513971796492734,5.355277445974326,0.9933402117159835,3.1161542056619735,-0.6705858565256032,-1.9779009143081707,4.019012336487074,4.479733343386089,1.173651023582975,0.27197493485367913,1.197460995580924,5.9241026192428246,4.663717941470415,0.8929413496497105,-0.3209538484087469,4.0181162910634525,1.1070131896242965,-17.800282455526037,1.2510315689195761,0.8211326264087044,-17.800282455526037,2.848884641070191,-17.800282455526037,-17.800282455526037,-0.060030099978608586,3.212124389857304,-0.8264956523235568,5.684522531425618,4.988886186740456,5.2882549692031935,0.5787426235828487
-0.024665042797370817,-15.061005817139211,7.901734904578964,4.019627207684219,5.180135226770564,-15.061005817139211,5.532492962886698,-15.061005817139211,8.785749422008664,-15.061005817139211,6.775954662791035,0.7258042631609525,7.703777707178686,2.180069511466417,6.442511073537205,5.671863756940337,7.133844068555636,8.44042193298962,2.4009985045249818,1.644876554276782,7.559119470907102,5.70275876304739,-15.061005817139211,2.6173375230708404,6.043370958729896,4.685369668460299,-15.061005817139211,3.3326120175377896,3.7078639741612425,-15.061005817139211,5.323368861352067,-15.061005817139211,-15.061005817139211,-15.061005817139211,4.923801618629959,1.2534787299937642,8.266481124696671,6.569073989081039,7.0678666922046816,3.0423580629660596
1.8824108205339372,-14.208313736403168,-14.208313736403168,7.21936557787148,3.266904924114788,3.8138278744082355,7.463477662938068,5.848622105289401,10.66987296970483,-14.208313736403168,5.612761495512867,2.101228461702487,-0.04214560260062053,-14.208313736403168,4.2686528280124785,-14.208313736403168,6.228695679367575,5.557083883108165,1.4445669612768695,6.354172834600009,6.981938683704134,7.082564402964219,2.934747698935838,1.581277986471995,3.672627390774166,9.315817857370009,3.8227260495524242,1.8285719675894725,5.9906189951080835,-14.208313736403168,-14.208313736403168,-14.208313736403168,-14.208313736403168,-14.208313736403168,2.46939775963343,2.8602808564138553,6.377389738466713,7.676044543677506,5.224077007822755,2.575557949706425
0.16870366132079068,-0.023420030479249,1.1859140529323804,0.5131554945968916,1.7579517159103561,-3.6398504210223046,1.8021731004708803,-0.6729391249456965,3.5774215152094198,-1.2787825492442575,4.918827613095951,1.67441801900182,4.7542239368959045,-1.5533322066281812,1.960694137258175,0.45695267762225833,5.11612106442192,-0.4677332797427261,4.75928654429839,6.427898291479709,4.1272446078098985,2.8053907225802726,-2.3709844533976185,-2.0157482913835376,1.2845990369937892,-3.88308057444749,-18.020675356218295,-0.4644046985270417,0.20654200265572012,-2.4823980219415054,-0.4020641777485463,-1.7413114725574743,-18.020675356218295,2.3745168780374795,0.039178995589429645,-1.7447215352473031,4.863917262460296,2.161030699310949,2.9632687100214006,-1.1173091902245909
-3.416064284394141,-2.1050588250940367,-2.5175030991816443,1.8423095144879953,-2.481257148544341,-4.760031112849964,4.664148379737446,-1.9688993148488303,1.4655322600135294,0.029819168658360734,1.7209638751862437,1.7164798941866446,-1.7449686783801337,-0.7976408995137734,2.147301082753574,3.559438134943328,0.49411588344346347,0.32531749897471024,1.6607642286581599,4.048840164943187,1.913273081359818,3.066025174648615,-2.087174593503979,-0.48151043958063794,0.7940879842574188,-2.3972623695061817,0.5302319868271785,-0.3528559961005126,1.4183228832407206,1.1488937642817125,-1.2586743999874568,-19.20148063643995,2.972077311808039,4.4194701517520025,2.507706467556858,-3.356506775196044,3.1901050408653493,1.0449100177210517,3.144313064675516,-0.8975584418592982
-1.348540594873404,4.268610952825318,-0.6392785646165081,4.681137313474151,0.8710942785407575,-1.4960945204296314,4.8565273776492885,-0.4534109198794358,-0.26142628322454764,-2.760429942947191,6.4917125350203815,5.542635591700151,-16.876045834102268,4.678593164620694,2.96298495583125,6.044652336486414,4.967287148223414,3.137923116977063,3.9064130130994705,5.451840329524905,6.365775783644075,5.580675696850371,-16.876045834102268,4.372457278676833,5.547309990393077,-0.49943941077237425,-16.876045834102268,3.2058490019638755,2.586077023432624,-16.876045834102268,2.184803170891192,-16.876045834102268,-16.876045834102268,0.11751859587661617,5.391278507574639,-2.0027446347679785,5.264433890728063,3.5861149465411772,4.609282052315583,4.044651823263285
-0.8522224934771024,2.1072088060658913,6.360087096461221,2.8124934246049036,0.7284927667333461,-17.41115046073094,3.438844939633287,-2.3009124611997005,1.3025729693752053,2.948315108772937,5.088734134678177,5.150182565977227,-1.1317865770701188,0.6577007384958322,1.4848945249258427,-1.6105089031954434,3.3708087234976856,2.3644113762153522,0.9163179124761951,2.606146347961276,6.677222606100941,1.8018891183800738,0.7092356862213661,0.27701839994219885,3.156455225543436,-0.29058634496016583,-1.8945346193250066,3.0671990093331347,0.019862108445911148,-6.003574400369155,1.2563122409141447,-17.41115046073094,-17.41115046073094,-1.4254438836631214,1.4883697673245795,-3.6469321445231917,5.978958786620094,1.3885829742228522,6.033850838882917,-1.8022149878302125
3.926692421882184,4.948803599133503,-13.792002213020593,0.8299846572391001,5.136519711674736,-13.792002213020593,4.6437641782000885,-13.792002213020593,10.776891024925494,-13.792002213020593,8.106880162981707,4.545405622606333,9.404406349377894,8.08044544544594,3.029685925839664,-13.792002213020593,5.854628070995865,7.606099165623699,5.0011382443163255,5.753835378068009,8.268698568740902,-1.6372175987339266,3.3942465534853876,2.914990652617766,6.393101062797388,5.966596394935216,-13.792002213020593,0.8476842265064244,3.029685925839664,-13.792002213020593,-13.792002213020593,-13.792002213020593,-13.792002213020593,-13.792002213020593,0.9712981314740302,4.02811054989646,9.723922094705742,9.143530058827611,6.619165901892536,4.403031861930772
0.05124276099579879,3.0669171194714933,0.09409880792205859,5.830153301516107,2.4502320760429184,1.914461147964753,4.17987675283994,2.015054073326308,7.837184700446417,-0.8661431789880151,5.473452245426345,1.7739897655364116,5.765134464311029,-16.669528222092925,5.451308160414888,3.054771549025894,5.345259651773788,2.393795575504622,1.2050451012140015,0.018416449641929056,5.535426243378602,4.690684746254135,2.445249256450227,1.1921865402541454,3.2541181920077165,5.048233058998935,1.3033017129042885,0.6533399433379122,1.8084775979215788,-16.669528222092925,-16.669528222092925,-16.669528222092925,-16.669528222092925,-16.669528222092925,2.913208986212505,-1.5190163342384524,6.597889896951535,4.567973417942649,5.574925565604883,-1.1030800158097565
-4.507578176112828,-1.1075737059387631,5.952297262007055,2.934389568851199,0.014596758054047662,0.8404625143472669,4.288604971968241,2.7831269853911516,5.297002385207897,1.1898131022852545,4.031689181639263,3.1863736351101095,4.127313722475462,3.2533741009112846,3.0863248578509572,2.7356904645364555,3.779638362613883,0.35320097944362916,4.497704518736017,-1.697746958886491,3.6429549445652105,2.2151142993205077,-4.256264144656689,-0.010750899732894632,3.3262607814990837,-1.1972976054444209,0.3689795874317946,0.46136491762809506,2.0924363017874668,-17.74327202453685,0.29204032770803057,1.5137034135270757,2.875466284165811,-17.74327202453685,2.3715002333030717,-17.74327202453685,5.614539551588595,0.3986203273491299,6.225715247616446,-17.74327202453685
-13.688682362144915,3.6988929234392396,10.000034360163083,5.824860841847507,6.043111120386488,-13.688682362144915,5.352037095925993,-13.688682362144915,1.022916628539176,-13.688682362144915,9.02701727598509,6.226272328076443,-13.688682362144915,6.920877119306084,7.781295119165096,-13.688682362144915,7.708629382568682,7.190860464714083,5.512835880074606,-13.688682362144915,9.18477351274018,2.448235141189414,-13.688682362144915,6.718460776089663,8.980012079504364,3.558878073284898,-13.688682362144915,3.344102779384687,5.361939491789834,-13.688682362144915,3.8016087509087626,-13.688682362144915,-13.688682362144915,3.024947695633139,7.545944955570475,3.2592743363001606,10.862646878219556,5.6056321073899396,6.812177152916876,1.4459140746254422
4.005150842579949,-13.342877743605056,0.1015705822426981,7.471306827575058,5.8029816565802985,-13.342877743605056,9.792674766015553,-13.342877743605056,9.00907750103019,-13.342877743605056,8.645773914783168,-13.342877743605056,8.288570038083359,1.9358884480966916,9.049279118301596,-13.342877743605056,8.871873205934948,0.5021925874740775,8.616019435958204,2.4563892434562185,8.797369261285759,9.694883970580044,-13.342877743605056,4.2593193511466625,8.578884932198187,6.772206867821089,-13.342877743605056,-13.342877743605056,2.8438107921895526,-0.1435514732144618,-13.342877743605056,-13.342877743605056,-13.342877743605056,-13.342877743605056,8.091335899017986,5.367632772340459,9.784430795643198,10.04880032098531,9.094513895451136,5.7190251133088195
-16.379848394876976,-1.7401619553499597,5.429832310739579,4.518890602873609,-16.379848394876976,-16.379848394876976,7.804985295638985,2.6396688556585968,5.019113229524425,2.8020119446983105,4.730392661542861,5.583694210256553,1.353866047467287,2.1599478388426023,1.0700854578043284,-3.5319192315989247,-0.6562777636205468,3.0645774066564155,3.976518988553337,1.0436027018034972,4.7200165752291205,6.410826887651943,0.4981181154568789,-16.379848394876976,3.655715411734522,0.3983546342426719,3.2466235022026573,5.447958786099213,6.442032736997571,4.808534150369836,0.8821515657984371,-0.7675906603361443,-16.379848394876976,-16.379848394876976,4.2359881223559075,0.5161950842685238,6.290516883778652,2.651901424027429,7.104837779492546,-3.5319192315989247
3.6271554853445536,6.868058683880215,-12.91162230518667,0.8836865658677264,2.822280519781892,-12.91162230518667,0.7054385335652167,-12.91162230518667,11.738773450995028,-12.91162230518667,7.875087705254802,-12.91162230518667,8.609452484363041,4.934582805685237,8.56624322710285,2.5902873915330002,9.325548039696738,5.477567781994241,3.90560264771093,10.426998597586254,9.007642630723577,7.783532082627175,-12.91162230518667,-12.91162230518667,7.019758305169346,3.036870679868874,-12.91162230518667,-12.91162230518667,-12.91162230518667,-12.91162230518667,3.017731341947711,1.4107064575555122,-12.91162230518667,4.100927423919703,3.597163235956655,0.210743072215658,10.64069115246132,7.228766795207583,6.7540196266484624,2.774150937576795
4.281271770036099,5.286241938575823,3.9144221137365913,0.5363985520436616,5.1996220095341155,-14.756160958619443,5.7786404941421585,-14.756160958619443,7.272140376159949,-14.756160958619443,7.077813708271636,2.202207980948372,7.421123306575219,4.13571021630081,-14.756160958619443,-14.756160958619443,7.6338149760954614,5.634313859103083,6.68915044941532,4.2655516824675175,8.46885799296143,6.063668818209193,3.725708963051797,-14.756160958619443,8.650347910345795,8.908470191301678,-14.756160958619443,1.253235386898249,-0.863688433593544,-14.756160958619443,3.0813026820631086,0.5612025238161179,-14.756160958619443,-14.756160958619443,2.6966725928670807,5.051039123643546,9.091615516787902,7.9861672369506245,2.699038835528499,2.8595468119570806
0.39644525937539726,3.5944070198049984,6.45559262850608,4.096217653770681,2.952401733611783,2.405251089253055,5.223518717785933,-0.8343225078563318,7.4008730150649775,1.1094095644291029,6.691098272368225,4.87822826408164,6.208653155175709,-3.3449346431664964,6.465373420287173,-16.021014042937523,6.024151623890831,-0.0868411099478312,0.20772821763337132,-16.021014042937523,6.576632183078725,6.738374737793086,1.6152810619312308,1.3475562746350365,4.301191969873035,2.549378982852726,-16.021014042937523,-16.021014042937523,3.31138700839256,-16.021014042937523,1.3337152236222856,-2.466866950407201,-16.021014042937523,-16.021014042937523,4.476768007729711,1.9795954557380162,8.095926954605615,5.949723646634898,6.101706674590581,0.39347569542403893
-1.872285076390902,-16.666122133088564,-0.8250982435438956,5.630734725601736,0.575603602022907,3.9925198468126055,6.352138060066772,3.4596520998095532,5.161025418350316,-0.7850153135238017,4.482444119120357,2.525083417072794,5.0345445870951835,2.180479734071028,5.024910513793601,6.033304510219937,2.805240369271355,3.76692508509079,2.694136093421076,5.081046814402088,6.008433641721133,4.744846088884566,2.9520202665936788,0.5853092747920019,2.376693029545303,-0.18130213303844225,-16.666122133088564,-0.05638361661894866,6.118487464292768,-16.666122133088564,-0.5712950067154574,-16.666122133088564,-16.666122133088564,-1.36673665890819,2.42325940364256,-16.666122133088564,6.851748288716408,1.7668823704301533,6.950538111220718,0.07684191120959695
2.35023901671145,2.8930508460047557,1.3733339564226572,0.9910957394431236,0.896168152208444,-14.883653780434479,3.3045903779087884,-14.883653780434479,8.982866087095664,-14.883653780434479,7.642171330836239,4.3456433983386855,8.63227971597128,5.020538777621533,6.407881720556089,-14.883653780434479,8.179008231154635,2.1830062016779577,3.2642991959833423,5.673415786820277,8.017972033247338,6.6500888370529525,2.1148981908481486,4.0651815753025735,6.434115006040444,4.6603318680284,-14.883653780434479,-14.883653780434479,-1.2544715958431472,-14.883653780434479,2.5497771695416693,-0.4803560020126851,-14.883653780434479,1.9160224652940085,4.973396379647978,1.21932833423663,8.71593785239663,6.990171426119248,5.240901949255191,-14.883653780434479
-14.175732363418788,5.700348942385084,9.517966400516654,7.474590045616972,8.336099516025286,5.53525483499417,7.017718336974448,-14.175732363418788,7.881541942798054,3.6674486413153775,5.966946827965616,5.983887075335116,-1.9696547179011152,4.558736707376574,3.476646547933888,-14.175732363418788,4.385926982478228,5.32617711698259,4.984024497757471,0.6105574904915169,6.329613755457102,5.70277239511981,3.032943438112526,-14.175732363418788,9.45652851438373,-14.175732363418788,3.2059249115416804,6.110717009057333,-14.175732363418788,-14.175732363418788,3.7601153532808778,-14.175732363418788,-14.175732363418788,-14.175732363418788,4.7756354592771295,-14.175732363418788,9.14024913902418,3.901330689851887,9.936657936607274,2.126350206847219
-15.414193285613893,-15.414193285613893,6.725466830642948,6.351128598112869,1.8147725843352684,5.131487759533173,7.659703722303943,5.565712773142418,7.986801679807586,3.649866501919433,6.089699333039718,4.508406975232392,-2.98497308877751,0.8978231403540523,5.522488947695965,-15.414193285613893,5.883233473216001,4.430727684280029,2.42559697800049,0.3226420923459532,7.406312261865463,8.283456052975533,2.2599395221484575,3.706808847610675,5.044012658220526,-15.414193285613893,-15.414193285613893,5.25452132511741,3.573277455695332,-15.414193285613893,3.1374280063717674,-15.414193285613893,-15.414193285613893,-15.414193285613893,7.185029163681204,0.6007617172896519,8.067029118878873,3.278116373089375,7.172239086799501,1.7782219955964964
-3.403000093635315,-1.2708217243714197,1.7851469857830409,1.4213528003197735,-2.3227797088682767,-1.3448918221274948,2.4912730245799293,0.6458860500020522,1.6521165814066021,-1.2033947157574807,2.0540849891012227,-0.27054953586946673,0.33158346783322196,-1.1047149516202466,0.10779097825615215,1.1478051804693097,1.0741793578909367,-1.5787857745016531,-0.1222970989009641,3.72726954231888,2.6299831603676393,2.502146695718618,-2.673497662702635,-1.510388585080985,0.4619675063678859,0.8838218237451615,-1.5682342245103238,0.029087708078665064,0.25566976010564096,-5.341326202915565,-0.8867557932441688,-2.577186985628396,-1.0217254134119482,3.721333217398449,-0.5098640593350886,-3.8865202236817487,2.874319529518799,2.666994103555019,2.1041386120936014,-1.9712164987474252
-3.320446956338512,1.7120200120370936,6.226453148425553,3.867832748216706,0.6697247413944654,0.5572780023651001,3.8157402292684193,-0.5103528607508099,1.476626772340423,-18.221147120476537,3.415665688074066,0.4701712689472809,-0.7810289717589087,2.0576112808567637,2.3694897747996815,2.9552495479118708,3.139969866054271,1.2891388063474574,-0.8955847460426587,2.8508229794618773,4.190192193354155,1.8833923181334802,1.0754605933251813,-0.577647530940808,2.3877286692375197,0.7395296303691058,0.3381645003505442,-1.2894580915561635,2.6895936393336743,-18.221147120476537,0.5102484023674121,0.7266262256088799,-0.1633031082027003,1.5505375404069355,0.7730523222156339,-18.221147120476537,2.273459985724468,3.1645231447108992,4.836835028455012,-1.8118754330737668
1.0718737543945362,4.494694173396045,3.9919764367759805,5.30808353885983,-0.41340199312973414,-14.77703453763821,7.12338054750296,3.568060230142719,5.88332344897069,0.2739477824090025,6.823498419019398,0.4371931483580609,6.929462665310039,-14.77703453763821,6.6614334711380705,-14.77703453763821,7.196932143371424,1.6492809104648212,5.295990341674715,10.015663099725954,7.881424223666705,7.066040667734978,0.4494632379387349,2.3438964832782347,4.346248550597802,6.340723087494928,-14.77703453763821,0.44211926548078256,3.0925193031267115,-14.77703453763821,-14.77703453763821,-14.77703453763821,-14.77703453763821,-14.77703453763821,6.5770561683229065,-1.2900266577580484,8.138690093988068,4.8780124188700755,6.621153408086668,-0.20540153046914517
5.359145435313491,-12.522653104231257,-12.522653104231257,-12.522653104231257,5.874861371923636,-12.522653104231257,5.381016273638114,-12.522653104231257,11.372780943442486,-12.522653104231257,10.750139931604465,3.5954426467270575,-12.522653104231257,9.556319012324787,8.392166541648361,4.793900200530801,7.715860882744282,-12.522653104231257,7.198083055449255,8.36124237949173,10.275319332353643,6.213495105475304,-12.522653104231257,6.178005115345345,9.076685454716932,5.981265247492489,-12.522653104231257,-12.522653104231257,-12.522653104231257,-12.522653104231257,7.620972794734199,4.375684479967455,-12.522653104231257,-12.522653104231257,10.04559222249291,5.488855684737324,11.590803092122714,9.892726805501953,6.573621666122005,6.175810887568251
3.3891481563006924,-14.525528670751394,5.933680471675387,2.6178915089732078,5.806293300928221,-0.1676932405665788,4.67759136581257,-14.525528670751394,10.43116604996928,-14.525528670751394,7.391383839366696,1.11291713546026,3.6218987505436426,3.509489607094869,5.930563355680854,-14.525528670751394,7.227363726564948,6.268167671391234,4.399315560133518,-14.525528670751394,8.02544437017647,5.02768258329471,2.844186466604333,1.1920895628635204,6.53706959499264,0.6911651071319097,-14.525528670751394,-1.677599507473341,2.7662867722832996,-0.26533165050023894,5.809261911181217,-14.525528670751394,-14.525528670751394,-14.525528670751394,4.2720805300265985,2.926514887298126,8.567360154381214,6.128354934274271,4.607071943991212,1.1289431169077282
-14.35650868898551,1.3566218788313227,4.507831715289827,7.648837558366094,0.8502840203658819,5.387526618975278,8.432971596186308,7.016109169043559,5.92276428810623,-14.35650868898551,6.1741670509025335,-1.482604106780404,4.659596152511472,-14.35650868898551,5.857663358703452,6.602635270136289,5.109489050092545,-0.46403616395961034,-2.438111449262673,-14.35650868898551,8.999609552569082,9.151139797676349,-14.35650868898551,2.9222346728886923,7.927725145150408,-14.35650868898551,5.902942330054394,3.452973475480464,7.601626694330339,-14.35650868898551,3.418099300873167,-14.35650868898551,-14.35650868898551,-14.35650868898551,6.029674726614847,-0.4276685528574886,6.6948227195278776,6.420800159359173,9.379704390031572,0.9496564706480976
-0.8276789920116633,-16.899730809180614,6.397784085654544,4.437119386030465,-0.18279860218853525,2.6676855017983123,4.952197907436272,3.456073547751742,5.918451217206873,-16.899730809180614,4.2315302663925705,4.548248703026629,-2.5189058739846213,-0.47341536107758053,2.787672163568335,4.03877543212321,3.170761743264987,0.8881450020468152,5.321406541377492,2.565880116707167,6.321016449418242,5.7403576350945995,-1.1746775981837627,0.8554179407000337,6.730354117095213,1.5031932233616472,1.4433126758519061,2.869724138573303,-16.899730809180614,-16.899730809180614,1.0953841702611464,4.1046229069863545,-16.899730809180614,4.478518137249549,3.9908444652851878,-16.899730809180614,4.169448272488058,4.545910859471471,4.103943210256474,-0.7579185339487315
0.08488786699754698,3.7509660694133444,-15.488480780932878,3.216777228041111,2.3618012654083165,-15.488480780932878,2.762004597878737,2.1703456058722006,8.029389029481456,-15.488480780932878,6.770531217569509,4.57327219416457,6.781879370249996,1.5889651296742184,5.834719855400146,-15.488480780932878,8.34485934061689,1.772244076008251,1.841258210426361,0.5153258357309302,7.942413168115379,6.619170095788945,2.912099301515524,3.202150769075123,3.8167110324867752,3.4160448646177906,-15.488480780932878,0.4799542116150463,1.4171627715027748,-15.488480780932878,3.5852020084798144,1.1070905761446148,-15.488480780932878,4.797829282361985,5.619387375733287,-15.488480780932878,7.570701438211186,4.653858806355746,5.213908653446974,1.1549349990784878
-2.468584168994748,0.8798565922112161,3.898291608360776,5.29907579297269,0.6320082299039009,2.337483683854705,5.768131028825761,3.962719796815518,4.590030388177575,2.1534701720894343,3.4905792790197387,2.1125207102784085,2.6359796037050036,-17.565028850198825,3.5657932408850357,5.847071068592146,2.712824503090961,-0.7739886749776732,1.2110159859013534,1.2477615535708462,5.105802907256461,5.0961092038643905,-2.2679135240376342,1.8840920480202898,2.9327156119003877,-1.0158002794065077,1.8366811305171826,2.5513775899468207,3.6178998345554936,1.5354098422618654,-17.565028850198825,-17.565028850198825,-17.565028850198825,-17.565028850198825,4.24304780543998,-2.745216316737384,5.152264965298536,2.54310584802218,6.078709471269095,2.174817718540343
-16.130749111928317,-3.18273674071922,1.7496772147316801,4.359335465295908,-0.5301679051015644,0.6689271338001699,5.772469340933338,4.587524284500054,0.7124768138691471,-1.8641622976613548,5.4695841841516915,2.0996182373968266,3.557160888801107,1.467586535750727,3.7870963042129993,0.5267596779569413,3.497786892852581,1.1554849214412488,3.7086205790001205,3.483217537327071,5.797777699596354,6.887116016308318,-16.130749111928317,2.6754661114442038,4.482087832365462,0.13144696958384156,0.6228646597194113,2.727928471587975,0.9641678082947911,-16.130749111928317,2.765420197716166,-16.130749111928317,-16.130749111928317,8.724093165012533,3.6178550824678792,-16.130749111928317,6.21577667169836,3.3102219575215903,5.35981544867539,1.4761975110381615
-1.0229558987662661,7.595575397540861,2.6357542391583824,4.203498729484503,4.639937185357853,-14.203590071085243,6.133851508728806,-14.203590071085243,3.6500473867333683,2.433894493787953,7.66406415748428,3.6190718555838783,-14.203590071085243,3.665963769679679,7.426114122488348,0.9573931138952989,8.306221668203873,5.050608310619524,3.5805128626950897,-14.203590071085243,8.988322605244349,8.627425328002406,-14.203590071085243,3.8634112521511734,4.308849107229918,3.3419419083164645,-14.203590071085243,4.524354767401189,2.470113403783305,2.2307751820630646,-14.203590071085243,-14.203590071085243,-14.203590071085243,-14.203590071085243,6.863676733897707,0.9881647646706405,10.348722732291307,7.211206641403624,9.16728216220272,-1.4378987804808714
2.02754455868769,-0.6770311364639143,3.5417960118129628,3.4707717198318644,2.783543067776035,-0.5624646031837388,4.429176758696929,-2.0236594190981787,7.914508603088371,-15.73381057251512,7.015969282492851,4.231449513656865,6.900509219240335,-0.7772666905100178,6.012690057852397,-15.73381057251512,6.487277583601957,0.9236982173701385,-2.205980753670183,1.8681597905776905,7.450338140491748,7.987694891994355,-15.73381057251512,0.4481984979954779,3.456005702630663,3.886865077405915,-15.73381057251512,0.4434970323257476,0.6098258341655869,1.2803731438161605,4.666615680882407,-15.73381057251512,-15.73381057251512,-15.73381057251512,6.279571819743246,0.841709988773212,7.56802983724269,5.129573665876062,6.6999450237068565,2.0277378887957194
-4.464674181991719,1.3036446927936785,5.594867097688079,3.8264755193617757,1.5242317863504151,2.3986378472279073,4.270674406804975,1.8737673963737014,3.7503128535750143,0.9670926684155695,5.650459184999881,3.374731947247893,2.9272372673966154,2.127289242718458,4.1873564612675604,-17.525164283335272,0.8986116754934923,-2.112288191742037,3.963992562482109,4.790543855592451,5.651744548808176,3.6429924826826943,-17.525164283335272,0.22373932537047508,3.415717858603867,1.7050679534977184,0.8854661348646029,1.8023627377012064,2.4249583331220355,-17.525164283335272,2.7555107378523496,-17.525164283335272,-17.525164283335272,-0.902663516027412,3.8990432781331155,-1.5838056915452703,5.595383001784989,4.558539500442351,6.299056983434588,0.39974365589506156
-2.430589601567181,3.891461258348557,0.8214936458484732,5.481071067164164,1.1383929351725812,1.891044462999473,6.125315882980356,-15.984736694097503,7.486344780574602,1.2232668385235277,5.506681750336684,4.194508615948196,6.10089703557125,-15.984736694097503,5.227930906442619,-15.984736694097503,1.9947999648345272,1.9694542558528012,1.444929798724426,0.6089718870214652,4.466772912926273,6.940171724305597,2.4628780608291985,2.3462381477088954,3.4774214573473055,4.178180588255563,-0.8744986945662633,3.459221977225514,3.1328840336345762,2.1254709027429706,5.1807503917248,-15.984736694097503,-15.984736694097503,-15.984736694097503,4.836816704939242,-15.984736694097503,8.450150283367844,3.224901289803967,7.306102746347401,-1.4962811526868514
-0.9429524023696911,1.933022342947612,4.538636233226525,2.8367031064812416,0.2349551530090008,-15.48116942857223,4.041218812278579,-0.4687103791042268,8.314609151252933,-15.48116942857223,7.05096533926104,0.3098102193851472,6.498973758609483,0.6248537423663899,6.876160589929681,4.9705369991417125,6.529385019750271,0.5589647890244797,-0.04231785576622506,0.7111057134108473,7.658958843789887,6.531268449029211,-1.2601930958333474,-0.47477100187935417,4.45974636254007,-1.6458552629201004,-15.48116942857223,-2.3996259623569935,2.137218709865883,0.33311490350577067,3.2108353288427924,-15.48116942857223,-15.48116942857223,-1.9141189478559957,3.9644411859489352,-0.5940749118620712,8.646505294331535,3.291786602005046,6.3658597414473075,-15.48116942857223
-2.186083896733836,0.03659981976725182,2.52314010443865,4.045210432588879,-0.9051501875400991,1.0048580388881965,4.366439951196394,1.2009888634880714,3.2280269187055004,-0.7723397111220012,2.895671795187913,3.1176900648298047,2.0229079265977448,-17.669301463935415,4.7968609255982235,5.168742894101175,2.7243624828181745,-17.669301463935415,2.1645589723519065,-2.5953296322702655,4.804924417082162,4.655043447696675,-17.669301463935415,-2.2523849636214206,1.455763097447016,-0.3122520107871994,1.2914335602702383,-0.09142865186859657,2.4709622457324407,1.477864525023465,0.7242136222195622,1.0309787838362414,-17.669301463935415,6.857130312545821,3.0277538600174667,-1.5024155535695713,3.115943372302878,3.715409306306528,4.284321042173139,3.0867896800431263
0.518517873913153,4.678034345359044,3.593239240067643,4.113483387994865,1.5699862153211606,3.302370429977619,6.111993918940266,4.063747804905549,6.689609582890296,-15.362588945651607,6.129483340589768,2.7334690918717794,6.388043773780616,4.568813740003206,6.739533662235332,-15.362588945651607,5.9676505261500825,1.6288899779232429,2.7432440714767137,1.6372060338191143,6.475267510813157,4.028378173725669,-15.362588945651607,1.5962114933649092,3.7749066810439382,2.933321922673685,-15.362588945651607,2.3104884530640772,3.9162024223480736,-15.362588945651607,2.789035203059434,-15.362588945651607,-15.362588945651607,0.9107996753291817,4.077660883235918,-15.362588945651607,8.430400523106952,1.664168450322703,7.875050915277617,-1.0584977593719187
-4.420150318087892,2.173879365594695,3.6573334196005716,3.053936524283823,-0.23667690982119213,-0.5005567005971079,4.293769500872979,1.9303390760374892,4.699862702558848,1.2178477517291855,3.9393773595308885,1.476306671719177,-0.5392746945678689,-0.4976497218442103,-0.22545843864770235,3.9928350997945645,3.616230513697447,-1.8552015760107496,-0.8530625688690213,2.357814465405859,5.066421154471696,2.058645355727675,-0.8325662303486026,-0.7346104151835069,1.8746598097733294,-1.3215612956854499,-2.4488515088436973,2.508667565140895,1.7644239336336225,-18.641126650826774,0.23425371745783916,-1.6576125562805153,0.13154810557862553,-3.163585540555927,0.38725231729908305,-18.641126650826774,4.856904288387851,0.8092806509955518,3.7605414364869434,-3.29305900878166
-0.1085206520918724,2.374903359542699,5.854665193812596,4.3482673065762425,0.2971560526623256,1.826262002034502,4.51673839409301,3.5587296840449505,6.537657861820041,2.6847261696821114,4.298415311124272,1.5337684740059991,3.578881459000836,-16.68087163881985,6.74416941939155,-16.68087163881985,4.176715279739642,1.3486906055176098,3.3341333817870247,0.3341280709954681,6.941058147300413,4.744709225756301,-1.0012807950091471,-1.4207975757626807,4.2941718532124735,0.7740655158062318,-0.8898919908624725,2.050450589048973,3.1160026265983567,-16.68087163881985,2.220999929949285,-16.68087163881985,-16.68087163881985,-16.68087163881985,3.84504021971682,0.5785764864214158,7.171026665184566,4.599841923798282,5.965835225235183,-0.14406558721387372
2.0246749141808214,0.6248353299979198,-16.978947448593,2.1328283768034493,1.5911872571394825,-3.2360065081953238,4.51049295791162,-16.978947448593,5.442881941329291,-16.978947448593,5.837217716551035,1.5142399954467074,3.3538945919173213,-0.7619117592000721,4.587758818843536,3.1423820896724988,5.71600349102531,3.225510996525784,3.990154505497229,-1.5701281568724987,7.281980979815856,5.20462964628336,2.338229403985307,0.7581403474140558,3.056298045075034,2.417575135628793,-2.0884341263028814,1.0765940731299108,2.3139885458238405,0.8895647254291489,0.5891213636060504,-16.978947448593,-16.978947448593,-1.1769332074339587,4.031007468701679,1.3059135836715827,6.58283880150252,6.164255313026543,2.7986245946845374,-0.7746740096505143
-16.957167600126354,2.6480584535447007,6.356739332420288,5.483380178617249,1.862490592508679,2.3491797102807483,5.172981680849803,3.0334198970034247,7.235877516673428,-2.1192057547473695,3.7993879356519566,4.152740638033179,4.686237553780857,-1.7806802326162565,4.687647120751093,4.116473379314685,3.592470777792361,-1.5442915085331201,1.7180003191732907,5.467590124464716,5.595683215748572,2.9498790609320484,-1.735559808648001,0.15195516593966144,3.7732922983931285,1.949759154766916,2.752387603994126,1.394270251800815,3.3431919126183405,-16.957167600126354,-16.957167600126354,-16.957167600126354,-16.957167600126354,-2.2578890887704306,1.3767562908060433,-3.121853434474225,4.023310793228841,0.7190726899311461,6.104790547316181,-3.1517063679150823
-15.9550740429595,1.9068155904175716,4.524233104235072,4.636008065426526,2.5712271918542084,-15.9550740429595,6.618053490939101,5.793369217606181,6.009847591607646,0.7197762209597974,5.430756048584589,3.9323513813168076,2.452622783565255,-1.302315527561186,5.166840389706025,-15.9550740429595,5.1671893666030355,2.205150627769892,5.523144076263815,3.174233457324394,8.118568401220408,5.941633223584969,0.9335927317984389,3.044857040475879,5.22655923525183,-15.9550740429595,4.088177993790833,1.7508272407431642,3.943294492823612,-15.9550740429595,5.279025418320896,-15.9550740429595,-15.9550740429595,-15.9550740429595,5.802151777622084,-1.4364654785327315,8.089549114144186,3.6294135486836256,7.038800033711981,1.6613044934181196
2.2156130448731184,1.7911171294116532,-0.8755582612004406,4.492420031287529,1.3929290814608741,3.801377182581157,4.428142034422876,-0.2010497524039465,4.9430649318868705,-15.949530092865588,4.962329258463749,5.433662176165987,5.274347382845944,-15.949530092865588,6.3181977065993316,-15.949530092865588,4.943039604637725,0.8501461528628985,4.322593124046111,7.122062550006228,5.73885854438927,6.644631356484662,-15.949530092865588,-15.949530092865588,3.9480395476348495,8.007555746440882,0.02006566578356065,3.0134749477260914,3.3075753306829117,1.244932271896683,-15.949530092865588,-15.949530092865588,-15.949530092865588,4.7902683256987855,4.567043624063031,1.7047874297148313,7.314099964024412,5.683742775194351,7.174117922056368,3.2226139131863163
-1.3290039510962826,1.2776945017194572,4.857468740634782,4.868587180485247,-2.6155309832058347,2.1787484087005238,5.125138135881799,3.42342541215987,2.546274203241629,2.2843755022995276,4.417091703263057,3.6725597320175685,2.263829064115208,-18.262021883807844,2.9496705825746714,3.654726931412969,2.9247263660231275,-1.442314924298867,2.087611760001787,-1.0737133844095588,4.555091232249218,4.9609915953209835,0.28184947954067263,-0.3124653807519758,1.7417733329624536,-18.262021883807844,1.8521805367889554,1.4869002924652244,3.315003747756064,-4.974142373012122,0.8027733523784303,0.660645541296578,2.835211514874734,1.6834752670244875,2.8893638271299364,-18.262021883807844,3.632784471027762,1.1649365412656092,4.4003495753936805,-18.262021883807844
-1.2474870844516348,3.40740178514182,-2.079989521884493,3.7946387967482,2.05972695397892,2.348153016862675,6.308876931133613,3.6970111006596307,5.909332827143494,-0.0477918499885045,5.5167238038313835,0.7518480555507078,5.421476736337961,0.05290378515195989,5.993455221590299,-16.656306376172136,5.8193559402348765,1.18598344235014,-2.7097666786088617,0.9649774096195648,5.944869103081747,5.328169509449618,-16.656306376172136,1.2115107500495739,4.593585596988907,6.028093141741771,1.6893275042366633,-2.5333103831660555,4.149985407392979,-16.656306376172136,1.4798871995157687,-16.656306376172136,-16.656306376172136,-16.656306376172136,4.914830014712645,0.7682284377348639,6.903362418541211,6.659512761096245,5.598392587776629,0.054563536478498355
2.7455055149843015,6.025019071552282,-13.594933447181507,-13.594933447181507,6.760379807361285,-13.594933447181507,6.509141743178213,-13.594933447181507,9.110932580132895,-13.594933447181507,8.244984314992191,7.363839200852683,-13.594933447181507,6.145714874765392,5.417249279103556,10.478848921071405,8.572928677567425,6.133296028022975,5.054236542367169,6.87239443357554,9.695443255713693,8.241396414229248,-13.594933447181507,-13.594933447181507,7.958973726258529,-1.2490945114595393,-13.594933447181507,0.6058401918452896,5.7740404486445245,-13.594933447181507,7.5328036715245545,-13.594933447181507,-13.594933447181507,-13.594933447181507,7.328068103631593,2.4792104207408325,10.357977220221239,7.298066726341715,7.121428614455038,8.155509541685516
0.8927357146590519,-15.220347494978231,-2.4836436572137415,4.079212833602595,2.719551762729899,-15.220347494978231,7.0953057168347184,1.9450671853483665,3.5898044741020994,0.288942307677407,5.509963467687797,1.717087405850071,5.949915593021507,-15.220347494978231,6.786285336310143,0.1277201470668839,7.499171191017895,-15.220347494978231,6.318681306510615,4.294970986233441,8.472614087833561,7.294657811162902,-15.220347494978231,2.198484655971448,3.33957332476583,-15.220347494978231,1.2363610283762476,2.706036943552797,4.550715420336189,4.280374155452625,1.6243301609821696,0.965406897911843,-15.220347494978231,5.785055068118502,4.551596112511227,-15.220347494978231,6.164476811930957,2.9040812392873763,7.782970463769185,1.5752740064242774
1.791295314516071,-15.211806819547787,0.933904095719765,2.6143043253281344,-2.9569392479547583,-0.456288612467119,4.368361786927437,-1.6974000030169971,3.892475697168947,-0.6882599759191017,2.4705201719314327,2.712444197350773,1.6782472386054867,3.5686440802289794,1.6128457482143848,3.058980846447061,1.267453750308525,-0.21764095754960738,3.4383175962170247,9.876874700967468,2.934042277094707,3.2553757676016253,-15.211806819547787,-15.211806819547787,1.1165498379310017,4.523000739909494,-15.211806819547787,1.0726504532997585,2.084943858521408,1.6044236032327588,-15.211806819547787,-0.8424105736445977,2.4279878513706863,3.690744369891418,1.915341079822432,1.664755524929526,0.7187538281909442,4.73920369448956,4.154179625232865,3.7313514068415103
-0.7190825454622538,3.470293184017049,3.563068530081395,3.634462566339448,0.7154795521706254,2.150555183673564,3.5002004466813594,2.7478888464508726,4.635389624245947,-1.3886172117380282,3.816141615484444,1.816608028100349,4.242207750100637,-3.1002747731190072,5.863566252365766,-17.774447373849522,3.767117022276933,1.125568332969412,5.48196671400207,2.8202802989608364,5.031560801274177,4.131315301181614,0.9276458370881969,-1.570173934907037,1.2678845543282862,3.2535493753855484,1.106060399210945,0.17654970566290762,2.0407686836037926,-17.774447373849522,2.4050391159102698,-2.980610317151863,-17.774447373849522,-17.774447373849522,2.9457036179998175,-4.757442289883269,5.161953571859632,2.7909475395698884,5.637079476880601,-4.61286136021684
-14.340154423974875,-14.340154423974875,1.6247901640393803,7.32674490162661,1.823870254382824,2.668298617881998,8.155698256580674,6.003927899718352,7.7741072052738245,-14.340154423974875,6.589946705382721,3.211357719021343,6.3265728080691614,-14.340154423974875,7.0384892271847175,-0.4202829497858628,6.974242479677746,-14.340154423974875,7.279325960544206,4.577658622694204,9.398900693278236,9.001769222972976,-14.340154423974875,2.649234634767868,5.307707712371484,0.12245989960801021,2.9937438127101563,2.319684011557512,7.856145239345578,-14.340154423974875,6.2993166763156765,-14.340154423974875,-14.340154423974875,-14.340154423974875,8.36960124161407,-14.340154423974875,9.007162423238364,6.709511669204862,8.756244434484364,1.9954691199625387
-0.176749615322598,4.999765138599949,6.9323889739587825,5.838190378000492,2.167691119188443,2.4484540635958196,6.037259227407498,3.672667786758028,7.2427510489695,1.5805621428117795,6.0878790686189985,4.2691555618509245,6.515410922086779,0.09731773737165356,0.17450163711581243,5.75666005120917,5.668784963845141,3.5564179855559184,-0.0633738287941118,6.536342698502704,7.662133404144858,6.069707226124239,2.9795206090070714,2.934417459921091,3.1922732819269144,-16.017773504867264,-16.017773504867264,3.8085384352132547,3.3209963568934477,-16.017773504867264,-16.017773504867264,-16.017773504867264,-16.017773504867264,-16.017773504867264,4.982093235278467,-1.455574525481479,7.591975985584227,2.2433251809908406,5.470704328004493,-16.017773504867264
1.034332161896954,4.812746905987338,-14.5662490449298,1.213572887713124,5.340005626498004,-14.5662490449298,1.843769747420152,0.9393575129878579,8.629347191324506,-14.5662490449298,8.410378026914609,2.3929827074239496,8.431711540222558,-14.5662490449298,6.3385797286310295,-14.5662490449298,8.538544295363664,2.205733124637242,7.5176394366365455,0.7125171467719486,8.595532148130724,6.329052295784016,0.6723700882409082,1.1894411310589537,8.205046353008704,5.121942526967805,-14.5662490449298,-14.5662490449298,1.4771231675911989,-14.5662490449298,6.6504317261333465,-14.5662490449298,-14.5662490449298,5.599117032611655,6.155014790347943,1.8549098543738447,9.014857897263406,6.198590504885819,7.854392319199679,2.3834505732705265
1.1401357452947978,6.3424374236969285,7.579326709691276,4.9680135021428855,-13.211868767979196,-13.211868767979196,5.329967106388603,0.6619116415048357,8.72036338523413,-13.211868767979196,9.693882444982279,3.490117133374567,2.6830834566649067,6.904372539096647,6.319023403779524,5.116038586792945,9.97002048772054,7.158813744354475,6.551963946806435,3.3649168155357096,9.249616863109145,5.139997670685183,5.43131533040508,-13.211868767979196,8.859862348425382,-13.211868767979196,-13.211868767979196,2.7425309080939577,3.820515652262766,-13.211868767979196,-13.211868767979196,-13.211868767979196,-13.211868767979196,-13.211868767979196,2.333526032799995,1.1689561672167958,11.631167958301443,5.52216180248347,6.648386408905631,-13.211868767979196
-3.6275569044841873,1.115107130696825,4.0804878144117245,4.598870649216185,1.9945398523011033,1.9567603970056249,5.501434526595355,3.7109917078690424,4.894295204313426,-0.9627921873085324,3.843870355832346,1.9061197133379288,3.9752177582933097,-17.40224650959433,5.6346699707938575,4.530125931448019,4.0928898845741,-2.6350776898182984,5.366937694167873,-17.40224650959433,4.911663743350138,5.993536301561706,-1.2801587377648846,0.6766479169876486,3.0625982794771422,-17.40224650959433,2.431565251865286,2.3854438366147384,3.2625954082745277,-17.40224650959433,-4.184571134205512,2.731547244731124,0.6509872078778245,-0.2805820819979043,5.305797105393137,-17.40224650959433,5.562261853475056,1.8316728996099971,5.694442122512694,-1.7211064790367963
-1.3325710695244495,4.064393591572342,7.619323461034391,4.154659572044515,1.5585350304751444,3.0533498267865626,5.464107536430826,3.521750451195445,4.99887873464823,-1.2272105803216429,6.0632883055098095,1.8039575545855377,4.638778236048339,-16.47780590167045,5.769102458598326,-16.47780590167045,5.325731727553345,0.8830024107897654,4.057924812635393,3.5129688360532483,7.05636932638768,6.493490632899698,2.88221782159507,2.1537028759726105,3.0670249179871494,-16.47780590167045,2.579504585297415,-0.46507065525885094,3.01147456253885,-16.47780590167045,4.443712255096372,-16.47780590167045,-16.47780590167045,-16.47780590167045,4.368367596247634,-1.9299269692238334,4.510290387738832,4.673006119448654,6.731549218893483,1.838957739957228
0.13813125091289313,-14.225501293595583,2.420277157192198,1.865223263341522,2.6805971144105754,-14.225501293595583,5.7494851322661935,1.0670582170675218,9.805858575070737,3.679843687854911,7.169059698542219,0.898342354289103,7.933867597620503,-14.225501293595583,6.621564994438336,-14.225501293595583,7.7172809183479325,2.464703265979032,7.3113711752138215,0.188846314907793,9.473198186670517,8.626522301405606,-14.225501293595583,2.642594396752119,5.634255999287109,4.143149052796476,-14.225501293595583,1.4525379597644439,4.131280735166395,-14.225501293595583,6.071785456526044,-14.225501293595583,-14.225501293595583,-14.225501293595583,6.566394683325324,0.97630387548855,9.641535283772491,5.337393868585887,7.400645768720449,2.4459046502391932
-2.472698702542705,2.6334644336930175,3.517298252215674,5.392213805290671,1.5439067673506532,1.6217954402183523,5.867550043815651,2.1005050689840035,4.334885840539395,2.9613959040898523,4.095303233585195,-0.7109739902707752,4.242747106344431,-17.781113581404203,3.489111139448996,-1.9984905268738835,4.717140199210282,0.7150456329970639,-1.332994945613855,2.9818536233548354,5.780139480650339,5.286091361605539,-17.781113581404203,0.7286763467673943,1.6409340704512052,-3.3722756256761603,2.0010820348665517,2.3896535825032457,3.4083549208932826,3.135998811164547,0.04644631415161257,-17.781113581404203,-3.1197343266778637,-1.4790310111381963,4.13598078051118,-17.781113581404203,4.777722847552052,0.5195441312236594,4.197691367269249,-2.6518790863377064
3.232025680456471,2.504614933235395,6.830190439251914,2.841920617138264,0.9832686846864184,2.056421023951409,5.877278942408252,3.3525518297100874,6.732857356900448,-16.349146092343194,5.0288898565617215,2.762379188117969,5.840151382372723,-16.349146092343194,4.82048364492262,5.2801419354047034,6.2635441948228285,2.3768847290830144,-16.349146092343194,4.767782141266813,7.842092830572704,4.39075068171727,3.4108684264857625,2.2441425246301634,5.605962547594848,-16.349146092343194,-16.349146092343194,1.974032081272077,3.2415990107873918,-16.349146092343194,3.2780442385794784,1.326673056424048,4.816411677799705,1.4400468702400167,5.844509360186606,-16.349146092343194,5.531258770104311,2.1065156301606565,6.188874451899462,-16.349146092343194
-12.799224030312573,5.494418491823673,7.401666408603415,6.11846735445552,5.012099077202026,-12.799224030312573,8.863369146923931,-12.799224030312573,10.88333724849022,6.592803655047754,9.828930536672058,7.618046398700079,10.146002356162393,5.600947847215458,9.212312560206778,-12.799224030312573,7.502538777352152,2.861586921785656,-12.799224030312573,6.208020414359308,9.691488091450378,11.346565817143022,6.116640647510414,5.30441449961213,8.768226254377879,-12.799224030312573,-12.799224030312573,8.4037358325815,4.792718901677759,8.798760263014014,-12.799224030312573,-12.799224030312573,-12.799224030312573,-12.799224030312573,9.829504891022722,-12.799224030312573,-12.799224030312573,-12.799224030312573,9.591758061298355,-12.799224030312573
-9.813862185090915,9.969741936217215,7.0589460491000775,-9.813862185090915,11.025166872168644,-9.813862185090915,-9.813862185090915,-9.813862185090915,9.75976119523167,-9.813862185090915,13.65857532269478,-9.813862185090915,12.176356889411455,-9.813862185090915,10.426501190812745,-9.813862185090915,12.41326991545584,10.413647249888177,12.518855564391593,8.18369853078174,13.623939442712896,12.18073319020516,6.967951887229841,8.359510393353679,10.312838570957664,-9.813862185090915,-9.813862185090915,-9.813862185090915,-9.813862185090915,-9.813862185090915,-9.813862185090915,-9.813862185090915,-9.813862185090915,-9.813862185090915,-9.813862185090915,-9.813862185090915,14.598976615461122,10.777550850750467,11.665084220084601,-9.813862185090915
-13.054455432167186,7.337510768564498,6.875776590606787,7.536592436092873,8.967701494219702,-13.054455432167186,6.215392856080743,-13.054455432167186,10.239170482549577,-13.054455432167186,8.99881479864436,2.0934214087436307,10.235786936979077,5.708395576623302,9.184768062294701,7.885807103645082,5.502939143823199,7.335461287539624,-13.054455432167186,6.027210810700151,11.392039351918967,7.236518660208126,3.192033521510276,-13.054455432167186,9.675443322229398,4.421535131109491,-13.054455432167186,-13.054455432167186,4.285649415066927,-13.054455432167186,5.811936254865559,-13.054455432167186,-13.054455432167186,-13.054455432167186,4.165912501502287,-13.054455432167186,6.544726453214842,9.527182804725019,6.364648876882455,-13.054455432167186
-10.774464177863004,8.031546998579403,11.81193715797534,9.207975698637659,-10.774464177863004,6.902197076199429,11.767937940253995,8.392145936831207,-10.774464177863004,-10.774464177863004,11.378253685160464,10.151750667128404,9.903239281052931,-10.774464177863004,9.875908334638696,-10.774464177863004,9.837042941851328,-10.774464177863004,-10.774464177863004,-10.774464177863004,14.034405633434968,10.024465563931523,4.316409459843448,-10.774464177863004,9.33439172090941,-10.774464177863004,-10.774464177863004,8.67754880483951,8.577198850648168,-10.774464177863004,-10.774464177863004,-10.774464177863004,-10.774464177863004,-10.774464177863004,9.459182906593508,-10.774464177863004,12.489307776783583,9.781565740889524,10.760407203214497,-10.774464177863004
3.93442836104054,3.4469976645595928,-14.610415034364609,9.191794450631784,2.1394842200758135,-14.610415034364609,9.128463641620204,-14.610415034364609,-14.610415034364609,-14.610415034364609,8.38661863842477,5.7682032402672805,8.105850350733384,2.8323655226705826,7.345285691760968,3.8057555641550733,5.522548979118548,8.949839950545515,4.787501015852768,4.134809954000671,7.326881853026953,5.6107040763275124,5.818466320412646,-14.610415034364609,6.544711138698794,3.379944240858243,-14.610415034364609,3.7441259177669717,4.1683596532699765,-14.610415034364609,-14.610415034364609,3.475492043578365,2.777441189547537,-14.610415034364609,6.165111130191969,4.35386825867421,8.116765674058495,5.189661331533797,6.563085304607724,-14.610415034364609
7.467486970334092,7.574893192252887,9.886302922393911,6.778482906353959,-11.531154549979513,-11.531154549979513,9.00251130780301,-11.531154549979513,11.279633839275357,-11.531154549979513,11.710900710557054,8.4342549061712,9.877372455006677,-11.531154549979513,10.568403291132785,-11.531154549979513,10.7594054986868,7.814737027186044,-11.531154549979513,-11.531154549979513,12.127029295776495,8.266199422572857,5.9038854107591865,-11.531154549979513,8.728042016133212,-11.531154549979513,-11.531154549979513,-11.531154549979513,-11.531154549979513,-11.531154549979513,8.61589344621315,-11.531154549979513,-11.531154549979513,-11.531154549979513,10.564859309593842,8.20104313082903,12.603841997855474,11.081895430393187,10.31370741235114,-11.531154549979513
-13.706080290961612,3.1615429212517387,10.50881973672569,7.135457351951289,2.112260841263415,-13.706080290961612,7.699873216586895,6.027786344979623,8.087813226394262,-13.706080290961612,8.996468297461085,1.3506991450895942,7.0273833719511,-13.706080290961612,8.768058782691883,-13.706080290961612,5.250216251417051,-13.706080290961612,-13.706080290961612,8.3974568048369,8.921375976406358,9.086762340775305,-13.706080290961612,-13.706080290961612,6.158479528321676,-13.706080290961612,-13.706080290961612,6.639914232705714,5.936226520501513,5.820022836898122,6.466353568931121,-13.706080290961612,-13.706080290961612,6.917906501747215,7.083665931420393,2.955501824074254,8.448821274099274,6.473130560090346,9.476793191116,3.2702532028130884
-12.412384769291027,5.534123684610221,-12.412384769291027,9.649711634850297,-12.412384769291027,7.5779946416075,11.47849012414211,-12.412384769291027,5.785777240608162,5.850706065793427,9.956207223844912,5.984105746104972,-12.412384769291027,4.680270559401271,7.302118626455317,10.471061228767526,-12.412384769291027,6.4839088488866246,-12.412384769291027,-12.412384769291027,9.187507468408356,9.814487242535169,-12.412384769291027,-12.412384769291027,8.034943097145122,-12.412384769291027,8.307083868410803,7.9823075552165115,10.148841638193291,-12.412384769291027,-12.412384769291027,-12.412384769291027,-12.412384769291027,11.578271209164871,9.718924689806846,-12.412384769291027,10.13065607787409,7.595181484670544,9.747859037579836,5.597617314578694
-12.290136737564106,6.107684722473402,9.791096000105524,9.414608141610284,-12.290136737564106,7.833381184902568,10.243733221018616,8.373326016073177,12.087145332694305,-12.290136737564106,9.354709814987439,-12.290136737564106,10.386756536420208,-12.290136737564106,9.505274202177516,-12.290136737564106,9.290111343380655,4.471915902284394,4.474014538831208,6.383712278571537,10.72518091174197,8.52059953857009,4.920217761635937,-12.290136737564106,8.28409530709522,-12.290136737564106,-12.290136737564106,4.041456168432059,6.791581138193126,-12.290136737564106,-12.290136737564106,-12.290136737564106,-12.290136737564106,-12.290136737564106,5.89254060485416,-12.290136737564106,9.300750460211244,9.67623126682385,10.772065407937276,-12.290136737564106
-11.627505427041456,-11.627505427041456,5.709648695211667,-11.627505427041456,7.4296463255688625,-11.627505427041456,11.249001751374358,-11.627505427041456,11.039831726629611,-11.627505427041456,12.38148221671174,9.489867931446614,6.8795364917315815,9.122889078266443,8.980327112574942,-11.627505427041456,8.603805608524725,10.920264539807174,8.33705018569677,10.966116927113175,11.708453230162222,7.940577772923054,-11.627505427041456,-11.627505427041456,11.41474430463051,-11.627505427041456,-11.627505427041456,7.535874281058382,8.001120224977353,-11.627505427041456,10.254708651591416,-11.627505427041456,-11.627505427041456,-11.627505427041456,-11.627505427041456,-11.627505427041456,10.855716125711528,10.31265042695993,10.161784078074195,-11.627505427041456
-10.968417656074061,9.520340300743376,-10.968417656074061,-10.968417656074061,7.459238711545215,-10.968417656074061,9.1546811969037,-10.968417656074061,11.346142489273822,-10.968417656074061,11.3400610216068,-10.968417656074061,12.443182630972524,-10.968417656074061,10.448994862264879,-10.968417656074061,11.553472367419927,-10.968417656074061,6.3426909893044545,-10.968417656074061,13.103620048515861,10.10667338450852,7.46833327789638,-10.968417656074061,10.065812115908642,8.635185890319752,-10.968417656074061,-10.968417656074061,-10.968417656074061,6.17858290686736,9.646449723115563,-10.968417656074061,-10.968417656074061,-10.968417656074061,12.24985201549892,7.126394447893616,12.41407781741304,11.19836845379026,10.597780813644619,-10.968417656074061
-10.213091836943732,11.03466581512434,12.45090935444547,9.180222168201682,-10.213091836943732,-10.213091836943732,9.731359994864528,-10.213091836943732,13.195528593240896,-10.213091836943732,13.00237812508062,-10.213091836943732,13.514581038796072,-10.213091836943732,10.587921769549801,12.411136094672928,10.261071410801245,-10.213091836943732,-10.213091836943732,9.766785605109035,12.410310929481087,10.602233448263425,-10.213091836943732,-10.213091836943732,10.865033297352257,-10.213091836943732,-10.213091836943732,-10.213091836943732,-10.213091836943732,-10.213091836943732,10.474733334498735,-10.213091836943732,-10.213091836943732,-10.213091836943732,11.180692063013705,-10.213091836943732,12.570865859972013,8.050350142284891,13.184149531065778,-10.213091836943732
-11.359449486724245,-11.359449486724245,7.630740802987916,-11.359449486724245,8.156404308493535,-11.359449486724245,-11.359449486724245,-11.359449486724245,10.931047977322441,-11.359449486724245,10.979800787524985,8.977580176938943,-11.359449486724245,7.529545967302459,10.900317911793886,-11.359449486724245,9.584765496389597,7.589857511513759,7.472877231036954,11.698870569557066,12.343706802173669,10.684456902101857,4.442564754434797,-11.359449486724245,10.424789075407439,8.360850551163535,-11.359449486724245,-11.359449486724245,-11.359449486724245,-11.359449486724245,7.499099022897896,-11.359449486724245,-11.359449486724245,-11.359449486724245,8.952474006449966,7.479349318042445,12.785133629139182,11.300935111020827,8.744922847343233,-11.359449486724245
-12.461792322115716,6.595412344746788,-12.461792322115716,6.775403020766572,7.286944377017367,-12.461792322115716,9.561548004092653,7.0203525183287425,-12.461792322115716,-12.461792322115716,10.32133970351309,5.099686680559371,9.703859888289298,-12.461792322115716,9.39689335121935,-12.461792322115716,8.617615317374806,7.526462132257556,6.22906822678471,7.9948612416368725,11.854060381763665,9.468928250491857,6.676679438187641,6.659358727739893,9.428326837182087,-12.461792322115716,-12.461792322115716,6.110407078069577,8.30482032029164,-12.461792322115716,-12.461792322115716,-12.461792322115716,-12.461792322115716,-12.461792322115716,8.931131983333616,-12.461792322115716,11.50388147435612,8.814818252770356,9.506817603077836,-12.461792322115716
4.169111733672887,0.7586510326477465,6.56329249789324,1.7016947017541748,5.925398514466201,-15.065073691936174,5.07169065571605,-15.065073691936174,6.020373899298198,4.329033979039017,7.611219761976257,4.234320523688148,7.583847107382674,-15.065073691936174,6.164877209077804,3.0680583173411997,6.359585234919926,3.6629446894804354,7.189830665206106,5.866741721232833,8.794646334843046,5.6642835556404805,-15.065073691936174,2.4696030370010917,5.453747672355354,-15.065073691936174,-15.065073691936174,-0.3453445784737973,-15.065073691936174,-15.065073691936174,3.935641529543282,1.8442029251843703,-15.065073691936174,-15.065073691936174,5.507869131479513,3.9149942481122038,9.06856530024076,7.537860227632594,7.535113504355982,2.988881786653971
-10.827125798926007,-10.827125798926007,11.731259079553109,-10.827125798926007,-10.827125798926007,-10.827125798926007,-10.827125798926007,-10.827125798926007,-10.827125798926007,-10.827125798926007,10.39235342170727,9.33043575450511,-10.827125798926007,-10.827125798926007,9.924581712623667,-10.827125798926007,10.060967800959776,10.391451944564388,-10.827125798926007,7.175308517746411,12.295081127489103,13.597446950417,10.473303813180097,5.6274421600820945,9.262958440511486,5.088853790309192,-10.827125798926007,7.373157631845893,6.061078120024681,-10.827125798926007,10.160509982842575,-10.827125798926007,-10.827125798926007,-10.827125798926007,10.576171583939574,-10.827125798926007,11.866656384921988,11.844728027173675,11.44408757919765,11.037556355999445
6.161624557417424,-11.595273634026146,8.237929492098273,-11.595273634026146,7.457263827359095,-11.595273634026146,7.432397099484878,-11.595273634026146,12.33811785649601,-11.595273634026146,11.709922714910695,5.83762040319984,10.977418197775755,4.822185668286774,5.689092985226745,-11.595273634026146,10.128204878094563,6.8807472144210164,6.924256483027179,12.285438482150251,11.236540988715298,7.168642148592963,-11.595273634026146,-11.595273634026146,9.538073308235216,-11.595273634026146,-11.595273634026146,-11.595273634026146,-11.595273634026146,-11.595273634026146,10.129799862684397,-11.595273634026146,-11.595273634026146,-11.595273634026146,6.360669606268947,5.7990224831645625,11.252990114378568,10.650057946232534,8.101635460223434,-11.595273634026146
-9.487136985383156,6.933283088673641,15.49315559663741,-9.487136985383156,-9.487136985383156,-9.487136985383156,10.90733307677085,-9.487136985383156,10.131458251329411,-9.487136985383156,12.256797616977702,9.78471980762319,10.921102989956193,8.178946636960585,-9.487136985383156,-9.487136985383156,9.602551928397991,10.115362977320906,-9.487136985383156,-9.487136985383156,12.301952762196219,12.424587938362492,6.036751614029526,9.40697899934523,8.346017077868268,-9.487136985383156,-9.487136985383156,-9.487136985383156,-9.487136985383156,-9.487136985383156,-9.487136985383156,-9.487136985383156,-9.487136985383156,-9.487136985383156,12.182638362409499,-9.487136985383156,12.540963668708422,8.848203722293066,12.817070577186005,-9.487136985383156
1.850974068827874,5.76093165483273,6.155591514931714,6.394041334730552,3.5861762227119534,-14.340372136806836,4.89407923446105,5.757610756264533,8.509810255962803,-14.340372136806836,7.211615809318819,3.3104963632437054,9.281226462811365,-14.340372136806836,8.00279270425345,-14.340372136806836,7.922595608103222,4.748855675961767,5.237755684677406,4.048508304918844,8.732068442803097,6.605613162340707,6.500143261079177,4.321449243018704,6.811241654768062,-14.340372136806836,-14.340372136806836,-14.340372136806836,4.425811381159654,-14.340372136806836,7.071420222381111,-14.340372136806836,2.6565200831262956,-14.340372136806836,7.73810236917219,-14.340372136806836,9.42721421276321,6.161598440930674,8.960221512127374,-14.340372136806836
-9.339102723143967,-9.339102723143967,15.606279912347045,9.82674823418203,-9.339102723143967,-9.339102723143967,11.025128246004034,-9.339102723143967,5.850123666897862,-9.339102723143967,11.72640439245375,-9.339102723143967,11.930247768032729,-9.339102723143967,9.783536274603032,-9.339102723143967,10.439395746507955,-9.339102723143967,10.696600313525261,11.264692405953156,10.49711560282588,9.555573677548772,-9.339102723143967,-9.339102723143967,8.285290103501888,-9.339102723143967,9.115206211457691,6.602255868646034,-9.339102723143967,-9.339102723143967,-9.339102723143967,-9.339102723143967,-9.339102723143967,-9.339102723143967,7.5783003491667165,-9.339102723143967,13.95280257759311,9.15334039634281,13.232115438433711,-9.339102723143967
3.871592344050908,-12.40521508338646,-12.40521508338646,9.641482521989321,6.024128043558307,-12.40521508338646,10.669498389151665,-12.40521508338646,-12.40521508338646,-12.40521508338646,11.759701741927902,6.835201442630904,9.706934260197912,8.735516894334847,9.336183017084064,-12.40521508338646,8.612874762311025,9.728788916075372,7.846269546959298,10.65804434180497,8.45413638221948,7.117173157464348,5.800042244670703,-12.40521508338646,9.677562131542777,-12.40521508338646,-12.40521508338646,8.73635311112777,-12.40521508338646,-12.40521508338646,-12.40521508338646,6.9082830403494215,-12.40521508338646,4.452434168678655,4.145960907563837,-12.40521508338646,10.555068529827679,8.494102698178883,10.716108740483296,-12.40521508338646
-13.182174408182863,5.98623639883414,-13.182174408182863,7.153441681998898,6.759353444940343,4.178056537072438,7.896266248778816,-13.182174408182863,9.484928001015106,-13.182174408182863,10.607273312292238,5.261734471659105,11.304083658614312,5.934848412210018,7.1876398570313915,-13.182174408182863,7.8434157786912975,7.49648101829062,8.314974923012139,4.539341103004718,9.018852228561455,7.38356004194743,-13.182174408182863,-13.182174408182863,6.749162050113551,-13.182174408182863,-13.182174408182863,5.948264787052274,6.132387850221177,-13.182174408182863,7.732273614815681,-13.182174408182863,-13.182174408182863,-13.182174408182863,7.347093974394135,3.682609237656796,6.330765153820016,5.5069291409283165,8.770468787603685,-13.182174408182863
-9.512608864751964,-9.512608864751964,10.974440847158156,10.660917256662032,-9.512608864751964,-9.512608864751964,12.654632805016224,-9.512608864751964,12.49726911031739,-9.512608864751964,12.266786165603051,-9.512608864751964,11.752876606962158,-9.512608864751964,10.078942815122186,11.241738886726871,11.805943223101911,9.32203412417277,-9.512608864751964,-9.512608864751964,15.114534896345637,14.07013070933113,-9.512608864751964,7.407039885473253,10.475562165912415,-9.512608864751964,-9.512608864751964,-9.512608864751964,11.593474209818202,-9.512608864751964,-9.512608864751964,-9.512608864751964,-9.512608864751964,-9.512608864751964,11.417939399090443,-9.512608864751964,13.28138818902205,-9.512608864751964,12.661743728707487,-9.512608864751964
5.679006573940218,-9.765744719832748,-9.765744719832748,-9.765744719832748,9.013449284319133,-9.765744719832748,-9.765744719832748,-9.765744719832748,14.765549118615,-9.765744719832748,12.612091082598981,9.71726461916698,13.110094619204466,-9.765744719832748,12.428574738005766,-9.765744719832748,12.91052178336191,11.696262885709714,-9.765744719832748,8.524485606128966,13.73744909109912,8.949022551696512,8.783856812976893,-9.765744719832748,10.990423837757003,-9.765744719832748,-9.765744719832748,-9.765744719832748,-9.765744719832748,-9.765744719832748,8.580320241513528,-9.765744719832748,-9.765744719832748,-9.765744719832748,10.371630655082015,-9.765744719832748,12.572376329644625,10.273135444204843,10.365123841462179,-9.765744719832748
-14.042039881332249,7.087703884646011,8.756325584945214,6.562307276483763,7.494681868903975,-14.042039881332249,8.783757607172253,5.897606874079522,-14.042039881332249,-14.042039881332249,8.873978325410311,-14.042039881332249,7.9505734941353055,-14.042039881332249,8.23588872980833,-14.042039881332249,7.824123036711468,4.662239617164948,7.308078407673423,4.995176946206332,9.693014632484362,7.01014113878635,5.080747789506934,-14.042039881332249,8.040015503868833,-14.042039881332249,-14.042039881332249,4.126583314007965,3.5455417446370956,-14.042039881332249,6.108578119977783,-14.042039881332249,4.639927631412966,4.676298025519534,6.620775069767259,3.2126059297269975,9.145583749831907,7.371774763826616,8.8424893906238,-14.042039881332249
-12.339975560695214,8.60739336785934,7.301800559088878,7.810766539787726,4.90919960133719,-12.339975560695214,7.7174858540290145,-12.339975560695214,10.165036446145278,5.579004483783438,11.318957740067852,-12.339975560695214,10.183584884166077,-12.339975560695214,10.860490642178943,-12.339975560695214,10.251024189131307,6.399740570635426,-12.339975560695214,5.486316792839694,10.132931772826721,8.605289173498829,-12.339975560695214,5.49856257863881,8.168660381941594,7.700608147518195,-12.339975560695214,-12.339975560695214,-12.339975560695214,-12.339975560695214,8.7970145176269,4.2279210759668295,-12.339975560695214,-12.339975560695214,6.662529670761608,-12.339975560695214,10.153095505293292,9.564397647983727,11.337796828016796,-12.339975560695214
6.833240810613131,-11.157579683766775,-11.157579683766775,-11.157579683766775,6.5834622493820865,-11.157579683766775,8.936752442808926,-11.157579683766775,11.41946221631464,-11.157579683766775,11.16862901858803,7.1699984528990095,-11.157579683766775,5.181256714081902,-11.157579683766775,-11.157579683766775,9.78491003341017,10.520912942696535,6.55707127405395,9.23630670456175,12.591123334854585,11.057306279578565,7.513781962275594,-11.157579683766775,10.932221586303518,7.018095274790532,-11.157579683766775,6.567149972349068,-11.157579683766775,-11.157579683766775,-11.157579683766775,-11.157579683766775,7.757736330650785,-11.157579683766775,10.860610561868677,-11.157579683766775,13.417157346661893,9.369878061739252,10.359370737319358,-11.157579683766775
-11.157952678516796,8.227123015796007,8.23751409867274,5.785195267702615,4.918278872618105,-11.157952678516796,-11.157952678516796,-11.157952678516796,12.990105640098891,-11.157952678516796,11.315621963517462,7.463135097959883,-11.157952678516796,6.199675981117949,9.42690130542352,-11.157952678516796,10.230832172386092,8.901297506318494,9.474655141614681,9.996348543299144,12.570731371502326,8.537000889358003,-11.157952678516796,-11.157952678516796,10.678590718068047,7.776509323009484,-11.157952678516796,-11.157952678516796,-11.157952678516796,-11.157952678516796,9.44144917233909,-11.157952678516796,-11.157952678516796,-11.157952678516796,8.352736785991647,-11.157952678516796,12.945219485671315,6.846757987840662,10.5274678729961,-11.157952678516796
7.342999762783268,-9.84049607709604,-9.84049607709604,-9.84049607709604,-9.84049607709604,-9.84049607709604,9.45352614736959,-9.84049607709604,14.61017377141993,-9.84049607709604,11.61792223503478,10.98813827637619,-9.84049607709604,11.325151647684022,-9.84049607709604,-9.84049607709604,11.630921091519456,12.529942667112357,10.168929958107153,12.188520871650821,10.660763063321804,-9.84049607709604,-9.84049607709604,-9.84049607709604,9.486627066715254,11.507145473518701,-9.84049607709604,-9.84049607709604,9.232301503067697,-9.84049607709604,12.471586510284144,-9.84049607709604,-9.84049607709604,-9.84049607709604,-9.84049607709604,9.542633534531127,-9.84049607709604,13.264031088951562,8.938278610538546,9.690824339030636
4.017963286711586,3.623692501134384,-13.814290605462764,6.639093784967181,6.512742376175275,-13.814290605462764,8.080252308869435,5.454359206423755,8.48504662170896,-13.814290605462764,8.923514185895213,5.245820041819489,8.744030433177727,-13.814290605462764,9.168924185496184,-13.814290605462764,8.352330224121284,-13.814290605462764,4.160727856245264,4.304609155180969,10.061221390336753,9.28486375888484,4.170362740264308,3.7223245781173957,7.19948580071423,-13.814290605462764,-13.814290605462764,-13.814290605462764,5.433893375920018,-13.814290605462764,7.027460243807857,-13.814290605462764,-13.814290605462764,-13.814290605462764,7.121607735580645,3.6562840839805544,9.027856212514637,7.924984593830254,9.261238665624962,3.981088523512818
-11.018551966435542,8.696033692085345,12.45353998513562,-11.018551966435542,8.334095992713769,-11.018551966435542,11.170544657549929,-11.018551966435542,-11.018551966435542,-11.018551966435542,11.073213337743322,7.710275030449036,-11.018551966435542,-11.018551966435542,11.163152133635844,10.73602471392383,9.626665839895672,8.399741402250482,-11.018551966435542,6.6618900103873875,11.821677568348031,11.704485655930894,-11.018551966435542,-11.018551966435542,9.59117556435495,-11.018551966435542,-11.018551966435542,7.618529656017764,-11.018551966435542,-11.018551966435542,8.873912526947285,-11.018551966435542,-11.018551966435542,-11.018551966435542,10.976702269224015,-11.018551966435542,12.514473128863493,9.971391895014616,13.047754104505616,7.207208197298498
9.153270106318656,-9.892707156636506,6.618781088672089,-9.892707156636506,9.172718033895602,-9.892707156636506,9.806376457560606,-9.892707156636506,15.12521287283161,-9.892707156636506,13.385518306219767,8.216408588056352,-9.892707156636506,10.944056994979034,-9.892707156636506,10.647945082076,8.44654659946847,10.759363386341544,9.700115112369113,12.855674703606693,-9.892707156636506,10.070673229737917,-9.892707156636506,-9.892707156636506,10.309867890414127,-9.892707156636506,-9.892707156636506,-9.892707156636506,-9.892707156636506,-9.892707156636506,8.393184272410178,-9.892707156636506,-9.892707156636506,-9.892707156636506,-9.892707156636506,7.422336713922264,-9.892707156636506,10.414467314476465,7.693032424184811,8.718593955188972
-10.621454871271876,5.898767053418722,13.314334255892494,5.371077670089775,9.063973878543989,-10.621454871271876,7.77779793548346,-10.621454871271876,-10.621454871271876,-10.621454871271876,12.692361341087633,8.997170547286222,-10.621454871271876,-10.621454871271876,10.571820845525735,-10.621454871271876,9.207795294758984,6.754533454427051,8.582259464605132,-10.621454871271876,12.835552954886749,9.768461848434933,-10.621454871271876,-10.621454871271876,12.166346969844268,-10.621454871271876,8.52173766672565,-10.621454871271876,7.42989982565579,-10.621454871271876,-10.621454871271876,8.120221831416465,12.027824483161119,-10.621454871271876,9.409603345589376,-10.621454871271876,11.639877466064078,-10.621454871271876,11.656224421267874,-10.621454871271876
7.646574654918225,-10.140924508477568,-10.140924508477568,-10.140924508477568,8.062470506071739,-10.140924508477568,10.585904972141224,-10.140924508477568,-10.140924508477568,-10.140924508477568,13.17669712413793,12.829072215703139,-10.140924508477568,11.483770167898264,12.565291242847527,-10.140924508477568,12.854344526143057,11.666641688667335,10.405043134633884,-10.140924508477568,12.22321007639824,10.419410550643775,-10.140924508477568,-10.140924508477568,12.22247332099692,-10.140924508477568,-10.140924508477568,-10.140924508477568,-10.140924508477568,-10.140924508477568,10.33672208166786,-10.140924508477568,-10.140924508477568,-10.140924508477568,10.529994849150373,8.951066726535952,14.116662728152253,11.959559626704426,10.924504484616977,-10.140924508477568
5.577203229970113,9.201310526556396,-10.722380380436416,-10.722380380436416,7.086364456820805,-10.722380380436416,6.958899819385336,-10.722380380436416,-10.722380380436416,-10.722380380436416,11.493139903734424,-10.722380380436416,11.100270779976364,-10.722380380436416,8.636078580946494,-10.722380380436416,12.011377429470658,8.381952614561794,8.014059565831971,9.564641503756132,11.406325366597375,10.653439783482396,-10.722380380436416,-10.722380380436416,11.06870858670198,-10.722380380436416,4.603852337773327,-10.722380380436416,-10.722380380436416,-10.722380380436416,-10.722380380436416,-10.722380380436416,11.268525778040933,-10.722380380436416,8.207404512393937,9.43018597247308,12.817029235111697,12.68121633589052,13.56324090881641,-10.722380380436416
-12.107781608463625,-12.107781608463625,-12.107781608463625,6.6817694200424995,6.758546039633834,-12.107781608463625,8.00050107074182,4.462662800114938,12.616440030476133,-12.107781608463625,9.656093040816785,6.22045485606598,11.088721387259094,4.470898512915419,9.252045184941593,-12.107781608463625,9.602710477392218,9.152416099917794,8.6510444048464,-12.107781608463625,9.508027201661507,9.45736602027076,7.659594714596323,4.934572983700565,7.348642622927481,-12.107781608463625,-12.107781608463625,-12.107781608463625,-12.107781608463625,5.329667024591523,-12.107781608463625,-12.107781608463625,-12.107781608463625,-12.107781608463625,6.799575505168386,5.518162121305748,10.341792760626186,10.791649722959686,9.421151732445411,-12.107781608463625
4.60679266263185,5.7208968814625285,5.7926038157591755,3.352522717504894,3.4472701384877698,-13.77608237696991,3.95265048697402,1.495715147034495,9.877798911929435,-13.77608237696991,8.272705532393363,5.057303873364685,9.4774951859831,5.665393251540312,4.727007512432124,-13.77608237696991,7.235770123912008,5.670496586946502,2.7252328413155773,4.833730023981734,8.809342366724653,8.665526000456099,5.107766191511779,3.287085846153153,6.965553690313175,-13.77608237696991,-13.77608237696991,-13.77608237696991,-13.77608237696991,3.9914408538546553,-13.77608237696991,-13.77608237696991,-13.77608237696991,-13.77608237696991,5.363072110363366,5.455884080002306,10.738409868553092,7.712111622096399,7.305410199956708,-13.77608237696991
-12.388453925485427,5.150579054185078,12.006990428087256,-12.388453925485427,6.260716064063248,-12.388453925485427,8.715717898751686,-12.388453925485427,8.856708031134211,6.943143138025193,9.722185690050168,6.474730780434347,-12.388453925485427,-12.388453925485427,7.003232986316919,-12.388453925485427,8.20490821763024,6.322430715943338,-12.388453925485427,6.255530364981233,11.952672961966059,9.700487662716451,-12.388453925485427,5.955345784930116,7.57085592803686,2.9355688475618997,-12.388453925485427,8.449559233776496,4.7888199795696575,-12.388453925485427,5.577151225568364,-12.388453925485427,-12.388453925485427,-12.388453925485427,8.830142099262098,3.6677664281377775,8.720407590721795,5.778108475746541,9.983049294684411,-12.388453925485427
4.026947996077967,-12.116815499094812,4.098406953338327,9.972774107825172,3.356923325949166,-12.116815499094812,10.989525423180172,-12.116815499094812,8.448017169077817,-12.116815499094812,12.15757836467851,6.791831580616196,-12.116815499094812,9.556655421706177,8.668203735067195,-12.116815499094812,9.761915438427401,9.047604289011563,6.2824373076605236,10.75105793821831,7.11936279711915,4.500842644030397,-12.116815499094812,-12.116815499094812,8.201230201235468,-12.116815499094812,5.583757903261361,8.337550766007707,7.842923612674903,-12.116815499094812,7.518867008998317,-12.116815499094812,-12.116815499094812,-12.116815499094812,-12.116815499094812,-12.116815499094812,11.426481888499582,8.329352060258758,11.09880005259689,-12.116815499094812
-6.021178085108281,-6.021178085108281,12.408165041836488,-6.021178085108281,-6.021178085108281,-6.021178085108281,-6.021178085108281,-6.021178085108281,18.26141616694222,-6.021178085108281,16.824680972335166,-6.021178085108281,-6.021178085108281,-6.021178085108281,-6.021178085108281,-6.021178085108281,16.300907490663725,-6.021178085108281,-6.021178085108281,17.30304408411574,17.383185990007437,15.38041566800719,-6.021178085108281,-6.021178085108281,-6.021178085108281,15.640300432678563,-6.021178085108281,-6.021178085108281,-6.021178085108281,-6.021178085108281,15.851510385275729,-6.021178085108281,-6.021178085108281,-6.021178085108281,-6.021178085108281,-6.021178085108281,-6.021178085108281,17.402664093167104,-6.021178085108281,11.857874143111086
-1.1892600301930798,-1.1892600301930798,-1.1892600301930798,-1.1892600301930798,-1.1892600301930798,-1.1892600301930798,-1.1892600301930798,-1.1892600301930798,-1.1892600301930798,-1.1892600301930798,-1.1892600301930798,-1.1892600301930798,-1.1892600301930798,24.090024298238273,-1.1892600301930798,-1.1892600301930798,-1.1892600301930798,-1.1892600301930798,21.101856849099423,-1.1892600301930798,-1.1892600301930798,-1.1892600301930798,-1.1892600301930798,-1.1892600301930798,-1.1892600301930798,-1.1892600301930798,-1.1892600301930798,-1.1892600301930798,-1.1892600301930798,-1.1892600301930798,-1.1892600301930798,-1.1892600301930798,-1.1892600301930798,-1.1892600301930798,-1.1892600301930798,-1.1892600301930798,-1.1892600301930798,-1.1892600301930798,-1.1892600301930798,-1.1892600301930798
-10.270414528261512,10.553854345205195,12.253435062637843,-10.270414528261512,10.202233781654753,-10.270414528261512,7.955953058189285,-10.270414528261512,13.205997238943757,-10.270414528261512,12.475011929153418,-10.270414528261512,-10.270414528261512,-10.270414528261512,12.532224098126354,8.812644867735395,12.735441836065785,11.183318358958612,13.420819708200979,-10.270414528261512,12.628129028285064,11.36179511829895,-10.270414528261512,-10.270414528261512,10.21747069019032,-10.270414528261512,-10.270414528261512,-10.270414528261512,-10.270414528261512,-10.270414528261512,11.7130664409889,-10.270414528261512,-10.270414528261512,-10.270414528261512,10.456853291060202,-10.270414528261512,12.230554111092246,9.5083411298074,12.231560998897336,-10.270414528261512
7.408106524489783,9.708422659800794,5.447967679133993,-10.626176188788346,5.226651114933181,-10.626176188788346,-10.626176188788346,-10.626176188788346,11.749686662140972,-10.626176188788346,12.729331663403054,-10.626176188788346,13.063607815107643,-10.626176188788346,11.816160138165044,8.948362321212283,11.644356368664972,10.586650777232226,12.306510656946354,-10.626176188788346,13.181669445331414,7.489879775543087,6.561789316277745,-10.626176188788346,8.530663336106713,-10.626176188788346,-10.626176188788346,-10.626176188788346,-10.626176188788346,-10.626176188788346,-10.626176188788346,-10.626176188788346,-10.626176188788346,-10.626176188788346,6.999767540981027,5.938526577588838,12.836122233262278,9.571082704088571,10.152032276568729,-10.626176188788346
-11.715266180303606,4.082624344238409,-11.715266180303606,12.384146886839348,-11.715266180303606,10.595907450730893,12.410181553544081,9.617721749601124,9.510258692347831,7.386084227760369,5.603697490120458,5.8228003823060925,7.370573712810452,-11.715266180303606,5.300141276697473,-11.715266180303606,5.248697781150776,-11.715266180303606,-11.715266180303606,5.836961185020984,10.112647031156413,11.313986955664909,-11.715266180303606,4.862782827178258,5.771723342533255,-11.715266180303606,8.76562231748757,9.256374212954034,11.090827956900892,-11.715266180303606,-11.715266180303606,-11.715266180303606,1.877102076345676,-11.715266180303606,8.61483854447246,-11.715266180303606,-11.715266180303606,-11.715266180303606,10.958624388992856,3.6499324980031957
3.6231494455544073,-10.915067580648131,12.763215300517826,3.547546742934753,-10.915067580648131,-10.915067580648131,9.026940915671252,-10.915067580648131,4.769163642001302,-10.915067580648131,7.939989621383503,9.67442683601228,-10.915067580648131,2.469661599684043,-10.915067580648131,5.246087655556071,2.9587128288358993,6.956912604419339,4.804042077331018,13.143160745500511,5.039332095425022,4.9166785762479694,7.172096568467335,-10.915067580648131,10.892552717157809,4.729819470629135,-10.915067580648131,11.89050444109226,2.422408789275068,-10.915067580648131,-10.915067580648131,-10.915067580648131,-10.915067580648131,-10.915067580648131,1.5533731754959827,2.7839102846550654,8.459739037332897,4.109403621660536,12.83318491688071,-10.915067580648131
-16.11521203967441,-16.11521203967441,6.979478150048658,6.714075194091362,0.021705463659919603,2.7065910696476645,7.667017644576649,4.321091467076943,5.059142156041517,2.0326095738549648,4.256679069481729,4.468274355893736,2.231391511650539,-16.11521203967441,5.512154532516945,-16.11521203967441,4.234770263976991,-16.11521203967441,2.408025301628318,2.642226621517146,5.278960481857241,5.501812581048186,-16.11521203967441,-1.1650784339756364,3.505343124690049,-16.11521203967441,3.747883443025686,1.4582375316670728,5.018990575784717,5.860199432685079,1.287698831124118,-2.561064947144088,0.3414964836800687,7.867959467096458,5.420724720245532,-0.02551576035713505,5.3170890911508994,-1.2881002063953584,6.99784266550428,-1.0132271796294003
-13.523210214759983,-13.523210214759983,8.700336934275006,10.389382340807279,-13.523210214759983,5.422967999102854,8.56526423341532,4.837189608928802,5.960801007168891,5.520087948927183,4.312460025187114,6.2998104711909475,5.304867110804097,-13.523210214759983,2.5726399295005007,3.5063646512681954,-13.523210214759983,-13.523210214759983,1.4041581875697362,8.359835130849717,6.27872722505756,6.87594467050376,2.2566117178829406,5.045028102178125,4.66288680037944,-13.523210214759983,5.649546781995483,5.6463362032376985,7.866078235863464,-13.523210214759983,-13.523210214759983,-13.523210214759983,-0.18573384483678324,-0.46272011341643043,5.091555961142455,5.0157867648945755,4.486188550850161,3.0036784008443567,6.3692313267873235,-13.523210214759983
-12.080941779606286,3.9428433017708953,9.581717846838592,12.783448351483832,-12.080941779606286,-12.080941779606286,11.30996467893676,-12.080941779606286,9.466464412410199,7.720417589194413,5.317809928234422,5.670698878652989,7.570606835055049,-12.080941779606286,7.250856341466983,8.338986746632141,2.299883155589704,4.4285201226939455,0.9135904990128471,6.345919833359542,6.460096469875847,10.33450809702155,-12.080941779606286,4.218641830800243,7.218452436018036,-12.080941779606286,7.757362406925585,9.548249252579119,8.347362219578518,-12.080941779606286,-12.080941779606286,-12.080941779606286,-12.080941779606286,-12.080941779606286,6.807364775070729,-12.080941779606286,8.309267980395251,-12.080941779606286,9.27109270449711,-12.080941779606286
-14.73140007010961,-14.73140007010961,7.546031955311761,9.401995800008953,-14.73140007010961,6.223564617786592,7.66296305984567,4.673753285505643,5.749080576542097,6.116469930944178,4.68748313859724,4.630224997058158,4.931300428693597,-14.73140007010961,-2.881995225686536,7.6090118946984,2.5391645738931263,1.2890828622352861,1.9877275273254091,3.5906750811249424,7.028762213878811,8.690136975807192,-14.73140007010961,3.550478282451267,4.515559171382634,-14.73140007010961,4.190237769469645,8.063937719808138,4.560699559104948,6.7826975791393584,-14.73140007010961,-14.73140007010961,-14.73140007010961,8.499369338935853,5.148895199198614,-14.73140007010961,3.3563222704722318,1.8171785169516654,5.968975779565709,-0.6157841789545316
-13.822764704961903,-0.8512218917134666,-13.822764704961903,8.906467001701332,-13.822764704961903,6.291088299983678,9.3506843408004,6.817510751940234,8.712407940493968,5.331869218742738,5.441636082330858,3.9414864606446463,6.035046092188935,-13.822764704961903,5.206430834151289,4.260062863311664,4.704256083752978,4.617326442318054,-13.822764704961903,7.252713132490065,8.455974818055287,10.412261473125358,3.4952957590452955,4.000260858068251,4.775057544119488,-13.822764704961903,2.783911022164779,5.447554020585538,8.480458739302085,-13.822764704961903,-13.822764704961903,-13.822764704961903,-13.822764704961903,-13.822764704961903,8.107519294795493,2.5576952873869816,-13.822764704961903,4.803954130539754,10.000597925402145,6.534871933814964
-15.98912578609275,2.844392826914888,7.820925273277647,7.459980398118683,1.6765323948581778,-15.98912578609275,7.550530922597258,1.692991934698446,6.8247712542325,5.308728895852408,3.3742928636442167,4.256797559516004,4.258681572533713,-1.6139988687646456,1.4065648369327988,2.64553667545507,1.3559753976189934,-0.3785278026948035,3.5830126722360056,5.670680369338484,5.077417650515755,6.037077259528916,1.3536272897701735,-15.98912578609275,0.6851512476918052,1.8755576328836947,3.3211320403236413,6.818719620357719,5.714254048506248,-15.98912578609275,-15.98912578609275,-15.98912578609275,-15.98912578609275,-2.3014474632753705,3.854759675409009,-1.3191994744405844,4.995988798619093,3.0921789518792897,6.751978758180962,0.228815290333019
-12.301133850420829,-12.301133850420829,7.938986380154066,11.507156824893148,4.401966878188037,8.108667042066564,11.419751478212653,7.325547643185631,8.01017082618349,8.542001733263001,7.512394736104938,2.890620985335054,8.259718934951954,-12.301133850420829,8.389453825168218,9.702990829452803,5.77916704613412,-12.301133850420829,-12.301133850420829,-12.301133850420829,10.085874355434829,10.843059958523364,-12.301133850420829,5.406605106043248,6.50058269454806,-12.301133850420829,7.8772323841502745,8.665611357081525,9.565857848024145,-12.301133850420829,-12.301133850420829,-12.301133850420829,-12.301133850420829,-12.301133850420829,9.118459106215564,-12.301133850420829,7.551220849913223,-12.301133850420829,11.415042783505406,-12.301133850420829
-11.82161916188824,-11.82161916188824,9.113971919745204,11.116599835030241,-11.82161916188824,8.25563114313842,9.816992961484095,7.307737569164654,8.1978024869714,9.208469391773116,6.500676691176598,-11.82161916188824,8.462040332932117,-11.82161916188824,4.683777694439232,3.8038183329256454,3.4594591690372876,-11.82161916188824,-11.82161916188824,6.775029673272352,7.3054704415413845,9.692210905775216,-11.82161916188824,-11.82161916188824,6.085899915206233,-11.82161916188824,6.49370107751741,9.203616194857382,9.33582232994804,8.398259982043493,-11.82161916188824,-11.82161916188824,-11.82161916188824,13.158080466150787,5.402395386011295,-11.82161916188824,6.933818069056958,-11.82161916188824,10.434624621013267,-11.82161916188824
-4.308484301940855,-4.308484301940855,-4.308484301940855,9.106550181962493,-4.308484301940855,-4.308484301940855,10.435245954019686,-4.308484301940855,10.229732724261684,-4.308484301940855,11.03308277690975,-4.308484301940855,-4.308484301940855,-4.308484301940855,-4.308484301940855,-4.308484301940855,-4.308484301940855,-4.308484301940855,-4.308484301940855,18.732433549816975,-4.308484301940855,10.164546777074793,-4.308484301940855,-4.308484301940855,-4.308484301940855,8.269155348291719,-4.308484301940855,-4.308484301940855,7.09909175842093,-4.308484301940855,-4.308484301940855,-4.308484301940855,6.000501691481228,8.909191073447964,-4.308484301940855,-4.308484301940855,-4.308484301940855,9.192316881045794,11.46571173761117,-4.308484301940855
-14.289121991213966,2.683814471837376,8.843955113050388,9.577049226704222,-14.289121991213966,8.090799257966431,8.450605650871829,7.426895494071601,7.478535753605661,6.228287507033403,4.270276680754957,2.060878796029274,4.326467433266923,-14.289121991213966,3.877053537879408,8.426798530806971,3.1272561708410573,-14.289121991213966,-14.289121991213966,3.98549198817635,6.388864014179833,9.80267064194144,0.8975695438672245,2.4403683926913975,3.595757159990406,-14.289121991213966,5.354333686971052,6.138416161976959,6.0539370453009616,-14.289121991213966,-14.289121991213966,-14.289121991213966,-14.289121991213966,5.155555251617286,6.691116680217697,-14.289121991213966,5.728559647093846,-0.39664946618806685,7.774156020338617,2.7015215104591386
-14.06136920112796,-14.06136920112796,1.1227810371703777,9.092303980348555,-14.06136920112796,4.733423580153546,9.693229616713507,6.785661744035969,7.163199058104534,6.873857898539088,7.645573082100877,3.137174801815129,6.321193462795353,-14.06136920112796,7.8884241596055285,-14.06136920112796,7.167991085811385,-14.06136920112796,0.8359468661710355,7.714587142921597,8.338867955426059,8.18838110872285,-14.06136920112796,4.363701901081891,4.978543045817762,-14.06136920112796,6.4112534120865075,6.265782670670396,8.305130961261357,-14.06136920112796,-14.06136920112796,0.5516490031708509,0.2052176131390028,7.826780318644544,9.291120056446825,-14.06136920112796,7.193571398508022,1.852159406788464,8.788924045484563,-14.06136920112796
-13.925916049683401,1.29813972283433,-13.925916049683401,9.900367522621632,-13.925916049683401,8.200764259624385,8.566948851991452,4.680912264197958,9.717102338084429,7.491346607277108,4.540311518779682,4.119343722065216,7.62182781646307,-13.925916049683401,6.383242443886475,7.81961004966778,4.836082322994985,-0.764330036050718,1.929515421837428,6.621316419502614,7.857498409825395,9.851942774968483,-13.925916049683401,2.7937596431038916,4.78788197667003,-13.925916049683401,4.684889071394502,7.37227633699827,7.111466856642302,5.1911566099776,-13.925916049683401,-13.925916049683401,-13.925916049683401,-13.925916049683401,6.0124819789413895,-13.925916049683401,6.2180490168959786,-13.925916049683401,8.772539920359426,3.494548754645736
-12.803138804296797,-12.803138804296797,-12.803138804296797,11.077466970667992,-12.803138804296797,7.217838196190753,11.434497135105751,-12.803138804296797,6.988265708323732,8.355429222075463,5.117491405545582,5.832088651813332,6.881583920272513,-12.803138804296797,3.889320547537806,7.836528009860493,5.593966213365421,-12.803138804296797,2.3656265191070673,7.359831015160518,5.038259033092252,10.576860781271566,-12.803138804296797,4.0729550464014395,6.738176615618899,-12.803138804296797,5.682580345205106,8.454014672598626,9.223496202666855,-12.803138804296797,-12.803138804296797,-12.803138804296797,4.965920525110614,8.7489146307143,7.256422144631601,-12.803138804296797,6.435513975074201,-12.803138804296797,9.922252770407447,2.178643002335833
7.403965464872365,-6.188402791776918,-6.188402791776918,-6.188402791776918,-6.188402791776918,-6.188402791776918,-6.188402791776918,-6.188402791776918,12.239749976939706,-6.188402791776918,16.672396592652483,9.557178996350794,-6.188402791776918,-6.188402791776918,-6.188402791776918,-6.188402791776918,11.38667867171756,-6.188402791776918,11.30871083651309,17.51904790325986,-6.188402791776918,-6.188402791776918,-6.188402791776918,-6.188402791776918,14.217120312606571,9.628587901532606,-6.188402791776918,-6.188402791776918,18.53818072451128,-6.188402791776918,-6.188402791776918,-6.188402791776918,-6.188402791776918,-6.188402791776918,15.897451119875637,-6.188402791776918,-6.188402791776918,9.187355644514696,13.53045123263046,-6.188402791776918
4.151051232446565,-13.919788321334055,9.192256818564312,9.00098982943735,-13.919788321334055,-13.919788321334055,9.899985008446937,-13.919788321334055,8.069167991499317,5.049938264979004,6.908521982231946,5.316964954437202,4.926682903720252,-13.919788321334055,9.111558478707513,5.977804153605232,-13.919788321334055,-13.919788321334055,0.791810669350036,6.6602997470899625,8.879942130765112,8.11698610727547,-13.919788321334055,3.024235665200864,6.3010168098307755,-13.919788321334055,6.636005162850919,6.265092258318044,8.654425281675021,-13.919788321334055,-13.919788321334055,0.21780646043675025,5.24449505142073,5.126509951733966,5.806274951193372,-13.919788321334055,7.790144695097105,1.7504566615141723,9.321133664910374,-1.1540970307296836
-13.249011164585523,-13.249011164585523,5.003605906149706,10.255265950150239,-13.249011164585523,5.240729124631047,10.218780154762317,-13.249011164585523,-13.249011164585523,7.72816794372179,8.155395059502254,7.054624716300716,3.4739468066801322,-13.249011164585523,6.915883111803448,7.6071846350376715,5.529553798837099,5.996897104665347,-13.249011164585523,9.533577686980967,7.237633201825863,10.451604519706546,-13.249011164585523,5.490123317758103,6.608490693531522,-13.249011164585523,6.599873345961333,9.122213053026318,9.612001678218217,-13.249011164585523,-13.249011164585523,-13.249011164585523,-13.249011164585523,-13.249011164585523,8.732471314222686,3.0027409586745293,7.094223366971863,3.8879318426731255,10.042075288503522,4.89116172390108
-13.766298221049386,3.7797134897004594,1.0859495764747769,10.514038478255287,-13.766298221049386,8.590949837437275,9.401067028087137,8.364541454654145,-1.223749767475805,7.489981255538687,6.361183054718298,3.745315660938199,4.1204588649471265,-13.766298221049386,4.930801410661002,-13.766298221049386,3.685218327779163,2.9729114613035974,0.06901594460274434,1.6052496835923156,8.179824979458889,9.718596497963654,-13.766298221049386,2.3088900332817857,4.734117500155444,-13.766298221049386,6.525876961688823,8.252253531746105,7.884024187986375,-13.766298221049386,-13.766298221049386,-13.766298221049386,-13.766298221049386,0.9774320349111562,5.66554697934873,1.724438177152892,7.017564002961922,3.414437092672476,9.533632691000594,-13.766298221049386
-14.644709905043698,3.9454604253282,8.758429541804759,8.334422513477168,0.382741924514693,6.624385699845806,9.003965521643295,6.303170401685744,6.8144656234423895,5.9128790814170245,6.80670822214415,3.5365708777798015,3.7838398072089823,-14.644709905043698,8.302617163300662,-14.644709905043698,5.076380463595591,1.433604979961045,1.0379769159928796,4.133855058378925,6.933434982735565,8.31346478637524,-14.644709905043698,3.12817937918267,4.3367859131270095,-14.644709905043698,6.264545753213374,5.060896708406981,7.7915210807446815,6.352514263895048,-14.644709905043698,-14.644709905043698,-14.644709905043698,0.8097975617709602,5.985508191950155,-14.644709905043698,7.633757275605845,-14.644709905043698,8.28992883695207,-14.644709905043698
1.7770657269537486,-15.028661974152925,5.026714990397751,4.706011221851375,-15.028661974152925,-15.028661974152925,7.947978753519447,-15.028661974152925,2.7603429301351934,-15.028661974152925,7.743245933048703,5.267812969502901,6.940422777342127,4.355651001797691,4.808648333140704,1.9727879497726797,6.21421874818702,-15.028661974152925,3.8195062684635523,8.143283846213514,5.766263841984513,7.3217402297158305,-15.028661974152925,2.337327696900139,5.099707989044112,-15.028661974152925,-15.028661974152925,2.487162440266716,4.557572942338817,4.2494932480233825,-2.1294396480659317,3.933179599182225,-15.028661974152925,4.324458407348889,9.11124569590699,5.9598485908933485,6.3673850579108455,6.53712318168691,8.281001551536182,4.598857466529835
6.35533319222534,2.7126808318166353,7.853867836847626,8.351756223070197,-14.950634180575642,6.294747307848677,8.824478159952825,6.338632729768757,3.8974688453588104,5.216145966313785,5.693144628695168,4.7978905025500005,2.9560492651647094,-14.950634180575642,5.014924623245739,-14.950634180575642,3.167995090483949,4.012661515444385,0.9317392634438781,7.246760597451562,5.128731680283328,8.988082422455983,-14.950634180575642,2.1027702473390613,4.247397019814965,-14.950634180575642,4.7754019847020235,4.943183539538414,6.859174737955462,4.32764830314398,-14.950634180575642,-0.978119019101214,-14.950634180575642,-14.950634180575642,4.467511673728007,-14.950634180575642,6.631780445281095,0.0827523827415037,8.263749808191767,-14.950634180575642
-1.5321428249824587,-15.946490433485835,6.471230706397268,8.059580313835673,-15.946490433485835,6.155156033701473,7.674220971805419,4.349448050028431,6.030426549124089,6.084140187418059,3.3076644954631234,3.275025300932932,4.072284123222791,-15.946490433485835,3.2259365380448353,-15.946490433485835,3.507801752474426,-15.946490433485835,-1.4328446559382628,2.9819713100645915,4.249108764193531,6.942469180002474,-15.946490433485835,0.27145064293993415,5.155047442791763,-15.946490433485835,5.093992006742848,5.83203820096981,5.943936909971467,5.4796847788603875,1.4909581995693137,-1.7525427548700439,-15.946490433485835,3.5237524046602586,4.381597204705196,4.031049894789744,1.4413657904263109,5.244701877537412,6.539167852227452,1.4742462207764206
12.272297736775846,-6.825400810887882,-6.825400810887882,7.583437144840161,-6.825400810887882,-6.825400810887882,-6.825400810887882,-6.825400810887882,17.539291434188193,-6.825400810887882,8.835410141210348,-6.825400810887882,-6.825400810887882,-6.825400810887882,-6.825400810887882,-6.825400810887882,-6.825400810887882,-6.825400810887882,-6.825400810887882,16.982889407137012,7.5889467976154945,10.107617121823678,-6.825400810887882,-6.825400810887882,-6.825400810887882,8.892217422727033,-6.825400810887882,-6.825400810887882,8.071915256411113,-6.825400810887882,-6.825400810887882,-6.825400810887882,-6.825400810887882,9.25499307672858,9.420208248397563,11.235027182114784,9.060762908826545,9.037802719473898,10.14370014794451,7.783102715094639
-10.47898150907908,-10.47898150907908,-10.47898150907908,11.122233320593347,-10.47898150907908,-10.47898150907908,12.451543941050007,-10.47898150907908,10.779191646529522,-10.47898150907908,7.65654730557477,9.900243523156801,9.058773386401436,-10.47898150907908,4.0396270553476885,12.588909233635869,5.81893265199726,7.9210882911774085,-10.47898150907908,10.327052549642934,10.281021190547234,11.700855402895694,-10.47898150907908,8.15341777660995,7.980823799173644,-10.47898150907908,8.108907162317427,10.212122642091618,-10.47898150907908,-10.47898150907908,-10.47898150907908,6.2981873938384885,-10.47898150907908,14.358810693871472,9.084806766616213,-10.47898150907908,-10.47898150907908,-10.47898150907908,11.257552939433715,-10.47898150907908
-12.916699464047099,-0.1510081734427276,5.401948565414312,11.02476156623041,-0.30515837708098376,-12.916699464047099,11.668532792605664,-12.916699464047099,9.269685191985682,9.459308955654116,5.287689215954807,2.3735743318575993,8.112225879318382,-12.916699464047099,4.990819613047374,6.866981427780994,3.7598685213528005,5.541180730529212,-12.916699464047099,1.6454995153386867,6.0203316202809,9.814901203497739,2.9387320074737304,2.977001978851795,4.230301098894323,-12.916699464047099,-12.916699464047099,7.070699567206495,7.227747379763383,8.694181872481003,-12.916699464047099,-12.916699464047099,-12.916699464047099,-0.17999562628261004,4.353549274102936,-12.916699464047099,4.686630518530942,-12.916699464047099,6.305040722148139,5.915362195070079
-14.107260182652007,-14.107260182652007,2.284672209981664,9.696559659358964,-14.107260182652007,7.419459100552947,10.21606291108184,5.985908389323363,5.6551881596506055,-14.107260182652007,5.459901958350184,5.558237762775607,5.827756274500675,-14.107260182652007,3.629233141933489,7.0434540175901486,3.7748811161018745,1.9710547023527343,-0.22409004163491683,3.1885669922246795,5.991880679991141,9.100936470540391,-2.4120048275892136,5.775286111585356,5.979711287216706,-14.107260182652007,7.107838043729336,7.536164894232964,6.89824795874991,-14.107260182652007,-14.107260182652007,-14.107260182652007,-14.107260182652007,8.511872854923686,6.7986604897115335,0.8331802969730209,6.076386104078119,0.9142214817020278,8.580633809183249,-14.107260182652007
-8.933256355759163,-8.933256355759163,-8.933256355759163,14.278746286638615,-8.933256355759163,-8.933256355759163,15.857066775961895,10.166371224423514,9.771173745146823,13.143033987879077,10.89643380050016,13.32402101450483,9.858712051398234,-8.933256355759163,-8.933256355759163,-8.933256355759163,-8.933256355759163,10.358717758320722,6.091214846549503,12.291505721878089,-8.933256355759163,-8.933256355759163,-8.933256355759163,-8.933256355759163,10.047839862008907,-8.933256355759163,10.745260185251976,12.764176591702931,14.275847363993156,-8.933256355759163,-8.933256355759163,-8.933256355759163,6.392976362450581,-8.933256355759163,-8.933256355759163,-8.933256355759163,-8.933256355759163,-8.933256355759163,12.27788372615006,3.990658521942743
-11.151727713523211,-11.151727713523211,-11.151727713523211,11.505813709961691,-11.151727713523211,9.147318240359784,11.149250047168724,9.792847995374522,4.530959107513365,8.059408397992478,4.409498549687765,5.271644391979804,5.398799558666011,-11.151727713523211,-11.151727713523211,-11.151727713523211,3.623133448917353,-11.151727713523211,-11.151727713523211,11.199760498136603,8.80867638459446,11.169773521551559,-11.151727713523211,3.9108154255837255,7.421244849358788,-11.151727713523211,8.84220402517518,8.40515008263491,10.700935000290638,-11.151727713523211,-11.151727713523211,-11.151727713523211,-11.151727713523211,13.784152417675417,8.180351820242496,-11.151727713523211,8.776025938400801,-11.151727713523211,9.414369562202715,6.07723815642595
-10.279871133366518,-10.279871133366518,-10.279871133366518,12.862202504529721,-10.279871133366518,-10.279871133366518,12.851451806106091,-10.279871133366518,8.182623122989744,10.701078803141316,8.105389675715134,10.836233771655703,8.331099345296174,5.722813778313912,-10.279871133366518,12.383739394305978,-10.279871133366518,7.567399129371315,5.22941866928912,8.021350181817395,-10.279871133366518,8.674433376492575,-10.279871133366518,7.057578453498136,8.420484720196004,-10.279871133366518,-10.279871133366518,8.760794530896334,-10.279871133366518,-10.279871133366518,-10.279871133366518,9.949327865267826,-10.279871133366518,13.390938332068057,9.080660610775876,-10.279871133366518,-10.279871133366518,7.786275245401393,11.40225821683616,-10.279871133366518
-14.457632234979462,2.3947525878546214,6.041727261052709,9.177905459183188,-14.457632234979462,4.7915129908476715,8.34860640153516,7.507838169346178,-14.457632234979462,5.706842475654639,5.945800170874981,5.597022926203431,4.006395323052061,-14.457632234979462,5.5556250663656,-14.457632234979462,4.968521596556104,-14.457632234979462,1.7177885770268284,3.220290848876857,9.913534799378372,7.9489667498279175,-14.457632234979462,3.186084864068433,6.422098745070837,-14.457632234979462,6.670758652928901,6.965686880937553,7.308454777260711,7.560812722483732,-14.457632234979462,-14.457632234979462,0.4464406124996997,5.391468017540316,6.904577997040427,-14.457632234979462,6.5381842707148285,1.4753380521891044,8.079571958079455,-0.7586543696762656
-10.842905533640383,-10.842905533640383,-10.842905533640383,5.690605622285866,-10.842905533640383,-10.842905533640383,13.633990443572383,6.32706017836231,7.81403240866735,9.267298908260985,11.320074571207051,9.855042496347378,-10.842905533640383,7.677711047973536,-10.842905533640383,-10.842905533640383,4.077862186836441,7.888563278806929,7.642251238871932,13.2038036895629,10.42356211655408,10.453089730950817,-10.842905533640383,6.000804536418092,8.907234637325535,-10.842905533640383,-10.842905533640383,-10.842905533640383,5.221789446076047,-10.842905533640383,-10.842905533640383,-10.842905533640383,-10.842905533640383,-10.842905533640383,10.629131388086916,-10.842905533640383,10.602473878144293,6.073597853539874,12.479980839355742,9.982339108320492
-12.04796421985568,4.679897057071357,-12.04796421985568,11.031513729311927,-12.04796421985568,7.164486577792135,12.02558212477344,10.111861244595914,0.9690408641105742,9.42388823536959,6.718714680446439,6.649438763894774,7.765663708530098,-12.04796421985568,3.575835273222271,-12.04796421985568,5.538005802256427,5.769044368252564,-12.04796421985568,7.254871198180059,11.334433245849532,10.70259291849396,-12.04796421985568,6.534069782964356,7.759685660004852,-12.04796421985568,8.263657459415148,9.167140121555486,10.684491012721189,-12.04796421985568,-12.04796421985568,-12.04796421985568,-12.04796421985568,11.324833185627744,8.522173748513664,-12.04796421985568,-12.04796421985568,-12.04796421985568,9.796506754737361,-12.04796421985568
-12.0825904803576,4.458155168993781,-12.0825904803576,11.630861277576193,-12.0825904803576,9.779840803964065,9.359514650559527,7.325994434002015,10.141449526156665,8.881784555651608,6.729456454084752,6.744821243482395,7.126502172926152,-12.0825904803576,-12.0825904803576,-12.0825904803576,6.64100572407375,2.124962841058144,5.262217491221657,9.151772943969345,8.119041535790993,11.309823940357251,3.8599607172752917,-12.0825904803576,6.677130635446224,-12.0825904803576,-12.0825904803576,7.238129658948405,7.747368463548226,-12.0825904803576,-12.0825904803576,-12.0825904803576,-12.0825904803576,-12.0825904803576,6.71282121920781,0.9563934620183571,8.183532671318558,2.534922111509093,12.541393502223727,-12.0825904803576
-11.439724431258412,-11.439724431258412,12.881406937878412,12.070719434611847,-11.439724431258412,9.347529776458105,10.393627616759266,11.003335733644093,11.586120498764044,6.957380586403805,7.719315840854419,8.590114187921294,8.952060692062435,-11.439724431258412,7.996078294486619,-11.439724431258412,7.633073148905325,-11.439724431258412,4.5182025849179706,8.00549140155538,8.476284437079716,10.460083402294138,-11.439724431258412,-11.439724431258412,5.406885592359691,-11.439724431258412,6.400780628656691,7.628373646781681,8.120390599082318,-11.439724431258412,-11.439724431258412,-11.439724431258412,-11.439724431258412,-11.439724431258412,3.7444258070399252,-11.439724431258412,4.347085649041751,-11.439724431258412,12.236548833834174,-11.439724431258412
1.5104845089083856,-14.01702073032048,8.815636151034324,8.987732193785176,2.6246193760533094,6.946300838190657,8.232284018882797,3.4091374605224902,10.386172359115196,7.176654903999224,5.160204444014475,3.1855883187330734,6.701574215980715,-14.01702073032048,4.705910457650592,-14.01702073032048,2.9622757284594607,-0.6019862464171315,-14.01702073032048,5.020519931416074,8.452641034276857,8.860901953684333,-0.6958048548280675,1.2191858570268816,4.328505350811634,-14.01702073032048,2.026351482200518,6.433858790046364,6.5648197827484935,6.881743438910799,-14.01702073032048,-14.01702073032048,-14.01702073032048,-14.01702073032048,6.353718689921902,-14.01702073032048,8.188635702391712,2.517809686923811,7.831752459081173,-14.01702073032048
-15.426622849653018,2.1547282267094685,6.31705226425912,8.157708366699236,1.22445128839787,1.7987144497183918,7.969635796649246,4.629592313403204,7.977637803390631,5.4395564809184815,5.969444593698185,5.469856525897578,4.258043371356712,-15.426622849653018,5.715623023278959,-15.426622849653018,4.759524723283548,-2.432090571033884,0.4104354040225117,6.103261700546454,7.46647124487316,7.696115197980474,-15.426622849653018,0.9706186183777586,4.0436199884930755,-15.426622849653018,3.8477495606753798,5.496526100785179,6.706680730382883,5.988844721559809,-15.426622849653018,-15.426622849653018,4.763997705090909,6.619922998736034,5.7555414322305865,-2.173229455457859,-15.426622849653018,-0.3109203571427382,6.044491399096809,-15.426622849653018
-14.3648381502506,1.581282354732747,2.184390420541717,9.030386353722529,-14.3648381502506,6.186167346884157,9.123156223518908,6.193812444999609,8.015193742877665,2.3797306014470245,3.0856235461872776,1.215403375786671,6.976032020546346,-14.3648381502506,4.302311978135024,-14.3648381502506,3.542513856426093,-1.0601515493870397,-0.26414789817324785,3.739074954081723,8.425517002907933,10.02382917775948,-14.3648381502506,4.773048044235924,3.460003613754344,0.42523242507022335,3.8618937128071726,5.591741604953616,6.307071233471677,-14.3648381502506,-14.3648381502506,-14.3648381502506,-14.3648381502506,-1.6887587504795742,7.201201041642083,-0.18468378425421422,4.761511059753166,3.0227371353335544,8.46571539997501,-1.3932953370021646
-0.5751790020435191,2.326991132651239,-15.179147374917415,7.24912652065505,-0.29892573513318554,4.719859817881525,7.863976514916718,5.249183485408685,8.107176801951056,4.832664736523359,5.6464132841468455,3.241633374034284,7.280884818694656,-15.179147374917415,5.4139186574965805,-15.179147374917415,4.99248820643924,3.6332375686521186,0.3264591830002424,0.4214338319093388,6.89796452559117,8.393440769040984,3.2495015486047625,1.6988191354164424,3.2873667949301337,-15.179147374917415,-15.179147374917415,5.583954371487143,8.2152785121762,-15.179147374917415,1.5344826828606402,-15.179147374917415,-15.179147374917415,-15.179147374917415,7.3538209876486365,0.7645950079437392,5.559893382128708,2.5162761552093946,8.344505335592665,2.7810839684418873
6.338715077508667,-9.636664386588304,11.998811869466744,15.070364111423912,-9.636664386588304,11.66448928364206,12.885538432999057,-9.636664386588304,9.416032543234966,10.661096888442577,7.817747281964873,10.156744109296127,-9.636664386588304,-9.636664386588304,-9.636664386588304,5.434462493753988,5.11493992270309,-9.636664386588304,-9.636664386588304,12.39830964835535,-9.636664386588304,7.0890206110345435,-9.636664386588304,-9.636664386588304,-9.636664386588304,-9.636664386588304,7.837524142523339,11.773338127979937,12.135816891211473,-9.636664386588304,-9.636664386588304,-9.636664386588304,-9.636664386588304,-9.636664386588304,10.5571365240712,-9.636664386588304,8.082837025268141,-9.636664386588304,10.993345160976062,5.307017585910167
-15.132669997509954,3.3656197350226558,7.38137149170861,8.425245210794087,-15.132669997509954,5.938707221220667,8.610393211710777,6.971538405464277,6.110365347758409,5.776037524397393,6.588433378397749,5.735302061300992,2.7356684598466625,-15.132669997509954,5.747232000181086,4.498522130588378,4.609419862322876,2.7417306589601926,1.546183703040189,8.192064038503345,5.102884348971293,7.881327962808583,-15.132669997509954,3.286008753791778,5.814970633260427,-15.132669997509954,5.848473130168722,5.535315661665117,7.890596596007981,-15.132669997509954,0.6056284382875985,-15.132669997509954,-15.132669997509954,-15.132669997509954,6.273162240957533,-15.132669997509954,0.17349516212365307,0.49766546547980706,6.2541545678303025,1.1891825725284502
-9.214631585490826,-9.214631585490826,-9.214631585490826,13.928690331512804,-9.214631585490826,-9.214631585490826,15.584367186875763,-9.214631585490826,7.477264544732899,12.46845179691059,8.339024691688493,11.463281174777741,10.311471542368908,-9.214631585490826,-9.214631585490826,12.664848559574642,4.9793160931249645,7.8177528347511345,-9.214631585490826,9.009912624800785,7.65393635986106,-9.214631585490826,-9.214631585490826,-9.214631585490826,10.016268015054928,-9.214631585490826,-9.214631585490826,13.362487067473744,11.814794545889407,-9.214631585490826,-9.214631585490826,-9.214631585490826,-9.214631585490826,-9.214631585490826,10.716130718564424,-9.214631585490826,8.538179804586642,4.390159175724934,12.970926227033644,-9.214631585490826
-1.272895748312708,-17.56410410108396,4.086166863449547,4.552719653618716,1.8932071427271122,1.540733536635374,5.333896411860431,1.2166258944225086,4.971104479049201,2.270437534138128,4.048315570725492,2.9646785262561375,3.742008442013122,-1.1052595856134126,3.8654768380462965,-17.56410410108396,3.6438753908434656,0.7281749394339795,-1.0096908138934704,2.028191534184879,6.095847579153455,4.914053189013748,-2.9288132710978356,-0.9728846312383655,3.1636615972828555,-17.56410410108396,1.9347481040339018,1.173356253428797,3.66515369688046,3.2599839699813646,0.2890043028563232,2.153985146712247,5.526492828562653,1.5066597391773495,2.825407802704435,-17.56410410108396,6.038218610160564,1.5359798107052878,4.141899167517766,-17.56410410108396
0.5241194621746087,-16.513860496024513,5.004346183925184,5.166358054899005,1.9822059841075998,3.176187459828546,6.526336041965128,3.615976792282553,7.109565700477159,1.4648986183660122,5.083560716610483,4.135328138602473,5.261980672216066,-2.541345334550084,4.647331186097373,-16.513860496024513,3.3255818016053813,1.4396924953816344,2.0551540510549797,4.480492985064294,5.929602569409022,4.41006603715224,2.9032152277357506,-0.11813303271034002,3.755416784647427,1.0667958946713822,2.4266254404207843,1.1254973983077823,3.5628936257868085,2.780495715834805,1.8404667580638763,-16.513860496024513,-16.513860496024513,-16.513860496024513,2.773962755736782,-16.513860496024513,7.242862497943175,6.380396591713437,7.059088197350258,-16.513860496024513
0.9777961084563803,1.3925174445719395,0.9044179433678895,1.7779633335426042,2.8803799878321152,1.3717873358248243,6.327553602220979,-17.079616590467822,6.436141693906437,1.9371496267109998,5.479934243832095,1.3005546205597462,5.939060670225212,-1.8954663521694837,-17.079616590467822,-17.079616590467822,5.328912370238293,2.8012825435916495,0.6780581492427562,2.9005131856760906,2.4409423106030035,-1.0836884604893655,0.8154632610511483,-0.23784450541812974,3.218404812332769,-1.1418443738803117,0.8891361866794263,3.8347488309101,4.792352440604317,3.730936419682947,1.2365921429890758,-17.079616590467822,-17.079616590467822,6.707879068914209,2.740274742338898,-0.06380155247098684,5.526596775021925,2.789863722304352,5.007337504488718,-2.34382288095356
-2.22051227793468,-18.4015828219511,4.340435948569449,4.049106609396092,-2.195476202094977,1.4437953568099164,4.2913264317387485,2.525284865784993,2.7076594471994024,0.7218488436561196,3.168516482283018,1.7502400628237915,3.2075227871857988,0.7419495301212067,2.757049909237769,1.6049191448821671,3.677719179612002,-3.8731219659347396,-0.720302622129344,3.5493860180130716,5.403359471335552,3.713469765542221,-18.4015828219511,-1.8159866093085206,-0.07104561690838399,-1.0727373525904402,2.064258530997824,-0.8417580793329417,1.4903995722258507,-2.6161664699052896,2.8009312812251195,4.308647360318541,-0.5019463851212029,3.7529913721466595,0.9017077716435528,-18.4015828219511,2.554198512901055,2.202392594930687,3.799103816501424,-2.3944186199682216
0.8677135410996644,-15.8486690643699,-15.8486690643699,4.082579083958664,3.929649334025229,-0.16907822055919744,5.1439060957341445,-15.8486690643699,5.5705500129655166,2.2816593919437893,5.501107232851112,-0.41972837349882103,5.2972925766016195,-15.8486690643699,8.356920582198264,4.556647915362695,6.659789729542553,-15.8486690643699,3.9228601963582608,4.330145422884522,7.730633551605136,6.926780163613937,-2.9006566931608027,-15.8486690643699,2.8855807802944313,4.816935880633229,2.427217106237253,1.793742267382688,3.753401397776663,4.934185564930321,1.9025810451710856,-15.8486690643699,-15.8486690643699,4.812114803019661,6.2832908760090636,0.6284987249592731,6.255760494698655,4.878359684933283,7.39929448573782,2.3496178596494333
-0.17645930331325507,-0.22749875705034878,3.3393096346314097,4.371359781459651,2.24027466448701,1.8288693620862864,5.567267781939589,1.9188495682756384,5.969976473286923,0.8873668526442233,4.6796937874258555,0.9293202489354317,3.9765995155551708,-17.665481863647496,5.080653840870433,-4.871619775441285,4.070286297128814,0.09102782741023302,-2.391356050425594,2.4772509388950934,5.8009117010781885,5.144418334642631,-4.012489058711102,-1.013234705003045,3.1909503001700426,-0.22776595811360295,1.4670206060371156,2.8038589989343414,4.160869575431417,-17.665481863647496,1.6358624386809497,-17.665481863647496,-17.665481863647496,-2.802651960525533,3.5247329424423324,-0.6802856829889886,4.491226675581772,2.9957170629467287,5.046329329290836,-0.6247158341053564
0.8877475056714818,-1.9992928693386085,1.7513700911695396,5.240545906866115,1.2330131493546044,2.182488102134812,6.656885738629448,3.4196357290617065,3.5660228341291087,2.964142195059879,5.2858005535276895,3.2826227710246902,4.927964308663734,1.2335688592806069,5.971827791456303,4.53216937917208,2.633930467146764,1.1688821799479878,0.4917565220135127,1.664629509714117,7.420523076060629,4.169949125232347,0.2844536037503944,0.986353166463874,3.282676459897588,-2.017055319368188,2.8079838909295307,3.0291866048914997,3.7081328431772826,-16.85860783158861,-16.85860783158861,1.578143102381831,-16.85860783158861,-16.85860783158861,3.9623381028692144,-16.85860783158861,6.503936739104212,3.08484120976459,5.254473659691283,-16.85860783158861
0.7231794874773465,0.6809302543658325,4.860685158806641,2.636990543367129,2.3783027943317303,-0.3015798189397012,7.195466038629302,3.8381310492738034,5.616394951834397,3.0420528556620186,4.995050871826495,2.4112181571224105,4.851410647567709,-4.189892641940852,4.579602741346297,-16.955583932545224,5.266472014970803,-16.955583932545224,0.9976499269022404,-16.955583932545224,5.2151089937589905,4.7747964038932595,0.4528457159049615,0.45806049360100143,2.839445104038676,-16.955583932545224,2.1851293256158333,3.907461238799017,4.925763638436064,3.821289020786811,1.515789935228363,-16.955583932545224,-16.955583932545224,0.03380512619751842,4.584616282176992,-0.26763926081036793,5.669172822973375,5.602122439165608,5.991337420070507,0.4423338628311458
0.4442578768321094,0.6802110107972464,5.7010066108435185,5.195242657285868,1.6959002264281775,3.572186769542891,6.826999773680685,2.678534245449384,6.417027371272729,3.6303908743447195,5.504330170652446,3.829828526731155,3.372567060109847,-16.505006296137537,3.2862966420799133,-16.505006296137537,4.3847311490194105,0.8208549872718468,2.007797745810562,3.1983844954509975,4.801134161908265,4.0615355540321625,-4.522070951941104,-0.24714861584754,2.1396976201490125,-16.505006296137537,4.036581777935135,4.550451200963932,5.790944253481021,-16.505006296137537,1.9589254993858534,6.044262614478115,-16.505006296137537,6.573537648220171,3.048140512461824,-16.505006296137537,5.7392858238482765,2.9684173063142767,5.344801473969837,-16.505006296137537
-0.7224499648075997,1.69572916308268,-16.25893998882974,5.814225898302722,1.9255119769243985,2.0757470528536417,6.757111079037552,4.424763477645173,7.31653930613421,2.6841589308552676,6.180296189429971,-0.004566632318843528,5.296069074702162,-16.25893998882974,6.279803471727642,-16.25893998882974,5.625405765416402,-0.03288710659972724,0.708451567950053,0.6562123511443783,6.796002644084204,7.010219407106711,0.9327919989028597,-1.8724493193081384,4.8640679449922315,0.49784670969077316,3.7442184880285945,2.490756698263697,4.167266615198186,3.6738304144913103,4.511581503147993,-16.25893998882974,-16.25893998882974,-16.25893998882974,6.4651542848892145,-16.25893998882974,5.6039777079535185,3.8200069281433353,6.8908174125189845,-2.463631117775345
-0.651268594172316,-0.3578558539706554,1.6246926055528574,4.519464136062332,0.1880216713780235,1.9219409162155086,5.420383248337275,3.840726124410342,5.695995007172365,1.2546385906070068,2.8245507147032276,2.2404553825789453,4.06407805113204,-2.086353031886385,2.066368755793314,3.4388112499687367,1.4201013003127034,0.8394621892580824,-1.4402734168859856,2.558689618713856,4.219116379092905,4.956077697649038,-0.17095297424123418,-0.7262611286045159,1.0842013742824657,-0.01992695870510069,1.909123191218959,2.5438011719111198,4.535020363518442,-18.065186730453718,1.0935667621919272,2.3267794702779647,-18.065186730453718,-18.065186730453718,3.1133560795134274,-18.065186730453718,4.4486745653567965,1.950548987594267,4.133013725817107,-2.518020450339961
2.685247267205319,-15.133223309440707,-15.133223309440707,7.6713885047214445,3.953849882898363,3.15894202364762,8.680692631223145,-15.133223309440707,-15.133223309440707,6.025267065624756,7.977547645561649,7.449986986572194,-15.133223309440707,5.058878134445094,6.877938194542437,-15.133223309440707,6.9134955933184195,5.822137892310604,3.9090012015830564,8.606676334190565,7.1358950646277295,7.022337451425039,4.185176784875357,1.8727636400223318,5.925585762023775,-15.133223309440707,4.82902327783938,6.851286572923021,4.909041287465169,-15.133223309440707,3.4630061154081493,-15.133223309440707,-15.133223309440707,2.8594399372751114,3.0984737469243653,0.012011522705292316,4.518996769473829,6.1330235799415185,6.037084545753609,-2.31196232212125
-0.6501377253280436,-17.487535563032363,-3.42516414588687,3.7696999954521564,-0.46887210003123847,-1.0180789925861071,4.464297149682651,2.050677357711481,4.310019132177321,0.20125719283364524,3.58109145866047,4.138343899530317,3.7774322787177574,-17.487535563032363,3.034030161116969,4.0618424371561845,4.26066372946331,-17.487535563032363,3.3904836300954213,-0.288652174385675,3.9200031949533423,5.023384662315573,-0.4640078830980502,-17.487535563032363,0.02034836321290628,5.077082759701192,1.2974410189369505,0.2337787206709118,2.8237842112159455,1.8992541235806262,1.5554942955380529,-2.8391154473504727,-17.487535563032363,6.254533846488369,5.239015400794144,1.4071408376603733,5.51294627566012,5.773889339503224,5.048151478586755,4.4656193324121265
2.593021543704848,-14.011811996953185,6.664362233507593,7.5774066108982465,5.133029985935605,-14.011811996953185,10.09964737025021,5.753846202087815,6.8974768720342485,5.532531311117943,8.80358946985537,4.93932051778374,6.9063954289661655,-14.011811996953185,7.755254371385495,-14.011811996953185,8.630775043987912,-14.011811996953185,7.777973285458276,-14.011811996953185,8.988727278932764,8.91360183306971,-14.011811996953185,1.5971234759475421,5.641195747737776,-14.011811996953185,6.055486832484569,5.985576836876905,6.654216600576035,7.337156949590955,-14.011811996953185,-14.011811996953185,-14.011811996953185,7.060165158978054,7.822814521812613,-14.011811996953185,8.508912040728658,4.5628765680511805,7.961071868631129,-14.011811996953185
0.6002232824434796,-15.010374700954467,-0.19056216749302574,4.816574587775766,1.6494637345779195,1.5375534796221177,6.99299130098344,3.8431268876026845,5.431429676678284,3.267935713236207,6.760339946758259,6.468444879649854,5.845032814285678,-15.010374700954467,7.091911606647078,-15.010374700954467,6.966750646208488,-15.010374700954467,6.135062580215912,3.8664008983949216,8.356275519036895,8.53610286558648,-15.010374700954467,-15.010374700954467,3.2189033895772203,1.9101709102771962,4.627737869967884,3.2101463402900423,5.563520680498778,-15.010374700954467,2.7686121630238287,-15.010374700954467,-15.010374700954467,9.047582907544982,7.143754861702062,-15.010374700954467,7.033294061464679,7.280291732576905,6.0929153523020005,4.231758488108691
1.5561824261209432,-15.181413919050335,-15.181413919050335,6.277804724757246,4.115776690926672,-15.181413919050335,7.663712178772567,-15.181413919050335,9.554545799811791,5.372095094395296,6.395922506210661,5.506255828888839,6.119835130607828,-15.181413919050335,-15.181413919050335,6.228503045215578,6.346527056730413,5.6270382981751395,1.397266202328709,3.9730759919816334,5.067406439829958,7.46815247831062,1.9566115346036514,3.043738452780327,5.576272669064371,-0.3579450757226454,4.641729769643408,5.331056810997389,5.908707859844639,-15.181413919050335,2.2613666379848567,-1.7663794351469868,-1.6143634383341006,-15.181413919050335,5.236168795692294,-0.8958991068405209,6.678466229018096,5.5752189943986785,6.387874680405681,-15.181413919050335
-0.3282931995572791,1.0084093716380593,-17.633012047031453,4.0329332565166,1.328189041846394,0.9840575191432306,4.77745612457705,2.9404536339865612,1.4666155331512256,0.7436123211744065,4.312778439929908,4.7938557712554974,3.1664089517879757,-17.633012047031453,3.478850761573988,0.7080842284064415,4.905422121411768,1.403988832766809,-2.686099054995484,-3.0065708284065034,5.206649054108737,5.397828414567317,-0.07058898011216294,-0.8197711629503153,3.4235352277764233,-17.633012047031453,1.6934645537446178,0.8525196786126011,3.7905553174927986,-6.8132137628211655,2.3545748227229346,-2.2344073466338914,-17.633012047031453,6.255075460136404,3.8940430147238407,-0.3659278683842349,5.5103178724369375,3.5533272112727836,5.420326610012517,-0.5464127547869713
0.5903990876544054,-0.27316583358712493,1.922828076081431,3.804124976713677,-0.12445143137143067,1.4123659439252394,3.929130728921095,2.485089121030156,4.847262232850245,2.7180813512611675,4.237220884285779,2.8332967326333414,4.946069617146027,-17.542466254958278,4.046348446779173,-17.542466254958278,4.4105687800504265,0.43083305342674,-2.8556619126406306,2.0917018886602006,5.786372514359902,5.832865503285174,-3.7995253145606003,-0.5072801519872141,2.2215491582835822,-1.2304498289903323,2.523019547195981,1.3651366948236674,2.3796439408342938,-2.5606844483256483,0.7564987416043214,2.6910013270462048,-17.542466254958278,1.7467005751159657,3.2067499408449303,-17.542466254958278,4.6583846924044545,3.721948764620975,5.0391376775794585,-5.113246058121894
3.679355048774112,2.7174737778313847,-16.967418438263277,4.910490243491341,1.8084862043706718,-16.967418438263277,7.21358893152196,-16.967418438263277,6.074267454368374,-16.967418438263277,4.809165904062262,4.148085413885749,5.03657566773804,1.090138052448595,4.307914769436986,-16.967418438263277,4.616227879038563,2.416169416009638,0.6415568115224597,1.5969296641632607,2.7863668409314357,4.321615650481173,1.143470961280614,0.7962541910351405,2.92032987913747,2.344809427772538,0.40714761444443215,3.495521057538563,3.329102474302182,2.2905964108901617,2.292715193158087,-2.2476893248008984,1.3118139536241247,-16.967418438263277,3.1486577084693272,0.4139561511909343,6.372871629708091,5.721483141395344,6.069530678442111,-0.1804682480845485
-14.954964556955067,-14.954964556955067,6.153189461791204,6.881201015596128,3.0245721019769625,3.114170935091185,7.098961359573688,6.320926980375311,9.27876822704121,1.6984542479176385,6.128183077175302,6.517611379522827,6.327271145649594,-14.954964556955067,6.289657264974224,-14.954964556955067,6.879941666904576,1.9497686631878763,6.016270118801538,2.6339963795460752,7.508888500312566,7.40095168598475,-0.4216137180357172,-14.954964556955067,4.06047847115278,-14.954964556955067,5.0723501741042805,3.129823796232979,3.9643680159050696,0.8443024301062074,-14.954964556955067,2.730913352019229,-14.954964556955067,3.0832837926581647,6.079895173221717,-14.954964556955067,6.441847613406126,4.39539687593701,8.945815381420172,-14.954964556955067
0.3024527120339185,2.3275444823231686,3.7541120736361404,6.040233805745078,4.461053227750344,3.6525680034564325,7.858580540751102,5.057314275809849,6.20133025067214,2.692651273474811,6.673945979500782,0.4774685061449825,5.530229496418254,-15.406169960021096,7.973522202758521,-15.406169960021096,6.359458750606456,-2.188494584632277,-15.406169960021096,4.646023252640015,8.409999324876678,7.9659734016987365,-15.406169960021096,-15.406169960021096,4.250883015208224,0.4837697234276023,4.888648693960098,4.911680769067117,4.519143584220232,-15.406169960021096,2.8349055465989914,-15.406169960021096,-15.406169960021096,-15.406169960021096,6.90119136589268,1.0985477791786882,7.329096021664263,4.0526651071033415,6.816404141894081,2.3726269163094353
2.0720811253414104,1.5955316441961263,-17.249370542889636,3.389252021075998,-0.7548952960840719,2.228753216166196,4.819216607842258,3.091638772551079,5.072310681244676,1.2392491934140961,4.631351797340918,-0.3501167882611139,3.952294829460374,-17.249370542889636,4.367347194436136,5.119009183136335,4.584241800383321,0.10825811674510914,-17.249370542889636,4.554951031450374,6.663465472677948,5.180385504471186,-0.04372351691855484,-1.9940246199106457,0.5789129416861089,1.9581753900491232,-0.7514694622042799,1.581497482141482,2.7790266346019346,2.724516331142463,0.6684527634803064,-17.249370542889636,-17.249370542889636,5.9511687181795985,2.4241874515990838,-1.9682922119641086,5.8187809680191815,3.059046296152411,6.085151882351788,-4.188880441546084
1.1748008549414357,1.4714668349010644,2.429095733050176,4.279726509845955,1.4305768547800408,2.112805332195671,6.591086581539525,3.315125213216784,6.6137588626160175,2.4791044562172053,5.238082533594407,0.4937750587163615,4.461380893006733,1.9617048898240186,2.73016881683331,5.146968572683677,4.498994244204654,1.2661119159789254,0.6139648289455818,-16.35428179411739,7.4693028826642704,7.166701867810316,2.173188453003642,0.07203365398564203,4.079313329006751,-16.35428179411739,3.106074777815469,2.681638646923509,4.1902998639479945,-16.35428179411739,1.080490177882416,-16.35428179411739,-16.35428179411739,-16.35428179411739,6.298679150217236,-16.35428179411739,7.34907360467866,3.50231646380716,5.710769935486239,1.2913907645008091
2.066256604748329,-16.411749215266177,5.581310874122134,-3.1070626144026154,3.972569326025851,-16.411749215266177,7.417269884041468,-16.411749215266177,6.571678438891385,4.082593904359229,4.6252099498570844,3.414709841330529,5.1547548246552,0.07652979871643892,-16.411749215266177,5.380906052014659,5.69272808699426,0.773124035251796,-0.8453010089830066,3.6618502996467273,6.83071760718583,5.63224526787961,2.1922525941382354,-0.9650390573915922,4.195342292486458,0.38944333090363636,3.62552378962749,4.592732836203269,5.3626319100319995,-16.411749215266177,3.3843924216269157,2.3673749150085137,-16.411749215266177,0.9170962540944801,3.817302265358651,-0.47517532102717763,7.345271294590461,5.4829486724728485,5.668055136404156,-16.411749215266177
2.043700456040353,2.079602618798772,-17.333106932127155,5.2366085592878635,0.45646204098170945,1.5403677056982443,5.563519887060121,2.993093422376876,0.9850980313150786,2.3662551250180224,5.437431014656314,2.8563375629643857,2.673456466685443,-17.333106932127155,3.916554682766837,-17.333106932127155,5.294571235947827,2.78575493592386,-0.5188685417786447,4.913585667360691,6.214963464582153,6.151333356481945,-0.22844845902374206,-0.022301638781805067,3.7182965053706747,-17.333106932127155,3.6019178980759867,2.643188919672399,1.7662670404877994,3.9180127230524944,2.679682437772449,-17.333106932127155,1.4560982790386343,-17.333106932127155,2.9778504357393834,1.4524946715603089,5.127729664092028,4.3015335730297695,5.862525590296761,1.7539662602119148
0.7988343490459712,-17.590974741552838,-17.590974741552838,1.8192100243186984,3.9945986028918363,1.5581238018681123,6.151908826656547,3.850652704081795,4.4642401412869805,1.6356460149012728,4.032423990054948,1.766269843032962,2.5925343074300664,0.7907572626581238,4.623294510241039,-1.4688869697233928,4.4962554884354144,-0.3525052775291109,-0.32611172827316176,1.6415691211047563,3.932708467469128,5.545767978393556,-0.22872446781730763,-0.6304501642524978,2.6644132067594555,3.4019822990880497,2.36439881883653,1.4893481095724375,4.1568118223886925,-17.590974741552838,0.3419456678511771,0.2820435058736251,-17.590974741552838,-17.590974741552838,5.924283468351414,0.11349490270766911,5.523555340624974,4.624727666793424,4.161928369915287,2.2178237027257244
0.20518241156397168,-1.1238655962699586,-18.54487402658303,3.6122040983686117,1.8282242204523946,0.6423437598035235,4.044194487898024,0.8450693378032224,1.2779744301061455,0.5916933897863549,3.769667789031279,5.168186491300916,2.648832844558622,-18.54487402658303,1.6603065675469395,3.307995531849166,2.8312481058603036,-1.5088888824507576,-1.9363595003993976,2.931528117208184,4.949182041349389,4.714600546246118,-1.9878784269557788,-2.8095038501358305,0.36149913764903824,1.5557030953159294,1.9091388746889528,0.25095007246301787,3.0464959962739737,0.537101973641921,-0.6999130285305454,-1.761516347140421,-18.54487402658303,1.1884007182504785,2.878643693149718,-0.45214193442982437,3.3948760199226493,3.007166310994077,3.8399135048573094,0.9163660781213977
3.6426443543253244,-13.982856505650338,-13.982856505650338,8.269339761615727,5.912976190068159,-13.982856505650338,9.60270563630109,7.779328231436238,10.113889447414312,7.243237057575819,9.433992047952,7.833690769864494,2.585677682793738,5.632988362873111,-13.982856505650338,2.268895617609715,7.369972202513533,5.977483258272753,4.728626445566687,5.822667549658234,4.98212332792804,6.010058603814392,2.9408217998804664,-13.982856505650338,7.892360155070328,-13.982856505650338,6.339319638582007,-13.982856505650338,9.286020599779103,-13.982856505650338,5.014212863871017,-13.982856505650338,-13.982856505650338,3.153725425610926,0.9412170018681626,-13.982856505650338,2.210346710559161,8.095728888374397,6.710228436625152,-13.982856505650338
2.5019958899230827,3.6936298546811694,5.063531530839,2.921267985212246,1.9896391338342798,1.9535182089193288,8.330978180912826,-15.920882447550818,5.4689093493081575,4.191626928846377,7.34743454584162,2.4385609975618694,-15.920882447550818,3.7076236730314376,5.891312278584518,-15.920882447550818,5.409885532371672,4.092984870282366,3.797507317956882,-15.920882447550818,5.227252353144225,7.133465556245566,2.3138301107312347,2.616069086969275,5.378496629219983,-15.920882447550818,1.6023293433018362,3.7000040171695616,5.151101764323461,-15.920882447550818,0.5279548371588072,0.20914187308699958,-15.920882447550818,-15.920882447550818,6.281462015836662,0.7556855378490814,7.714255135053676,4.177231251189985,4.639982101213101,1.138391689806212
-16.800692838149835,-1.608938002393953,3.24230255802472,5.876330845533724,-16.800692838149835,2.181373560884401,6.240533285490444,3.886033489042841,5.805231417643636,3.048023840899852,4.957261688690264,-0.1121827154847581,4.487727704849515,-16.800692838149835,4.345222932314147,5.606359283243178,4.190682268305535,-16.800692838149835,2.940382822815805,0.4802411050356317,5.611577813603743,6.220473134596829,-16.800692838149835,-16.800692838149835,3.3080706280753347,4.709852393358746,3.2139872565785543,2.7678347075215295,3.6340505746815546,4.987642292534332,1.5802070461965112,1.9793392719259593,-16.800692838149835,5.563527020192199,2.581710792896856,0.7664372272292491,5.4105503720647565,5.007079602075173,2.607370641509602,2.0885530071129144
-16.72002096502826,0.8673305907739599,-16.72002096502826,4.542797885019099,4.256087022303814,2.527113331168259,5.794559242271062,4.256374319498984,2.188380535115241,1.844586956390255,5.188395648309161,-1.3505849931436775,2.902309890887371,-16.72002096502826,7.472090621658598,-16.72002096502826,4.766445028988435,-2.2521847001910995,4.691871852248606,3.3449820951431404,6.8924097908214454,5.976667347949263,-0.859401415098559,-3.597655587625933,3.220610527043895,2.729278699346682,2.50387139882524,2.9888174722332717,4.520382533394046,2.9080965796808282,3.432916914771898,-1.0560554366790846,-16.72002096502826,3.620797805821059,2.2271618879817767,-16.72002096502826,5.681266238892854,4.498404421654477,5.564347217048004,-1.9723459323328323
1.3786058701950827,-2.5275661382915833,-16.861871084908945,4.59960611677376,1.4749931838246049,1.425963757130733,6.135666786631802,3.096601184673559,7.082316083469954,2.850958165019884,4.967942141355601,1.7379595330315478,5.052841431301777,-16.861871084908945,-16.861871084908945,4.62165370305603,3.322221094470579,-0.5392031867222599,-0.35240918260871074,2.4254058220975243,5.528159619852038,4.372966098283321,0.8606499567604351,-16.861871084908945,4.4491314162451285,-0.9507994803837274,4.070771981665938,3.193895826808074,4.006706484062275,2.857146744134025,3.0046692598561386,3.8898558656314393,0.7766126835126681,3.4577330183716963,-0.26382141197053344,-16.861871084908945,7.33405537356573,2.9640974991088114,4.865839208540332,-16.861871084908945
3.6628143411018934,-0.8475117024919123,-14.184988072415111,5.1230488104307215,4.414508097364523,3.0599833648885837,9.153720596682948,4.0902043763546905,9.024363718749727,-14.184988072415111,7.340023712398083,-14.184988072415111,7.091185389251931,-14.184988072415111,6.805262109969648,-14.184988072415111,7.482082491394639,-14.184988072415111,6.54006616538873,2.508034183990341,9.64176877575345,8.854862405065733,-14.184988072415111,-14.184988072415111,6.500804325045934,4.011923937336943,1.8540644794278576,2.3892658643382445,4.804523023251692,-14.184988072415111,4.938740681725202,-0.6841868894284625,-14.184988072415111,-14.184988072415111,8.064194928129451,2.2731449525032916,9.376003266474896,6.9992721830626,8.316676711643078,3.2460244967617395
1.1104844732978698,-16.26805885726707,5.399750807751208,4.606613899695032,-2.5038405410593234,2.7085164795544516,5.995344116300244,3.945846949739184,7.687270266510787,-3.273526578647938,5.5347689583296455,0.8120654554509485,5.878180365298718,-16.26805885726707,5.570237089002884,6.179158589480512,4.653385482115782,-16.26805885726707,6.078930367288459,2.893797041021356,5.262267496479619,5.715484500499318,-1.497036469660051,-2.1377368295360237,2.816237269789062,2.630779686386142,3.175756037772112,3.460657367540079,5.357139118980366,-16.26805885726707,3.128689826363207,-16.26805885726707,-16.26805885726707,7.063643085814136,2.047150264855405,-16.26805885726707,4.1206848417790125,4.183030736100636,6.735688580518611,-1.4630067339419075
1.004804412219891,2.1134313931285926,-14.53881576551586,7.754758306775462,-1.0244089489850692,4.835181713001712,9.408230250310005,-14.53881576551586,7.886503627756422,3.427419703859615,8.141116450136279,6.162950606339047,7.156281465222705,2.5762285572344377,6.986657914105435,-14.53881576551586,7.196668974294954,-0.6371265938797618,2.7616204202973207,2.216385728000852,8.548937087885033,7.835806976654223,0.43984591475404616,1.2493861032634181,4.415840567963891,1.1314292173323681,-14.53881576551586,6.295633601285941,6.837498954392608,-14.53881576551586,1.9618175571197412,-14.53881576551586,-14.53881576551586,-14.53881576551586,7.004291575471411,-14.53881576551586,7.613942801495039,5.639343515412478,8.447679802310551,-14.53881576551586
2.2917625049420294,-16.181226028124048,-1.2310924224252748,5.622912341351762,3.174253123184862,2.974415403996916,5.989090548019627,3.383295280285429,5.367683472109774,1.9151086728362032,5.8410318418122635,5.806643823460677,4.686321955316659,-1.2873055486731875,5.571312737769119,-16.181226028124048,4.958214036398444,-3.307321445918942,5.825320897629902,1.3293945585495182,7.496618262026748,4.017453271496095,-16.181226028124048,1.4844321528268798,4.125705849665482,2.519583340182049,3.069228498281567,3.238725379660125,4.783769562397521,-16.181226028124048,-16.181226028124048,-16.181226028124048,-16.181226028124048,3.2787415419486807,1.9841753073922594,0.46514221916624515,8.111851902916472,5.972506545901326,6.398464353835862,-2.588857771474765
1.9376364256317373,3.571605872156951,1.6072352385011333,6.471930595862579,4.359487093374538,2.2089061145058753,5.446978393703158,3.445578507930801,6.548066032535244,2.9949323735327016,6.649160745874388,6.9668159788738135,-15.87644175750276,-15.87644175750276,5.414776450448207,-15.87644175750276,5.399668421945738,3.5588535380048785,-0.20619677465453345,0.03462984702245436,7.929431970818245,7.2069910522532705,2.482576336693532,0.21736130334552478,5.321174498320985,1.8327241689022211,3.1935387724533877,3.349821600807613,5.762270455349612,-15.87644175750276,0.45515114849340366,-15.87644175750276,-15.87644175750276,-15.87644175750276,6.325136845006198,-15.87644175750276,7.831474171894076,3.3790159334799257,6.6433637720105665,-1.3285628250561456
-0.17131306198939378,-0.8379840383934821,-17.828209567246205,4.354549976243978,-0.3696017216519647,2.4416029273658215,6.613298875873747,3.0410249978925457,5.032519047444314,-17.828209567246205,4.331118888167072,3.5544036180660394,3.2271905402227246,0.5342062791741407,2.454642511727929,-1.453922433528099,2.786167315306296,1.5312667678313696,2.1494993844301296,3.062018812558163,5.345441348140046,2.770422321164796,-0.6005616546107873,-0.9908117295418853,3.1336793926505124,1.9969983085419405,1.6364512732417105,1.8771480112144576,3.2497191915793926,1.0687674717857092,-0.591045586394002,-17.828209567246205,-17.828209567246205,-2.9308934999472105,1.7636521613071103,-0.2298739195671617,3.319611333567447,5.377728759025974,3.148348741140979,-0.3126323410555531
2.043918439653906,4.661277625703891,5.5254550205400434,4.33588487980252,3.7247861563622067,-15.405751386630197,8.318656067007444,-15.405751386630197,7.333466254159621,-15.405751386630197,6.416593297129144,5.5604527865429105,-15.405751386630197,1.9605253520210189,6.153232667960788,6.5676138750118165,5.464329721123057,0.12715440480646684,0.8158030628676736,-15.405751386630197,7.450269245011577,7.757575396399518,1.4819894621785312,2.1962189764626134,6.39648509906898,-1.620699005223328,-15.405751386630197,5.2702236625699435,6.268998566144641,5.992874371870312,2.5751833307602587,-15.405751386630197,-15.405751386630197,-15.405751386630197,6.820655853854119,-2.3452612852866452,8.283816368430516,4.687304511404871,6.990957616913824,1.4360206984194945
0.11546962084163476,1.8653890861764033,2.34807571910814,6.061760649453512,1.5288645321773502,4.1766822219839375,6.120897885125825,0.12097376255818028,5.993653600037481,2.9454901990932676,5.526317870750007,-1.0362067714310488,5.117524927826967,-16.692267121522956,5.00067096021838,4.992927984016818,5.224969667872037,-0.024317402127764596,5.6589403729517445,0.05816362373351295,5.060082275130067,6.721815266647459,0.0890318851420706,-1.9021965462021317,3.6048818211157183,-1.9888648946836758,3.4494108003129424,3.5540590892677373,-16.692267121522956,-16.692267121522956,2.8829965859658255,-16.692267121522956,-16.692267121522956,-16.692267121522956,4.96816209054993,-3.985416157781854,6.065325206554477,6.564000843777629,6.399282593781881,-3.1252166408067215
1.1780334422492498,-0.335858885159958,4.752271960205861,4.807185854083791,1.447667049615504,2.0622307294515263,6.04403511318869,3.8724188615671795,7.223812521263689,1.788162193987189,5.992564686242941,0.17282536752150318,5.174728045994659,-16.386745893376695,5.234711876215921,-16.386745893376695,5.848303130118025,-1.0850954130784944,4.9217644916959244,5.969422397945975,6.097856287308149,7.0823860254203455,-16.386745893376695,-0.9419945996037272,3.419829134175223,-16.386745893376695,2.0685295050001398,4.053334414497178,4.292024544728654,3.178953515240117,1.5325644020902593,-16.386745893376695,-16.386745893376695,3.571017102967707,3.220771672006724,-4.131878321783664,6.892223614243519,3.584450443579116,5.717970090657945,-16.386745893376695
1.4072970483197,-1.3731987432485295,-17.48326232331603,2.596541336751542,0.0465517654747474,2.451556155416088,6.019097282166775,0.7888024079098246,5.629782300418337,2.4769058625175293,4.429622797579739,1.7681076945722514,4.28934152131342,-3.830269518379636,4.381777457995727,-17.48326232331603,3.941332135242365,-1.0747382994435928,-1.1476387793786178,1.8784798147378354,4.980962549626447,5.375605610461685,-2.6239473610660284,-0.7964495135508035,2.0985046036912567,1.7971811324012414,2.8850841720053886,1.8462010410503127,3.5236022613975932,3.3886217758185593,-17.48326232331603,0.27208096016712424,-17.48326232331603,-3.51933089816489,3.5555220328624824,-2.3301223137459903,6.509740119403658,4.191240451725268,5.484571706849678,-1.3853692776344202
2.943877867912067,4.725832791366142,-13.679226581840707,7.599939578385713,1.1183628230674905,5.016051002613568,9.289733310382209,-13.679226581840707,9.493156365279543,5.244469369832719,8.386245878560109,3.42692220444874,6.770838488564288,-13.679226581840707,7.898701361745627,-13.679226581840707,8.572854792108037,3.676083236242503,4.943905098368044,-13.679226581840707,10.25978739389922,8.609661112164327,-13.679226581840707,-13.679226581840707,7.616926585798262,-13.679226581840707,5.335830186090652,6.476801999177139,7.236055335284411,6.64967727995064,4.885987321498219,-13.679226581840707,-13.679226581840707,-13.679226581840707,6.158956452778927,-13.679226581840707,10.22947038947988,7.255345016243549,8.008472322687073,-13.679226581840707
1.8735573115406978,-13.398240212463708,-13.398240212463708,3.070512380530314,3.232679124803513,-13.398240212463708,6.925010638938165,-13.398240212463708,9.677497423177089,4.562941550720813,7.222272818016091,-13.398240212463708,6.448652480676554,-13.398240212463708,9.514461056255978,-13.398240212463708,7.346199860693158,-13.398240212463708,6.666067289592234,10.789349280562556,9.839207864971515,8.397913185120833,-13.398240212463708,-13.398240212463708,6.874416697774528,4.39395688300209,2.6696143272103305,3.0184775251687004,5.816744408527298,3.813790171101228,-13.398240212463708,-13.398240212463708,-13.398240212463708,9.664756202004932,6.891886089127714,3.765769973299306,7.955797276815059,9.35388151620402,7.399056451732262,6.992652974461207
2.0255190507567686,0.9691806600375935,2.956057642080594,5.180062458263239,-16.598184174676184,0.8419339740414438,5.870177454925604,2.605941392385204,5.527404380463163,2.681920613695285,5.381734199718206,1.037672622064543,4.166684153083993,-16.598184174676184,5.342732494707057,-0.9263754700962953,3.712637256929354,-16.598184174676184,4.768691900416266,3.4762192757339485,7.2804795234536,5.698993946516255,-4.615248830479751,0.020686824800684442,0.6814985954105385,2.7893663443212064,2.52499984971359,3.029215602261916,3.985819596086145,-16.598184174676184,0.1789847282413862,0.6880498586933832,-16.598184174676184,-16.598184174676184,4.471065661876322,-1.2566170958255791,6.870151437911951,6.288463307017231,6.542828580860322,-1.2078269420081118
0.9118170996591352,3.984732775208651,-16.458184037976363,6.317904687060919,4.618172327259585,3.758596742961926,5.741641819715653,4.588714822368497,7.211541367002754,3.4623875759099794,5.184348099844544,5.822775789393957,5.477299520658885,-0.14123744630566765,2.485507790533126,-16.458184037976363,3.369622579124287,1.8514534183571114,5.910884427192165,4.6837789765048345,6.206540627151623,5.053198192575396,-0.7863753333964741,1.3644778886927593,4.666826662876609,-16.458184037976363,0.7611870523142311,4.404260963737234,4.005403924224377,-16.458184037976363,1.0066852419473666,-16.458184037976363,-16.458184037976363,-16.458184037976363,1.1730588871193524,-0.7785931941656595,6.978309904955578,3.195086124163184,7.074745303752548,-4.3574663525638915
2.9720667094350257,2.5188588721703264,-16.0169346877952,7.051604015113896,4.939076456514045,3.6394209981200007,7.304649070196021,-16.0169346877952,7.598671523660631,2.5637368009876242,6.378065696760971,1.4361620562112498,4.013743813848661,3.834798657009402,6.142017874272289,5.398257585405931,5.470914880114534,1.9474086334580734,0.426138892612931,0.7684774349969062,7.935046407674209,5.604820370566652,0.6800190533747482,0.11506396695143632,4.3881761247903714,-16.0169346877952,3.5545395813754768,4.035043304900916,5.761684448808163,-16.0169346877952,-16.0169346877952,3.3893016262652975,-16.0169346877952,-16.0169346877952,4.317044463246438,-16.0169346877952,4.50016761910064,5.109400055994162,5.571745342309422,-1.2306448338848934
1.569100872498164,1.7607156906369659,3.369147627569166,4.8586614626281355,2.9241626977698725,2.5116953455977424,6.825286037063419,2.335118795944753,2.182328561086122,-16.29784676407429,5.399015985823665,1.4098921923897876,5.382763452816776,-16.29784676407429,6.1478427548600525,-16.29784676407429,5.596026389021557,-0.5713131681261596,-16.29784676407429,3.870746051067226,7.401660630531514,7.361963286064111,-0.4129448740210629,-16.29784676407429,3.355015163384158,0.6400287624302039,1.4296868193181302,2.510474509860251,5.05768503672923,4.303511293268436,1.4431951690745721,-1.905722280008427,-16.29784676407429,-16.29784676407429,5.573535556760554,1.1231616662387824,7.328482724688192,5.916654361860192,5.610673781890397,1.7766749918035925
-2.1410320939818703,-0.36354662959795414,-17.03495257343273,6.4273852738752035,2.199543115236195,3.6304298821247216,5.822280868666448,3.7295223840509886,5.570813397438444,3.0215158602245054,6.259363205357643,3.675744608850473,5.239651613695983,1.2602783311388017,3.314259610813224,-17.03495257343273,3.2064151764400144,1.6713581463606912,3.5011037814528234,-17.03495257343273,4.862002103040249,5.320600139035978,0.5060104429785127,-0.7462705375818491,2.530237556758549,-17.03495257343273,5.384117845341456,3.7975532452025584,4.176819656603933,-17.03495257343273,0.1461282230928612,0.666647628458636,-17.03495257343273,1.1602068069492188,4.319223273329993,-0.5067359364730543,4.305707273707806,3.6905008699569075,6.424716362117696,0.14716395593063503
5.105174693578732,-13.581938957447313,-13.581938957447313,-13.581938957447313,-13.581938957447313,-13.581938957447313,7.72501069532606,-13.581938957447313,9.116690416224777,1.8608496275430262,8.345166675279788,4.056763414096413,6.575886664220106,5.895628898601206,5.388249522635725,4.145794605943773,4.485489564080723,-0.9376081551847364,5.2808602186879865,4.785446499994238,9.090814906167088,7.797576646474018,-13.581938957447313,-13.581938957447313,5.908508688490209,7.96463791432323,-13.581938957447313,3.609451208382859,5.838527724545848,-13.581938957447313,5.826534243791896,-13.581938957447313,-13.581938957447313,4.498502477367433,4.665697078380498,5.699731206821553,4.026585841890499,10.53757838381575,5.09771570253852,10.592002125350493
5.132257770498091,-14.406641795029916,-14.406641795029916,6.988971398655033,1.8995918808938352,-14.406641795029916,9.999379281276184,-14.406641795029916,7.290749625839123,6.215299815030014,8.944881837422544,5.591160261945695,7.178707765395053,3.157431242761045,7.025521533059858,7.40936244672321,7.7364958190941255,5.765462418362897,1.0439746170487902,5.50422024275993,8.297993718986117,7.163744744183553,-14.406641795029916,4.366806275057571,6.546155150083651,-14.406641795029916,-14.406641795029916,5.005140266916456,8.155193939310186,-14.406641795029916,-14.406641795029916,4.454163105955019,-14.406641795029916,-14.406641795029916,7.18166358420089,-14.406641795029916,7.448716238147565,5.500472721676776,7.386967163416156,4.489216675659659
-16.4212944426488,-1.3416568750530085,5.854739479607948,6.158959771447677,0.5813948947286095,4.147012055427077,6.782984641370103,5.7781658728716545,6.270829080316551,4.163674379541836,4.484084596887334,2.843407374597418,3.406781468779274,-16.4212944426488,3.2058061122652197,-16.4212944426488,4.49556254417379,1.5163379747471024,0.47152842194483463,2.470077200575142,7.232972594897118,6.877258669410115,-16.4212944426488,-0.31831232797769243,3.877461073512381,-16.4212944426488,3.3660390247177556,4.617292953282362,5.340575329904181,-16.4212944426488,0.9807859782979985,-16.4212944426488,-1.2499484733174198,0.2478086793452269,5.196306864026788,-1.3416568750530085,5.172837891321186,4.175773050174386,7.013226454415184,2.4709512173565016
4.597431892202366,3.5080489278069673,-15.168591004142966,4.0920176558949555,-0.6699830964218715,2.7296974965325056,7.616376194008234,-15.168591004142966,8.006979947682838,4.158168510648194,5.598596020818402,3.407468245549823,4.8115387720009455,-15.168591004142966,4.701030209927749,-15.168591004142966,5.365268237494791,1.941273876957401,5.069679387362639,-15.168591004142966,6.6020604918794,6.320965592532508,-15.168591004142966,-0.17750680773252708,4.008446438460962,6.453070397430264,-15.168591004142966,3.5812495989027684,5.786230900268396,5.398804342783399,-15.168591004142966,2.3838746549933494,-15.168591004142966,-3.185655659946534,6.1644621438619485,2.901538876777121,5.624583285950891,9.304780139746457,5.200168964717884,5.216653398194471
-8.953118870747932,-8.953118870747932,-8.953118870747932,-8.953118870747932,11.3994745140646,-8.953118870747932,15.816180449488986,-8.953118870747932,12.746813818803465,-8.953118870747932,13.53427655512332,13.267069942365998,-8.953118870747932,8.81228836432926,-8.953118870747932,-8.953118870747932,6.6508124224029475,11.731904974980592,12.245318469574945,11.167827207425374,-8.953118870747932,14.007747572066902,-8.953118870747932,-8.953118870747932,9.372701603175525,-8.953118870747932,-8.953118870747932,-8.953118870747932,6.528210122122448,-8.953118870747932,8.610718623530824,-8.953118870747932,-8.953118870747932,-8.953118870747932,7.234502936142575,-8.953118870747932,-8.953118870747932,10.513054643057066,10.352939690560696,12.976773247239182
-0.07663225820842459,2.1953583663035574,4.326779574554366,6.686538662661934,3.40454043552194,2.6483049122015476,9.31331032937,5.8918293508152235,4.727889554059367,4.304520416807916,6.071761170686175,5.553608432193027,4.601934264060101,3.878968551581973,-15.41384203263938,-15.41384203263938,4.3754018009472855,3.5847994876742266,2.9188814434732584,0.19008926051150096,7.450750349776373,6.296974170326045,-0.10993166488445258,-15.41384203263938,4.551887426926751,-15.41384203263938,4.8546791638833735,5.044389981036111,6.848449982215348,-15.41384203263938,-15.41384203263938,-15.41384203263938,-15.41384203263938,-15.41384203263938,7.007561001928563,-0.4734015530143508,5.535881857386424,5.789055931063734,6.867458942887239,4.462938949008277
-13.140696146167464,-13.140696146167464,6.74702911089596,8.99123690299503,4.47007887909172,-13.140696146167464,11.050903154525491,-13.140696146167464,5.383262956257162,7.9026729704620475,10.49262969039901,9.050310389638016,8.157079721593394,6.812282255185021,-13.140696146167464,-13.140696146167464,8.135281702972962,7.821712568353368,6.726762396637575,3.187660511311325,9.35838776870523,6.785771645607943,2.5799027151413805,6.502965599225024,10.448542876240973,-13.140696146167464,7.294340803517861,7.184730433318828,-13.140696146167464,-13.140696146167464,-13.140696146167464,-13.140696146167464,-13.140696146167464,-13.140696146167464,8.021540495089019,-13.140696146167464,6.087442128982162,4.450788595676436,9.20053910642198,1.1258906680994982
-2.275640455930724,-18.458587172929366,0.06329546056947026,1.6826076355005484,-0.08877874882887378,-1.0482331253127701,4.133587428419582,0.6615209945087903,3.8568422305602788,1.2677742308585227,2.982723314719204,-1.7577173430577457,3.3902606458805002,-18.458587172929366,2.0420849627575817,-3.404702094066795,3.523744584539898,0.3505481570787956,-1.169558540715561,0.234484332521386,4.319872338070928,4.436978518607969,-2.674566494327745,-2.82988170188485,0.6066805662163585,-0.5853960198255116,0.7534104798876614,0.7950461756214557,2.3234474481255947,1.3276493695458753,-0.8260238251356526,-2.287898976975222,-0.773961089671398,5.6427766299772335,2.8045872492574997,-0.028451260300353415,3.42539213122752,1.8671817270461508,5.33333188410638,-1.1578444737132212
3.6095042694668185,-11.81143638033721,-11.81143638033721,-11.81143638033721,-11.81143638033721,-11.81143638033721,12.434587322997256,-11.81143638033721,3.5912666856128013,9.157618649629356,10.339896560385071,11.10105658397958,-11.81143638033721,9.51435146610251,-11.81143638033721,-11.81143638033721,4.2101484803724185,8.948045661706615,6.888919473225314,9.12469638465066,10.874409881425523,9.994820364712936,4.52659777124319,7.358299180841529,9.34649731717294,4.4019695413345215,-11.81143638033721,8.801947625190218,12.084308191662059,-11.81143638033721,4.099635224188006,-11.81143638033721,-11.81143638033721,-11.81143638033721,4.901090533429534,-11.81143638033721,-11.81143638033721,8.269356380678387,9.303209163572996,6.100749371815315
-11.169737224461926,4.801017954472532,-11.169737224461926,-11.169737224461926,8.095738253955979,-11.169737224461926,12.508703960603055,6.020284484136847,13.27168964597551,5.437551811447347,11.765983287625135,9.913703425430397,-11.169737224461926,9.797940384039649,-11.169737224461926,-11.169737224461926,-11.169737224461926,6.978609737115709,8.42429215736586,6.694422953908236,11.344617857329013,-11.169737224461926,-11.169737224461926,-11.169737224461926,7.595029561677438,-11.169737224461926,-11.169737224461926,7.6790177769770915,9.61891365116246,-11.169737224461926,7.891269929138005,2.8363945195569364,-11.169737224461926,-11.169737224461926,-11.169737224461926,3.812044582170703,11.623311155995914,10.31276779487454,6.45731282246628,7.004915108428129
-16.52905507220836,-16.52905507220836,2.1189206021475475,4.788200374316896,-2.5737817023040894,3.0383612387705634,7.268985707678549,-16.52905507220836,4.546957002105627,3.6877920844496033,5.524926346356129,4.6565412814309814,3.3850015689660853,-16.52905507220836,4.011236996500443,2.888279063793742,4.325782739832234,2.4704276561247847,3.3877605007833695,4.577559772213081,7.439575831233155,6.400305882352587,0.01691934688406886,1.9576942810743752,5.4451148640346645,-16.52905507220836,4.168256858075629,3.306142994238064,5.8894813599579505,-16.52905507220836,2.786815337795406,-16.52905507220836,-4.183216136486394,-0.9997464063055801,4.119562647809324,-0.41597186257107827,5.050466951091504,6.027006605665931,5.916284265378555,4.6757414520648535
-13.825931603564852,-13.825931603564852,9.009991716881176,7.459153307156267,-13.825931603564852,-13.825931603564852,9.747043706283316,8.077375960383023,8.390856116442897,5.735430648667205,6.627858745292138,8.65950353338113,6.061747531228534,-13.825931603564852,4.81845254295576,-13.825931603564852,5.578586368652281,2.1890233993386934,5.843274574631784,8.256131490755733,8.960204222344716,7.684963979094555,-13.825931603564852,2.005814553331249,8.133235845092088,-13.825931603564852,4.271923379610398,6.385891754399504,8.16765641852977,5.244727830766649,-13.825931603564852,-13.825931603564852,-13.825931603564852,9.091368170590359,6.616124504717101,-13.825931603564852,-13.825931603564852,3.5514769751374673,9.675058496192417,3.4942350744869155
3.1667926488522355,-16.095282856431368,-16.095282856431368,4.018680503489294,0.7426019547188101,-16.095282856431368,7.831381649772566,4.61427951647035,7.018862793420142,2.8418078955474773,6.946644158117097,3.379849283887174,3.7243863391682397,2.1620551010992277,-16.095282856431368,-16.095282856431368,3.844254423913482,3.4483775358904936,2.4932824049716986,6.177673011895681,5.502634717965394,6.38272224719614,-16.095282856431368,0.9916960144709421,3.782057513631586,2.4361339380674143,-16.095282856431368,3.6498966316333745,4.767301347133718,-16.095282856431368,4.054430528615309,2.9130734406948826,1.3335751199958514,2.6061308784368724,6.737131371850652,3.0365814354776695,6.213068772589714,5.901077848262294,2.438101386368239,3.605720437846924
-13.941005828766801,4.593003609421139,-13.941005828766801,6.525831095908666,5.151394153440185,4.143082685365456,8.859445256467843,3.115142084986129,9.32793479897487,-13.941005828766801,7.4203225061143145,3.706401711814806,7.186410920443919,-13.941005828766801,6.380617585789388,-13.941005828766801,5.567462160584453,3.162906654027716,-13.941005828766801,7.415837635673539,6.961259386812365,8.301160334066475,1.1386317388289917,1.0313862404549177,7.219501523197635,-13.941005828766801,5.320293379418154,4.856328948301143,6.946281808650855,-13.941005828766801,-13.941005828766801,-13.941005828766801,-13.941005828766801,10.569758480055352,7.77376581380144,-13.941005828766801,6.424155472861898,6.186856409752084,9.31160929014169,2.695288259846182
2.352679593539495,-14.294278102598431,-14.294278102598431,8.404961412756306,1.6937089769080782,-14.294278102598431,10.322696248676214,-14.294278102598431,8.034393528909485,5.086939901174521,6.654217109618161,6.669397366092678,-14.294278102598431,3.4600921342179536,-14.294278102598431,5.5169379992205,1.0005619102433299,4.220530313180298,2.7260093964224925,3.735579824764606,4.603133597557192,4.6050562576097445,-14.294278102598431,-14.294278102598431,5.350971878417363,6.164188509068107,7.9336116486452335,5.424794322027618,6.777042632918319,-14.294278102598431,3.453450187679665,6.859548626444931,-14.294278102598431,8.715750308995428,6.716374764028923,-14.294278102598431,5.955778975758433,2.542145076206835,7.531542242580735,4.724964384920027
-18.528734828589847,-0.5742250519242471,-18.528734828589847,4.138161418065437,0.36687490135003836,0.8414779848856948,4.128316521757443,2.3126606514931884,3.351952939742953,0.5349044595965227,3.3735397885708527,1.8546008012409079,1.6993654580524624,-1.2708849136424807,3.737957315410396,4.539571960482844,2.126648235838831,-4.3011139575473045,-0.6948612114437244,0.6266188475475841,4.757869068452371,4.352885388994763,-18.528734828589847,-4.236989470511383,2.3464363129287857,0.7296695213566495,2.091068691090821,-0.6257364790853476,3.156914937900872,2.3202204842436744,0.18536152711918022,-0.40336517081831214,0.16608672484988107,3.1330684375686455,3.8374868657586987,-2.8951473307424966,4.219113696195227,0.5297389410749594,4.66561928948676,0.4643369004284119
-12.127639611546591,-12.127639611546591,-12.127639611546591,-12.127639611546591,4.932414557020815,-12.127639611546591,12.19016230722789,-12.127639611546591,10.419150799219329,6.027251019414703,8.721483246094389,4.643301975254366,8.699012795007409,4.624383913362098,-12.127639611546591,9.569090926926263,8.401835145576408,5.1000083010888275,3.2182658679615224,10.28560764334882,11.413737875498219,10.96231224389418,-12.127639611546591,-12.127639611546591,8.181080010069145,-12.127639611546591,-12.127639611546591,6.201473949839187,-12.127639611546591,-12.127639611546591,8.199423093956698,-12.127639611546591,-12.127639611546591,-12.127639611546591,9.8172788174504,5.341123248795203,9.58594035479422,8.355794194070409,8.885628105765337,10.2664733931097
-14.488535653350485,3.938226570857117,2.7035380394822557,3.886833878355411,4.275805721554622,5.5197054265609,9.533730189778595,-14.488535653350485,9.002981387451664,5.571238889885049,6.816621729154477,3.9114320592136282,6.72534493735802,-0.4741734169692518,6.315830793954576,-14.488535653350485,5.545475419743553,2.6202158485706035,-1.4715305693842307,-14.488535653350485,9.048817071760544,8.480778787067935,1.3655945819816937,2.326699249238112,4.685681575881598,2.805441952621918,4.938093698063545,5.107409733878444,6.45067992217564,-14.488535653350485,-14.488535653350485,-14.488535653350485,-14.488535653350485,-14.488535653350485,7.1602581212188845,-14.488535653350485,5.521563954362383,3.4380127061683043,6.205569103282528,2.929479170236361
-16.475708464854346,1.6896928706619616,-0.024718326938112045,5.015032501073464,0.8204266391915821,3.0107858594592183,6.809978922030808,2.1721875377497755,5.048329502991318,-0.047924587814061836,3.925656457633349,0.6173241511324761,2.345491851512888,-16.475708464854346,5.452272900829927,-16.475708464854346,3.1984778318094684,-16.475708464854346,4.479898496552993,0.3909691208557081,6.256557672609157,5.948244502685347,-1.3876320309865187,0.3122657909016361,2.9999809337658916,-2.1901936526445316,3.4293683768175454,1.9289445281823911,5.632305538719098,-16.475708464854346,0.8114579694861928,-0.44753741201482883,-0.5782593603233774,7.612668748966165,7.041502048965224,-16.475708464854346,5.148572016819861,3.0226673229145327,5.472529146927825,2.9369269186016753
1.1459158561157576,-16.50947705099511,-16.50947705099511,6.783448570450074,1.7360166369785903,-16.50947705099511,5.844712222737198,-16.50947705099511,4.422533165787962,2.6947855555560785,6.530956040645484,6.02656419856077,3.7110140020283233,4.55205227517838,2.5610257540002133,-16.50947705099511,3.248412849012429,2.3982487942022352,2.3032457874900354,7.0306646920619755,6.723883860435184,4.413819277344734,-16.50947705099511,3.181553954353652,4.956254562940517,-16.50947705099511,5.5337162891440785,4.399396604567006,5.988356317236178,4.057591013425474,1.9841753147093497,1.8222631945907635,-16.50947705099511,3.5596315246060715,4.76752446330011,2.001592701820693,3.3431404143443055,5.037858960657843,5.760959728866494,3.5545018248128706
-2.1014719056016875,4.0888399361477665,-14.644020359175268,5.454504331743021,0.038591106640368154,3.955643048666741,7.56052951302072,2.979041204822927,5.952445664001849,4.974544694780797,5.6462755580826185,-0.9910275542388728,-0.7515478341493685,-14.644020359175268,7.069214089694097,-14.644020359175268,5.520174543126204,-14.644020359175268,6.637643382101591,2.5659986258574112,9.578491709925952,8.324308443836712,-14.644020359175268,-14.644020359175268,4.818878676775758,4.190953088096016,2.00705377887562,3.876686707892358,5.9043443227718,-14.644020359175268,-14.644020359175268,-14.644020359175268,-14.644020359175268,7.223764412501484,8.107517401757256,4.467555035295025,6.486375865863926,9.08633847329711,7.557430542809518,6.211106727357902
-1.477717955678674,-13.2530153773945,6.650859554686833,6.360253615051512,4.911869495883297,-13.2530153773945,11.064890934948222,-13.2530153773945,10.185539728660583,6.630179755905696,7.328997907920571,7.625012381960927,7.746692095078941,5.056063201157243,-13.2530153773945,-13.2530153773945,3.9000425706794517,5.477866967772508,5.546033313631447,7.23497106715844,8.951652707516285,9.631837496612128,-13.2530153773945,5.048205937789413,6.287190780070529,-13.2530153773945,-13.2530153773945,6.504874522613039,7.913563544811506,-13.2530153773945,2.9062223128642803,-13.2530153773945,-13.2530153773945,4.210031697204565,2.272683176935828,-13.2530153773945,-13.2530153773945,6.546028359871383,9.907886415278364,7.867468319744182
-2.2468813531872964,0.42692324588158814,2.3253259087861657,2.7688788816827015,-0.07394371136897157,1.697888280489762,6.996399821515085,2.2208577297704837,1.370926335439012,2.094893809386844,5.482145133344295,3.9466215434923053,4.44482276990233,-2.7722078380723505,3.6794062641615866,-17.164332322138215,4.4766831823180135,1.0221439357795468,-1.4115198455630171,3.3562051494613203,4.441435792472981,5.9354082705067635,-17.164332322138215,0.7415147933842235,2.1008423591663696,0.8993877370553996,2.781251889309936,2.183974667306967,4.423766728705584,2.8907520822166872,-17.164332322138215,-1.4987932295892161,-17.164332322138215,4.79907140736694,4.970215567173593,-17.164332322138215,5.72871723447735,0.41144770930413727,6.175449398629876,-0.9683500400158884
-2.8275990217894362,2.9504042162962163,1.194683943362174,6.291064836242942,0.27890492800491545,-15.593290312393808,8.13282937939182,5.907463854005858,6.571174651078423,4.212108553566023,6.433301235204355,5.335370498381199,4.841880034655605,4.154624574201001,-15.593290312393808,3.8901682706723983,5.063280013183305,2.9962045134406705,2.2035827477374226,2.9529652632865213,6.798815665113717,7.64997498848409,-15.593290312393808,-15.593290312393808,4.981521920029876,-0.769821469066118,-15.593290312393808,5.304752023013163,5.782373625121465,-15.593290312393808,1.9459841256808301,-15.593290312393808,-15.593290312393808,-15.593290312393808,7.546821903649882,3.335351963727107,6.287523166202105,7.29069055476131,6.728720470650053,6.874491383255386
-3.9475080679000634,1.2942377629829132,4.490326308362456,5.089459387467852,1.2382124941030987,1.9172035864716714,4.408696044067263,4.066227912709386,6.634220299619827,1.782822412521326,4.76081577162096,1.3371437520127085,4.639955986247962,-17.58866642919504,3.795760442969711,-17.58866642919504,3.132757713873842,1.7353819053930175,-0.37563186147891614,0.17288203211579864,3.422053955071271,3.773395994089161,-2.591428369103732,-0.04241493904684788,2.468191526328276,-17.58866642919504,2.994911963751138,3.3857082601252193,4.871795329031661,3.842551453948642,-1.247427146922515,1.1500315942810801,3.465233205954999,2.6006586781849683,1.8475710319101153,-17.58866642919504,5.758482184068202,1.7623262919380396,4.308727249204713,-17.58866642919504
-11.241427865856547,-11.241427865856547,11.117943130800363,-11.241427865856547,8.442757945949703,-11.241427865856547,12.951784061131361,-11.241427865856547,12.684200193924276,-11.241427865856547,9.649062811250403,10.61048144264322,-11.241427865856547,7.451110407820255,-11.241427865856547,6.974931093289124,-11.241427865856547,8.24620248969565,8.225026823262123,9.634481802762895,-11.241427865856547,10.548680916413081,-11.241427865856547,-11.241427865856547,8.32862165359608,10.720707731801792,-11.241427865856547,-11.241427865856547,10.823304931175171,-11.241427865856547,6.127715025434129,6.828560020035144,-11.241427865856547,8.58490859514639,-11.241427865856547,3.3441913767666556,-11.241427865856547,9.288180405045718,9.901626672328282,11.86122205514619
-10.691913094999737,-10.691913094999737,-10.691913094999737,-10.691913094999737,6.368920496803564,-10.691913094999737,14.271752014195163,-10.691913094999737,11.318856624316597,-10.691913094999737,9.934808802473789,11.425607832459887,9.751652067892547,-10.691913094999737,9.12305498348154,11.053684957927002,8.290096260596231,-10.691913094999737,4.584535599098727,-10.691913094999737,10.261138187764125,10.385033207607176,5.423178147239181,-10.691913094999737,9.339944051336973,-10.691913094999737,-10.691913094999737,10.522891565966574,11.93313185636258,-10.691913094999737,7.26036275704503,5.103218807483699,-10.691913094999737,2.6455632749234614,3.8559658374468775,-10.691913094999737,-10.691913094999737,8.005489888750716,11.595548488823782,-10.691913094999737
2.66703103455996,-14.701539283012599,-14.701539283012599,1.607176810198995,-14.701539283012599,-14.701539283012599,9.561588464467922,-14.701539283012599,2.1474809609860595,3.676547073742491,8.283353184867165,5.894790508115872,5.582632272396471,6.503121307892555,4.836051981162146,2.0620877470023857,5.545656563067832,3.7327484742108346,5.7705049797704,5.4127918388959735,4.280584156206139,8.189660770886968,-14.701539283012599,1.3353464209800412,4.280527116021639,2.4922411860765368,-14.701539283012599,-14.701539283012599,4.040355023853023,2.2936904262160183,2.3831599517307405,5.4253248880466245,-14.701539283012599,7.585660696294818,5.811326460001136,3.4230239231131656,-14.701539283012599,7.184802361239376,6.5032325274771345,8.502893720645487
-12.40078105724302,-12.40078105724302,-12.40078105724302,9.115079026341766,1.1270487616019174,-12.40078105724302,11.844735694989868,-12.40078105724302,9.43186884425455,6.680368710044798,9.816237953739858,6.864393624061562,8.383081166768289,7.281027574369684,-12.40078105724302,9.3255255214471,6.929568546301189,6.598981916585442,6.165211426516926,-12.40078105724302,11.368641120023538,10.029974564792061,-12.40078105724302,-12.40078105724302,8.230062427209019,-12.40078105724302,7.589411039018792,8.194890017224107,10.336396642677904,-12.40078105724302,-12.40078105724302,-12.40078105724302,-12.40078105724302,-12.40078105724302,8.798153582134361,-12.40078105724302,9.950836689621086,7.447863685398596,10.314748112432465,6.588390268333532
2.320458047090316,-13.462165007440005,-13.462165007440005,2.598301636613877,-1.4792296632435717,-13.462165007440005,11.116524065045187,2.951580960024032,6.350469057969822,2.5438812515665092,8.06001244458797,8.516540213490133,6.973818678408753,5.635279442904374,-13.462165007440005,-13.462165007440005,4.0222773923322075,2.30779074367247,4.1117510906077115,6.91140150072274,2.938851474226333,4.751245546657591,-13.462165007440005,0.21408463261538865,6.619444925634223,-13.462165007440005,-13.462165007440005,0.8780746711750529,8.128793579162995,7.329151925261778,4.486750572675174,2.2643685885081255,0.4116154020440266,3.8128118717569413,8.21327980532894,-13.462165007440005,-13.462165007440005,4.506116256935781,4.6410615194631735,2.4851424411619885
-15.317239600383438,-15.317239600383438,-15.317239600383438,7.156480956047941,0.47651013206408577,3.9208834478160743,7.980045872932133,5.871638990635026,6.944698278318412,4.239156523400461,4.560659845354347,3.9700373066230283,4.665116365901285,0.4875143681414188,3.939389127095177,-15.317239600383438,3.807033586938456,1.028788198238719,-15.317239600383438,6.395734702802975,7.834789251654342,6.775265991370973,-0.015589120085239359,2.354569835382739,4.269213517196378,1.8600343046716468,4.390025663301931,4.643829042169197,6.786111360456676,-15.317239600383438,-15.317239600383438,-15.317239600383438,-15.317239600383438,9.008175819542606,6.129222390958308,0.19754975683006512,3.0837485204220685,5.618351481250005,6.248037289665745,3.2281335963539286
1.9698027455809686,-14.644207977308925,-14.644207977308925,4.388355665795709,6.5685883434762316,-14.644207977308925,9.577931105543437,5.96288353044371,8.763826468926123,4.183536602771318,7.78097649838141,5.988662582984705,6.693059014259639,4.602663725338283,-14.644207977308925,-14.644207977308925,6.003428732190387,5.625777613442431,7.5330178787860635,-14.644207977308925,7.639000859835563,7.599474376565711,-14.644207977308925,-14.644207977308925,6.4523647239013275,-14.644207977308925,2.745332221132967,-14.644207977308925,7.58280853660221,-14.644207977308925,2.557047891610985,4.260317668241743,2.5761599563605477,0.5245573460949383,7.660322609593706,2.3630127785522994,7.81002113000769,7.762305557100517,3.728647147650712,4.182404439226803
5.695899038812803,-12.420563677603328,-12.420563677603328,-12.420563677603328,3.9230727290773793,-12.420563677603328,10.316818203767527,-12.420563677603328,-12.420563677603328,-12.420563677603328,8.290862345550783,8.604516401361238,6.95551312395037,6.086386510674683,-12.420563677603328,2.618722606100665,-12.420563677603328,5.749859235386821,6.06880323347368,12.216985408514766,5.606629949821682,8.634879472398776,-12.420563677603328,-12.420563677603328,5.777973027855423,8.297639366005695,-12.420563677603328,4.744500063970797,6.391956437633516,-12.420563677603328,4.957128709805769,9.074813004542044,10.347486260416202,5.657767606637472,2.681421182441681,4.962505827462994,-12.420563677603328,7.47597787311379,4.123453155347322,8.626320712322695
4.351486416838954,-13.67050621818296,-13.67050621818296,-13.67050621818296,3.7696119305346674,-13.67050621818296,9.862686273281156,-13.67050621818296,6.131280452713177,-13.67050621818296,8.809187203705257,8.010399566536243,6.674481571959019,5.011461294562255,-13.67050621818296,3.399247347096844,8.043597369624731,7.030074241353013,5.40442494589772,7.054528055157645,6.136918788168536,7.896866680104278,-13.67050621818296,-13.67050621818296,8.247027482428583,5.135300869685686,-13.67050621818296,2.6348986139990895,-13.67050621818296,-13.67050621818296,6.316600549698116,5.280508621807523,-13.67050621818296,5.087931657987178,9.037035720301171,6.120669737520134,7.532496971865149,10.19854762790752,5.114400892808312,9.424909952836384
-10.964723731960987,-10.964723731960987,-10.964723731960987,10.442724219664221,9.273059290516187,9.547734651416956,13.82070811309452,-10.964723731960987,11.839282802521717,-10.964723731960987,10.706443901090523,11.345926619241885,10.206140348333065,6.640416205821344,-10.964723731960987,-10.964723731960987,-10.964723731960987,8.135917635813517,5.566143668469269,9.917134335933484,8.234823072543122,-10.964723731960987,-10.964723731960987,-10.964723731960987,8.510408408357552,7.228679941947337,-10.964723731960987,-10.964723731960987,12.17781541240441,-10.964723731960987,-10.964723731960987,-10.964723731960987,-10.964723731960987,7.598584418911904,7.745637094590862,6.036726191964617,-10.964723731960987,8.50614907155564,6.072059815375438,7.812511955730374
1.0626426787550607,4.616795406154573,-14.54128861439582,5.500323737679004,2.728960123754215,-14.54128861439582,9.709679493710372,6.05324572170691,5.7522706516061985,5.487569249525746,9.221866563130861,9.183181000138607,-14.54128861439582,6.400164512668527,-14.54128861439582,-14.54128861439582,0.11578956028106246,5.8164345058811415,4.6970993344663245,8.307194866986418,6.2528270364522855,6.255051089701995,2.7958655078573034,3.260610049518561,5.513990839599452,-14.54128861439582,5.374182089072693,4.599278612174188,6.765688929968505,-14.54128861439582,-14.54128861439582,2.5607564542936467,-14.54128861439582,2.357048969802892,-0.5026337051176563,1.575806636329011,-14.54128861439582,5.236746749352135,7.069983700013927,1.644465778494254
-13.359566702912812,-13.359566702912812,7.99510919971737,9.786932487426679,0.1682631159321263,-13.359566702912812,11.193598000467173,-13.359566702912812,6.196154689535306,-13.359566702912812,9.45266517346206,8.492763030480873,5.914251962169199,0.11345495455439923,5.453493916353538,-13.359566702912812,6.939708484338047,5.753010444704104,0.4458945292984612,2.9017632027865248,9.054958479148477,8.106164911022816,-13.359566702912812,5.021957336237694,7.694821371324588,1.628426301883503,7.538198511361292,6.47701574933917,8.766523617022397,-13.359566702912812,-13.359566702912812,-13.359566702912812,-13.359566702912812,-13.359566702912812,8.758276595613498,-13.359566702912812,7.6180002097285096,8.732129886999052,7.423900137665932,6.046930839293663
0.8458039893819702,-15.51366805970621,-15.51366805970621,-15.51366805970621,3.74620637005593,1.8845277837665402,8.786843468881562,-15.51366805970621,6.592887629590544,4.998889092761905,7.403833447908492,7.788135167135555,6.354145365493723,4.888207239297986,5.032311523204758,5.095342263680553,6.252982727870136,5.8745357949005514,4.114359792200934,4.84284363844569,1.9954607316009836,6.327358885074082,-15.51366805970621,0.6503566186514874,4.05040711887351,-15.51366805970621,3.4806440844392914,1.695007741825104,6.388827993034488,-15.51366805970621,2.9208169750854567,5.978835250037053,-15.51366805970621,6.425358826677121,0.30467307251881576,-1.0000222821586389,-15.51366805970621,5.471107831589473,6.117206933454814,4.315117462075958
2.8863780997377773,-15.732989563292872,2.5968908272835,5.182655417099708,2.759081186057153,-15.732989563292872,8.702149825551574,-15.732989563292872,6.237644718118859,4.637934785290041,7.1246332295363,3.4115130503363122,5.31713098190098,3.8717775572380897,4.8928288125899275,-15.732989563292872,5.1006273167880956,4.848090397072045,2.2682285781189138,4.371902559899476,6.985570968157912,7.012606312290156,-15.732989563292872,2.597985278513525,5.381513984626888,-15.732989563292872,-15.732989563292872,4.542034137754873,6.931849890817202,-15.732989563292872,2.8344719205025206,2.4867982505050414,-15.732989563292872,0.27529133326537714,6.229386465984762,1.0200944070460296,6.893526430730658,4.769617134879148,5.939154227570468,3.487537984372472
-11.251744731601805,-11.251744731601805,-11.251744731601805,6.708486611757496,6.313505192257043,-11.251744731601805,12.880485247518658,-11.251744731601805,5.945100612930411,5.798908663049125,11.710749911526602,7.905860820042227,7.716999621502035,5.7156468251779895,-11.251744731601805,-11.251744731601805,7.699564269295083,-11.251744731601805,5.677725525705808,11.050163671537653,5.710071001406585,4.383464826354306,-11.251744731601805,-11.251744731601805,10.103462870991702,-11.251744731601805,-11.251744731601805,5.271816094131343,10.667644181309319,10.559968573828355,6.003863389043738,-11.251744731601805,-11.251744731601805,-11.251744731601805,8.928981192994593,3.6250226745075103,-11.251744731601805,6.540077340427665,7.774617172586255,5.335729415747416
-1.5162189516946534,1.8208964846427758,-16.785682752897465,1.5031794278430652,1.3186420717396967,0.6695170412504771,7.4487487493124265,2.011652024170479,6.818912976146464,3.8305879008275876,5.199348268165943,2.8035715741370706,4.378891413771082,-0.061633078526205684,5.088278522070362,-16.785682752897465,3.4264407451340064,-16.785682752897465,3.473847769405962,2.942925325804484,6.153791871189355,5.2425887535170554,-1.3005801713554443,-16.785682752897465,4.212855980922507,3.2956611974645753,2.3890521112229206,2.634599933070169,4.944945937285589,-16.785682752897465,1.9207782637313617,0.3723362257284633,-16.785682752897465,-1.18678080730844,3.476467837434456,0.5553056166770399,5.338061376181672,4.113526008050387,5.560541185624811,1.833356933747233
1.4793623398642555,-1.273187305964094,4.611421834369338,5.4092700214178375,-2.3726670999590582,2.763590531464444,6.131157707902963,2.441969948222388,4.397805452171501,3.230651924506464,4.46829129459474,3.6967282921431273,3.5352244936693986,-1.636201180408632,0.6891891027484636,-0.7513214121191755,1.8056385078328216,-0.050483883776755875,-1.2810236536110913,1.0797972819150006,2.036684346895852,1.3939083065543916,-17.5336502849396,-1.7982801084924007,1.1232086964938293,-17.5336502849396,2.0431566570285105,1.071599496661824,3.9809777805169375,1.1370885506554114,0.6388254899204102,1.4035001311300714,6.471710277734114,1.7819341130917419,0.408349304712786,-17.5336502849396,1.915899598377328,2.0415819031569717,6.109242398336672,-17.5336502849396
4.298069696426532,-11.353217375672191,4.059658715921043,-11.353217375672191,7.752175075061373,-11.353217375672191,11.892352046839624,-11.353217375672191,12.991168211835198,-11.353217375672191,9.966266152205081,-11.353217375672191,10.396971389408591,6.108786945992001,-11.353217375672191,-11.353217375672191,9.502812060095502,8.571829614446557,4.5354652367444785,10.698435599119282,9.220875373820613,9.564677305913358,-11.353217375672191,-11.353217375672191,8.810365172810688,11.995472565140437,-11.353217375672191,-11.353217375672191,3.9529477839614158,-11.353217375672191,-11.353217375672191,2.5015148569833627,-11.353217375672191,-11.353217375672191,9.736557888464956,5.89401980132013,-11.353217375672191,11.297868829705026,7.93586553362357,11.320539530588604
-17.359297853914633,1.056772287526261,2.7245700803613624,4.2861612609561925,0.16611954983545613,3.9189272323857893,4.2523364931476815,2.2853935910406595,7.231359246078241,2.7162911784276855,4.006637326628373,1.1188023903471973,3.7438759389595595,-17.359297853914633,3.272291195555884,-0.383812536575507,3.9296680816669536,-1.2263134919404008,5.140375207474405,-0.024214431940802028,5.698813081197645,4.554061920204006,0.36803570947911995,-0.5243384469509287,3.064172844045777,1.0389327714271799,0.38371530001896487,2.8015156777319694,3.9291965617452904,1.492710664168083,-0.9904434067881221,-17.359297853914633,-17.359297853914633,3.8689586169067645,0.2038326767599625,-17.359297853914633,4.8824850685621115,3.1365151613848674,5.28514476881285,-0.6120602990673785
-15.758761337646439,-15.758761337646439,-3.6580436522339683,6.24953826221367,-15.758761337646439,5.135933615769963,8.235169415666022,3.95659178061838,6.242341889299257,3.820936687967944,6.16156748602697,4.649382712459835,4.6763423129452875,0.1979912804119238,2.097165458104529,-15.758761337646439,3.406519873204027,1.8638560780087707,6.825527248051429,-0.6214946730332147,6.776574636847547,4.95485812325786,-15.758761337646439,1.4281744779869787,3.91705099882386,-15.758761337646439,7.9085486637478635,4.924317720695695,6.167518844750912,5.683943014301011,-15.758761337646439,-0.2062993708927826,2.7498387135021574,5.634603090634747,2.679857561259157,-15.758761337646439,6.89462783274286,1.2348030923324462,6.137014500233028,-0.05466697453265123
6.136465965615672,-10.73068454512221,-10.73068454512221,9.232717221336618,-10.73068454512221,-10.73068454512221,7.039716937658143,-10.73068454512221,14.036552662567548,-10.73068454512221,11.885081622670898,9.599360911614218,-10.73068454512221,9.322154049655575,-10.73068454512221,-10.73068454512221,4.879913438275736,7.934274830507016,9.48808559340923,11.378403041530909,11.110162527366981,10.733632530267812,-10.73068454512221,-10.73068454512221,4.107277300256774,9.250138821640439,-10.73068454512221,-10.73068454512221,4.776765330949953,-10.73068454512221,7.531352117109764,-10.73068454512221,-10.73068454512221,-10.73068454512221,10.52817952556605,7.044114229814011,-10.73068454512221,12.446234604542965,4.100057054889897,10.59168149495365
-13.499934145358827,2.6161596031292147,9.271880942453807,9.356642145520498,3.325704615728531,6.832907895151496,11.229096920964942,-13.499934145358827,7.936105013772989,7.006207488840622,6.946510427787479,6.359443640878844,7.760082339529792,2.427001121203701,-13.499934145358827,-13.499934145358827,6.268066218906469,5.04543905137854,3.4623116026882257,-13.499934145358827,7.555365522327328,8.247378467907957,-13.499934145358827,5.097050091445564,6.737540087166696,-13.499934145358827,7.3911401079018475,7.620052009226676,9.121858187023594,8.184419865791483,-13.499934145358827,-13.499934145358827,-13.499934145358827,-13.499934145358827,6.682184309653181,-13.499934145358827,-13.499934145358827,5.761106163149424,8.081344795723748,-0.8238547455878009
0.9559426385469344,-15.48568481011576,-15.48568481011576,5.842809146398634,-2.491152531496627,-15.48568481011576,7.3131300024206185,6.656129583721938,7.00280485296803,4.955761735972784,5.5266621209450895,5.5350228186535535,6.829213356750546,1.9074943005672127,-15.48568481011576,-15.48568481011576,4.766761066076997,3.898590014641818,6.750941865692558,0.8823911239919451,4.400032159207679,-0.2714571241194894,-1.0335968939795468,2.097747432402425,5.511630598311429,-15.48568481011576,-15.48568481011576,5.422299709055665,6.880952623950828,3.9327191800784775,0.7660673131442923,2.9401824704721733,-15.48568481011576,8.70463387460879,4.365761624944581,0.4862284464052113,2.3684814218311705,4.131853487698361,5.581511099529997,1.267928961531968
-14.91979206777928,2.198935500251651,4.657172213270115,6.83639843264153,3.0345583082349816,-14.91979206777928,9.516633311795081,5.5828894414946495,6.211063286452653,4.607402998044146,6.06969979894957,2.0220403773214803,4.589248591744528,-14.91979206777928,6.307709729312569,-14.91979206777928,5.041726499256945,-0.5220653313032804,5.140254256789906,-14.91979206777928,8.764688094267147,7.9572977990052225,-14.91979206777928,3.0247865045633557,5.169971909417823,-14.91979206777928,5.002006143343275,4.421529934767134,6.757784494003126,5.742055708724004,-14.91979206777928,-14.91979206777928,-14.91979206777928,0.007576334550438929,6.736078698285367,2.214620665312863,5.6847915805188265,5.7576287648037185,7.553370772390215,3.110065859583757
2.4030498163289375,-12.540632156169533,8.529706673878076,-12.540632156169533,6.302632994251894,-12.540632156169533,9.701304080075055,-12.540632156169533,12.366415453067953,-12.540632156169533,8.070539434356581,7.292327412060564,-12.540632156169533,8.039513607335929,-12.540632156169533,9.307644443624167,2.915815175086643,7.256772298486814,6.447689238771668,8.110643465668803,6.6020747327508245,10.569597605410094,-12.540632156169533,-12.540632156169533,7.104235702298974,-12.540632156169533,-12.540632156169533,5.971168190279401,8.126835518904015,-12.540632156169533,5.544296106075895,-12.540632156169533,-12.540632156169533,-12.540632156169533,9.113150737309175,4.778632401866223,9.08809397502149,8.78409311314765,7.499397228305723,8.183852938180388
-15.332476024463034,-15.332476024463034,-15.332476024463034,6.745092865474208,-15.332476024463034,3.68951070186465,7.04829381767713,-15.332476024463034,4.6014400562523345,4.7717848910607765,5.588361165304929,4.070695095821465,4.709235179936187,2.2381698067895264,4.713575036422534,-15.332476024463034,5.0065087315109,3.706089420939565,0.6219236516101185,3.4805845948033145,8.217441677096957,8.130174584559192,0.5896048642238216,2.695902612711296,3.470537670363127,1.705503933736086,4.948541419837846,4.7962383194405875,6.1469352665770725,-15.332476024463034,1.7902875056034764,-15.332476024463034,-15.332476024463034,8.91414848312911,5.985849961903523,1.6180939157735013,4.355321325596316,5.721926412018886,5.94839214678076,1.966119105348109
-15.448440705848716,-0.019500014977637332,2.144875538296722,5.725556742886448,-15.448440705848716,0.19000510036293755,8.364802927045751,4.28846058926876,3.663335119547734,2.936612870823192,5.707302112101556,2.514006880269605,3.3066387049356365,-0.013541706577391795,3.9125207006230824,-15.448440705848716,4.39440817387165,-0.7742681051182002,4.6696338831275845,6.998537710007489,7.385652688264238,6.493667828825924,-15.448440705848716,1.9911441095371574,4.790121993100969,-15.448440705848716,3.367654817092318,3.388711031982043,6.756470580503328,4.886571061194289,0.933556565700893,-15.448440705848716,-15.448440705848716,8.911698405228885,3.584827716224644,-15.448440705848716,2.462413931320758,0.07906453338014861,6.726331224432094,3.8202519335071647
-9.644099926887638,-9.644099926887638,-9.644099926887638,8.852337438734391,-9.644099926887638,-9.644099926887638,14.80757636574406,-9.644099926887638,11.166040611958788,10.972982835080657,9.499529493714654,12.438148168474058,9.759707432866533,7.2915705271557885,-9.644099926887638,-9.644099926887638,-9.644099926887638,8.273723379482306,-9.644099926887638,10.606374399881844,-9.644099926887638,-9.644099926887638,-9.644099926887638,4.959868445986257,9.628311698507177,-9.644099926887638,-9.644099926887638,8.956816875718392,12.411500266646579,-9.644099926887638,8.651697646248198,-9.644099926887638,-9.644099926887638,-9.644099926887638,10.500828462156413,6.120173991564488,-9.644099926887638,8.866969825928166,11.263568633888152,7.854272038015914
-13.688569018277937,5.936494448972102,-13.688569018277937,7.482039364760436,2.557919935399526,4.896354177553841,8.063344335493166,2.6810633362563054,7.824702979476437,6.732239461987719,8.79768294394018,3.4048407427113894,8.230187753726575,-13.688569018277937,6.861854195696971,-13.688569018277937,7.830982548596492,-13.688569018277937,6.507504659176355,2.3750705524809397,9.205550041896503,9.37719949742444,-13.688569018277937,3.422778442727703,5.740799310461525,-13.688569018277937,-13.688569018277937,6.789499359100723,7.937091445756116,-13.688569018277937,-13.688569018277937,-13.688569018277937,-13.688569018277937,9.708552321752503,8.339187130467103,-13.688569018277937,7.9726198758611835,5.770620093812656,9.823500244259664,3.6817180378645578
-15.005305661698495,-15.005305661698495,-1.6518289760304528,4.805810858363978,-0.3226941958828593,3.663718442390742,6.90005846771241,0.9420017869034973,2.549777488459491,2.012138041087149,4.15244345465689,2.357520814859771,2.8098724298677,-15.005305661698495,5.222466417120215,-15.005305661698495,4.640150017147307,-15.005305661698495,5.225809093382565,5.5919319927217055,8.386592950586188,7.565329359858715,-15.005305661698495,1.7801064610936097,5.120559444767124,0.8089786703795053,4.8626234250629246,4.082845421153879,5.7729785239477955,4.252232924810806,-15.005305661698495,-15.005305661698495,-15.005305661698495,9.550248392278851,6.084039757315234,3.3898521352812985,4.532089209559499,8.01702608326812,6.344379774291653,5.598692288871127
-12.937041381765448,3.823960285892303,-0.06313679956034317,7.8697472550721015,-12.937041381765448,7.006211343780856,11.561391003244463,8.708696046527734,7.543579482478518,6.503929687684459,5.745772838486405,7.103502742083856,6.353676713732969,-12.937041381765448,-12.937041381765448,-12.937041381765448,6.369058434519397,1.5203235886868707,8.240486077279668,-12.937041381765448,9.19195618106346,9.50262799457224,-12.937041381765448,-12.937041381765448,6.45126939119048,-12.937041381765448,7.606200258632937,8.063143817646486,9.261611983423427,9.117220142924024,-12.937041381765448,-12.937041381765448,-12.937041381765448,-12.937041381765448,9.402419486976875,-12.937041381765448,6.1723768392802585,6.483094083002609,10.135676912663666,1.443783553430542
-16.20777458067341,-1.1366477003311155,0.3290314709325679,4.645088671821891,-16.20777458067341,0.2163341730591155,6.7368239937060865,4.370789132421051,3.9531617913946517,1.8235604518108235,3.2686805414161957,3.2486851463249953,3.322458395282467,-16.20777458067341,2.5144171810641764,4.066215318084705,3.3286049789474284,-0.42375390207178526,2.378081569715391,-16.20777458067341,4.531079132599188,5.735633626016655,-16.20777458067341,-1.9285293775463743,2.354752896184736,-1.8212839111518047,2.897819543953138,2.9642750857562303,5.578528179772598,3.7510413979620276,1.314700923503114,0.4886184652511627,-16.20777458067341,8.4992429341549,4.429617414953368,-0.479762788074474,0.28738677245848104,5.818795236533721,4.765627213429509,5.417573524705592
-15.185898505209677,-15.185898505209677,2.784581252479408,5.714466945387234,4.3975267191327525,-15.185898505209677,9.442269846554447,-15.185898505209677,6.430168327684221,4.579733638933721,7.224273564211853,5.317593099137924,6.206657176278186,1.1569394982987513,4.653519590772142,-15.185898505209677,-15.185898505209677,4.743449090064817,6.875476720784008,5.388902126756963,7.139498615856529,2.298033690482851,-15.185898505209677,3.2889863022285892,7.3036277801521905,-15.185898505209677,5.875024580953097,5.482689369502158,6.51391744264018,-15.185898505209677,3.5001420198592785,-0.9783451837939312,-0.16741534295279462,-1.848422135286477,6.922138032926148,-0.9321323711531649,7.346717834325579,4.45999781227422,4.847773831368992,0.7052966710272277
0.8962342181411421,2.7134192998322653,-1.004814821633157,-16.1579548312032,1.48467424687104,-16.1579548312032,7.1408403511516605,-16.1579548312032,7.501378197028544,1.5264624619967802,5.62889352067034,2.953069170990418,5.691943697418492,-16.1579548312032,5.479631798961697,3.6693619739766326,3.721340937774266,2.7105478433263412,6.61505593581498,0.7232804187551478,6.582968894947816,6.926454587664516,0.7785982353916729,-2.458976965900001,4.334210885972532,3.7044786346874305,2.2092196557756627,2.2248163500623206,4.231068283307166,-16.1579548312032,0.7803611269120078,-16.1579548312032,-16.1579548312032,-2.1435925948219636,3.863909856713499,1.0584197528664414,6.78802462651043,6.679710582610939,5.204107592081004,4.8905850625643605
-10.736063047605759,-10.736063047605759,-10.736063047605759,10.500140182351544,5.836922658240022,7.8211570692091525,13.946765463127482,9.605810591115086,6.589798235803623,7.76803931368531,9.883673929620873,11.424807944932466,-10.736063047605759,7.310651269832696,-10.736063047605759,-10.736063047605759,-10.736063047605759,6.293913666914792,6.735803798593337,4.739578727222184,-10.736063047605759,9.61586370916149,-10.736063047605759,-10.736063047605759,8.663995900846462,-10.736063047605759,8.443178020138186,10.028498272707369,13.474799860980632,-10.736063047605759,-10.736063047605759,-10.736063047605759,-10.736063047605759,-10.736063047605759,-10.736063047605759,-10.736063047605759,10.29122562211833,6.761805772645748,8.821809470189375,8.690895377467692
1.688393948879058,1.9428187951075107,3.2000648824419624,5.8063684073527835,-0.5673817688829104,3.8323941893049325,7.553246813273222,4.281500568462495,4.646542646275166,1.7294942892214815,4.623569933001662,3.9598369448171837,2.84037200304368,-16.04492287915376,3.5051256536190842,-16.04492287915376,3.9925089725123595,-3.502374425580178,4.230429534984692,2.5589124162228485,7.0130592697777905,6.416629566296167,-16.04492287915376,-0.8761575557498942,2.5945720659862976,-16.04492287915376,4.119866522298664,3.45457552953851,4.474045695501466,-16.04492287915376,0.4454258146245975,0.8907475748896683,-16.04492287915376,8.228778687828537,5.521740364576729,-16.04492287915376,4.892130882190249,2.3017883553661727,6.87921642549058,-0.363782848596224
-11.042345141098572,7.9667887178509265,-11.042345141098572,8.995582944163816,6.665189796191156,-11.042345141098572,13.576775700734558,-11.042345141098572,6.663556142604093,9.008693167498992,10.78086875897188,10.090709776099848,-11.042345141098572,5.243804179386847,-11.042345141098572,-11.042345141098572,9.36876832079299,7.502674885940202,10.738224761041662,-11.042345141098572,9.407496496457215,10.687194717899583,-11.042345141098572,-11.042345141098572,8.613341852668231,-11.042345141098572,-11.042345141098572,10.048413911394917,12.512440253374843,-11.042345141098572,-11.042345141098572,-11.042345141098572,-11.042345141098572,-11.042345141098572,9.025127103755914,-11.042345141098572,9.87790916650639,6.424343029756166,11.722990014992433,3.841318841691655
6.133145709747903,-11.077879480266326,-11.077879480266326,5.3125308421741115,8.720433216749027,-11.077879480266326,13.476730835699795,-11.077879480266326,10.891236918300574,10.051517909997632,12.405700680826499,9.985985779738401,-11.077879480266326,8.853501130089692,-11.077879480266326,-11.077879480266326,-11.077879480266326,8.695900722532668,7.014436089845684,11.9662837513984,9.04874863831595,-11.077879480266326,-11.077879480266326,-11.077879480266326,8.685326586285075,4.15590872680161,-11.077879480266326,10.03011800508197,-11.077879480266326,-11.077879480266326,8.153953681880347,-11.077879480266326,-11.077879480266326,-11.077879480266326,7.473829534864373,5.998799853099958,-11.077879480266326,9.172707152874876,12.14598261179241,11.029052266696942
-1.8292739171622698,-16.13336510344196,2.617697949680704,5.267528102914181,2.960413168365908,0.6401759128133728,8.569005024521545,3.073679907336464,3.739678603940168,3.5300571356506096,7.141417195403175,3.9020395593632,4.8434027680068485,1.6790609453406444,3.2852232287433836,-16.13336510344196,4.7386137999863935,2.4851824168446144,2.464457145639431,4.530607101590344,6.98753779124091,5.708037833430459,-16.13336510344196,1.7612071768032351,4.357249629558828,-1.2740501411919565,3.310377895702708,2.0430761386679626,4.871796095948851,4.123347147609054,-16.13336510344196,-16.13336510344196,-16.13336510344196,-1.9123887707030764,4.186987368429034,-16.13336510344196,5.263967026761238,3.330873186951367,5.587140839198453,0.9494304567079584
-2.7968585251465337,0.6470201467185409,-1.0633684818619695,4.585049935645863,0.013149593864191697,3.627765200081698,7.470204381042049,4.191478600375492,4.839167589686239,1.9229865243762156,5.530605493932802,3.6278875429476076,2.811875163257251,5.564274408892403,-17.07610372827357,-17.07610372827357,0.8238694088905394,0.02855474482984584,3.6886015135161134,-1.0711766634388096,4.444119604400481,3.501615971198176,-0.7591571366028731,0.3339756318059285,4.517773233993254,0.9527189257741274,3.2250644448079777,2.640782544752681,5.29219300835861,-17.07610372827357,0.6122731407163271,0.4549282390938093,3.682007882064197,-0.3046417147380122,2.3211346621056546,-17.07610372827357,3.175749488865944,1.2166300127131036,5.6322641244489,-17.07610372827357
1.1362831724998868,2.3639597266972583,-2.1975390146775116,7.318722811163006,3.638993503631306,-14.498926385456224,9.917739422678215,5.874923810651283,4.485419086969046,5.281242627763445,7.085696587322025,4.333996457504968,5.058593279844761,-14.498926385456224,8.047604047866566,-14.498926385456224,6.243632145851487,2.836749102828802,1.45075073222032,0.3354318537180614,8.835401399016172,8.319330717253752,-2.398208700043754,3.865289832095905,6.653091307024861,-14.498926385456224,5.800807110946751,4.722319940314105,6.712741536983441,-14.498926385456224,-14.498926385456224,-14.498926385456224,-14.498926385456224,-14.498926385456224,7.71961601227086,-14.498926385456224,8.070094560637159,4.058206490356121,7.7371695427674805,1.6812047504065055
-16.328127142862158,1.5180779680097503,-4.4787222984390835,6.165848158534213,2.1473258464041947,3.0778105411625187,7.342701211028737,5.096898678238134,2.581501652469593,0.7712976736307978,4.791011274660006,1.812178117057132,3.904328094991163,-16.328127142862158,6.108563579478152,-16.328127142862158,4.271908349870784,0.7090553671606302,4.5364385845151345,5.7151196267834745,6.987474219073937,6.527614950617231,-16.328127142862158,1.7789381602955567,2.028974630103773,1.7843966890581866,4.584758554186593,2.031741472320443,4.802328980549443,2.3664663170599742,2.201138920474672,-16.328127142862158,-0.7686476046810176,-16.328127142862158,6.052785649679199,-16.328127142862158,5.522801565581035,2.554209995150503,6.581401184582567,3.1891638904276576
-16.182225360845564,0.4659101916607022,-1.5338052451636706,5.3718648191308525,0.94892472673004,1.4419457117295704,7.631930645182684,1.106493145774508,-16.182225360845564,3.4978250534913555,6.23538739059901,4.595007693318254,5.128276990253347,3.323813559474304,5.058094662634135,-16.182225360845564,4.407120437677616,3.5236855445055415,4.771771172896444,4.027160193277394,7.955866892461172,6.888775783439316,-0.14751121013064797,1.3942527508881246,4.932514835857922,-16.182225360845564,3.153665535365038,2.888277444149761,5.634811062957793,-16.182225360845564,-0.7815693780982211,2.3464125335885555,-16.182225360845564,-2.6814241778589136,4.320019671414967,-16.182225360845564,5.29607736074663,2.7992704573251443,6.843014382458388,2.4317168881817555
-15.332498492281468,-15.332498492281468,6.224193725538221,7.401999636451569,2.0592826033939424,4.120441043351001,9.337291482003945,-15.332498492281468,1.4792442642534593,4.571716749484188,5.188394090783503,6.068628284194888,5.283438227025573,3.5153436243844047,5.043887133901845,-15.332498492281468,5.1345064181799955,3.1451295415590863,5.975265274824681,1.2524709576095825,7.701526935326632,6.454294623370924,3.037204707429023,3.6261949411199272,4.368699346415555,0.7965371976271496,-15.332498492281468,5.417925209680469,6.676849028629488,-15.332498492281468,1.1481548353631597,-15.332498492281468,-15.332498492281468,-1.8736614496855182,5.784503942569032,-15.332498492281468,6.703851023523027,4.46083397628397,6.932155512371058,0.956183543569414
-14.131270923747833,1.959453633189273,7.121828731723945,8.521991975310351,-14.131270923747833,5.8903114036334925,7.923357791056368,4.020876579671958,0.7592423985422875,6.4692508430604665,5.6536374955309565,3.2894657305144235,7.3580951139619355,2.056350883142675,3.541806474967853,-14.131270923747833,4.873634599115671,-14.131270923747833,4.564766250558692,6.8706261508867605,6.3520866168227705,10.375183819305754,-14.131270923747833,3.1558955105927065,5.4917813461683025,-14.131270923747833,-14.131270923747833,5.79537432638039,5.373077664870342,6.506393451992225,-14.131270923747833,-14.131270923747833,-14.131270923747833,7.941529331245478,6.881495332205781,-0.36705260754008395,5.58284848954833,-14.131270923747833,7.776989770392152,3.703681054374854
0.5685474454200677,5.254018977740045,3.508144107532811,6.737797913648231,2.437845961766038,-14.901374581825609,9.213303585637346,0.36340537116170113,1.0022895823362525,-14.901374581825609,7.399229440101319,7.925386180859686,-14.901374581825609,3.8537048289587448,6.304465542157583,-14.901374581825609,5.356453189410698,4.788785771464591,5.464887687191121,2.5756442591502,8.067180866163849,8.5953908124868,-14.901374581825609,4.240019875268557,7.3446006598630715,-14.901374581825609,4.503778773789644,6.125308872696933,7.567831891573828,-0.8468463359895697,3.9511535180021244,-14.901374581825609,-14.901374581825609,1.2316097801486243,7.220879704546425,-14.901374581825609,6.211301504944892,4.3982687928870465,7.649357257337456,-14.901374581825609
-13.611011605633108,-13.611011605633108,6.77517180996725,9.276368897681564,4.300675186018404,-13.611011605633108,9.543958748584753,8.680630537397526,6.740552666808145,6.032355745033675,7.0940495276768285,7.665633470055094,-13.611011605633108,2.9536911607440763,-13.611011605633108,-13.611011605633108,7.5123650313297885,6.361435566256344,0.2721585353839838,10.77399935679865,9.685188547126188,9.302234856803315,-13.611011605633108,5.047583076419623,7.564736504820572,-13.611011605633108,7.122541140171205,4.253846166056284,7.471025976127818,-13.611011605633108,-13.611011605633108,-13.611011605633108,-13.611011605633108,3.09930536260493,5.728356998783558,3.091531864703175,-13.611011605633108,6.2987231379965225,7.379789718087002,6.915241283794106
-14.903970737908374,4.8582161869882645,-1.955958366699276,8.76182910705645,0.9872244383285307,5.13955760736137,7.861657632606175,5.56318921131289,8.127762855289653,5.797417521540839,4.303393070548629,4.902479231804443,6.299199553579879,-14.903970737908374,7.496415958903067,6.590370445973253,4.320593232674478,3.8785714836338125,0.8560205193631256,-14.903970737908374,7.329091665916167,9.14383639309701,3.4895443482466026,3.9303416834309943,3.9569629460765556,-14.903970737908374,5.136672343913366,6.862771633146346,5.878940418906576,-14.903970737908374,-14.903970737908374,-14.903970737908374,-14.903970737908374,0.19524786940896205,7.147123132813061,-14.903970737908374,4.064657994893082,0.0746909423615326,8.0418863166079,-14.903970737908374
-0.7416659649698182,-14.955953314032174,-14.955953314032174,7.026809907383781,2.2254728459800015,1.472563969661196,9.913203130928727,5.049011625521697,5.760871827090711,5.301985940811998,6.925061268120116,6.324794608124149,5.6389562885990525,4.627815740897861,-14.955953314032174,5.950899945661704,4.259392758187809,2.7143747967669336,2.290960499992847,1.294047495448499,-0.6157136354171169,7.371231232731576,-14.955953314032174,-14.955953314032174,5.108431496154539,4.527988844738653,-14.955953314032174,4.886026902652773,7.539843300283655,6.685217950864748,2.40744903353032,-14.955953314032174,-14.955953314032174,-1.7025599198370156,3.1710272985566634,2.66510802709667,-14.955953314032174,6.808800515160392,3.6883508740674134,6.02782122149907
-0.7199002245031135,0.09380059169115376,2.0642518269852186,4.670462833086716,-0.8317555534898927,0.416055919669876,5.8931263543591825,4.61424493895771,3.333496352023862,2.094176088732572,3.543106113602162,3.3211986035995107,3.0520265985917496,-1.7098873147526485,5.241742287316157,4.001974275020513,3.836801327674911,-0.42984286899147084,-1.4202072798777101,-0.35446473604570783,6.366735740130671,5.768526395450169,-17.35797949646522,0.8694805219556956,2.8554935181920964,-0.6350215251995636,2.8555434653313014,2.466221391729409,4.589949613443752,-17.35797949646522,-17.35797949646522,-17.35797949646522,-17.35797949646522,6.238759450505041,4.477686472143339,-0.9434897581036583,4.988141833429969,2.548863570017605,3.218073207959121,0.4145274516903899
-15.493069498973243,1.7362255890750495,3.0172691260520965,6.39787127378274,0.7257761455011288,3.2878697672241675,8.855327625230622,4.920214123389819,4.690422393966903,4.058755261876356,6.031883973271135,5.0085766262753975,4.912906930142129,1.3050881436549264,4.893506078986806,-15.493069498973243,4.9546536191769945,-15.493069498973243,0.26977890269087174,1.6775945370557928,7.800666581183041,6.919319355871832,0.7525395603122014,2.6590780044465467,2.559586434293582,-15.493069498973243,4.4038605654544085,4.095873969780045,6.319364168149774,-15.493069498973243,0.15181755230402355,-15.493069498973243,-15.493069498973243,-0.5050764941769287,6.909132327776234,-15.493069498973243,4.301022982800414,3.169380268268872,6.9576643668255755,0.7066062311433938
-0.307960978730002,1.250557960732326,0.49689014770674333,5.582586315539077,-1.0324233598746675,1.8778681487353728,7.106871802200997,5.411453537109964,1.229883218449405,0.2362917427116905,4.985582084819987,3.1956597264892985,2.7828298404038314,-16.661128830919186,3.4395787577712587,-16.661128830919186,4.640625017138547,-16.661128830919186,4.234845842479503,5.548052695354983,5.976097883806621,6.071087679917617,-16.661128830919186,1.1716652611325276,4.256477710117882,0.9241497079497761,2.6964684666193333,2.7804909105753475,5.920432999211463,4.846540707315115,1.4242190410894513,-16.661128830919186,-16.661128830919186,-4.016798028656607,4.299861734207312,-2.45357550950344,6.2059373653161085,1.8572229492760983,5.553255239062444,1.7740463690397335
-0.2247774856605042,3.8398766774488493,-14.692613750497665,8.278836958395354,4.216401585521634,-14.692613750497665,9.683096264501119,-14.692613750497665,-14.692613750497665,5.067636558687938,7.08779633897053,7.955156180693341,5.732461662159042,3.624704491548479,5.764718460683605,-14.692613750497665,5.257118808096958,4.217750699595464,5.830651167858202,-14.692613750497665,8.192919382724227,5.571042255650481,3.114654799380828,2.600437786599358,5.012550091195841,0.5191417469643886,6.014654810629863,5.187077289186328,8.085836795700365,-14.692613750497665,-14.692613750497665,-14.692613750497665,-14.692613750497665,1.2850698618187006,7.231992429186103,-2.2633935536612824,7.9424971238029185,3.8840445834648354,7.689643681212375,0.5265400526213271
-12.29626584693462,4.51297503201317,-12.29626584693462,10.175832821128267,5.576579464912906,-12.29626584693462,12.371314177852781,-12.29626584693462,-12.29626584693462,7.492061466312209,9.032801192700383,8.832898338257891,-12.29626584693462,6.7626305993338125,-12.29626584693462,-12.29626584693462,6.23012536043671,6.421180595634749,7.575185279665897,3.6049169266837198,11.243685140019123,6.843522184119091,4.6672688378627845,6.706351153829841,7.04668770454559,-12.29626584693462,-12.29626584693462,8.834629421614556,10.414764743256724,-12.29626584693462,4.024770729653039,-12.29626584693462,-12.29626584693462,-12.29626584693462,10.612624209394097,-12.29626584693462,8.763657924390108,5.281606965132196,7.529236565205627,3.886680870064023
-16.12289049014729,1.365370165407539,5.06800115188538,6.036278584708927,1.2929415222640683,1.6843780597312028,7.435623677746611,-16.12289049014729,5.395149080899027,1.3338836942084478,3.918800944568778,3.1510559895179924,3.7613002555923263,-16.12289049014729,6.711204115341696,6.009528933809441,3.7170357174836153,-16.12289049014729,0.560519026679269,4.769856484630657,7.476656631992936,6.587079147253026,1.0194530700969178,0.6147058550239869,3.8975817912067554,-16.12289049014729,4.029038638208626,1.6496164580083186,4.432843876660183,-16.12289049014729,3.2272735834127886,-16.12289049014729,2.8777687418584854,5.987429419515062,5.872730836766483,-16.12289049014729,5.845037017072095,3.8503826467368043,5.658807796179496,3.7457910067113405
-16.832359853201357,-16.832359853201357,1.4955475015707849,4.6997005882763565,0.7716492465351201,0.10595610491384924,6.359680711034226,3.62458088682685,-0.11049477815962386,0.24891015369790692,5.923394797266769,2.4855103533999023,3.5785622995890365,1.7678886677046557,4.25274656348435,-16.832359853201357,4.533212399615702,-16.832359853201357,5.216675093376741,2.6843632165583924,6.62982933337789,6.188030193319954,-16.832359853201357,0.666012111702196,3.3932762450512777,-1.4014291123182971,2.9801001845877946,0.6657605710204909,3.9149349625206735,3.6878468839814267,0.787588521782841,-0.0013143453673048796,0.8547683163806811,6.79838938771302,6.079998698147082,-16.832359853201357,5.508669145123487,1.6583132718950533,4.773933581215296,0.1715673633835225
-15.952297863085224,0.8320875656242253,-15.952297863085224,6.387631717185564,3.3648789894930844,2.519741182641666,7.7071153037491875,5.691354307695992,6.5846112367523055,2.1039637565917526,5.528122284864424,2.710073377320921,3.0644132561573048,-15.952297863085224,7.439681188453298,-15.952297863085224,5.101652063575942,-1.273896928033071,5.252776649174351,1.3588107822932927,7.320547510837361,7.188637353139041,-15.952297863085224,1.6555508799040473,4.659175708775927,-15.952297863085224,5.3682042947948005,2.955612296921206,5.565317035381975,0.035689216421285044,2.5300422706559,0.41421922437469105,-15.952297863085224,2.2604973442526353,6.10935802858626,-15.952297863085224,5.518901591151847,3.65674446472606,6.69430380102408,1.3125651501944526
-12.522566236092354,-12.522566236092354,7.6682416786640655,9.915090145953023,2.783598923541253,4.050419469753427,11.776532409911898,-12.522566236092354,-12.522566236092354,6.237297360297717,8.497688233369189,9.1279342296331,-12.522566236092354,5.85374457057776,-12.522566236092354,-12.522566236092354,4.171018608200646,5.556891015879987,7.40003402475393,9.576673387841694,6.43606880485367,7.182625284580277,-12.522566236092354,5.737241294017286,8.022589166026524,7.291409311107206,8.151750925172339,8.507088112507322,8.367518274040885,-12.522566236092354,-12.522566236092354,-12.522566236092354,-12.522566236092354,1.5629722224434668,3.9909442544606932,-12.522566236092354,7.428660718792086,2.751559577129549,7.270335301783975,-12.522566236092354
-17.244908754391563,-1.8860998728225422,2.789042550007429,4.961188143949763,-3.114586726660514,1.4505967676070801,6.526014600821214,3.2775741597954497,0.5562469674519246,0.0013580198388704959,3.257149157955977,3.97742788896675,1.3633298214398157,-1.16659386938682,3.0939585100271154,3.2167065646096966,3.6720635850392664,-17.244908754391563,-0.6637081529460037,5.952078914908742,4.279196558509959,4.930823005908938,-17.244908754391563,-0.5671972583549644,2.3832984750753945,0.507317441103424,3.011133586754295,0.3087475227877571,4.057388868993546,4.158292369649214,2.1089198424345175,-3.3250372802025505,-17.244908754391563,6.733928512133272,5.024610223998019,-17.244908754391563,2.4517491291614046,4.881100414776562,4.534385409029497,3.4821399195962934
-0.6541424673067905,3.0159375098296417,-15.373871580769167,6.983259380327482,2.5358168755295525,4.207143513613118,8.678191539807282,-1.3272485081910286,6.285671912481464,1.122660574402545,6.692332164008294,5.295033103880142,5.014830199222663,-15.373871580769167,6.979240494983816,-15.373871580769167,5.119490406703296,2.2389243275844124,5.014396932736641,3.423188697259683,7.263428878746591,6.140257810696711,-15.373871580769167,2.1639532315732293,5.373003356126084,-15.373871580769167,4.802924185188931,4.625994034507707,5.863097735541526,-15.373871580769167,4.804046200098038,-15.373871580769167,-15.373871580769167,-0.14493775098777772,5.789866083460674,-15.373871580769167,5.671485002421545,3.960456408122523,7.296776178927831,4.129766215626662
-3.942417646034854,0.398883353288141,-16.410858402178967,6.273553778548827,1.6511454094783344,4.131628688429151,7.112108400963776,-16.410858402178967,4.505198990169166,3.20450210221575,4.256048702156035,5.872070898993469,2.8704735100057395,2.6816948171620005,3.5383972123185035,-0.5297515826142073,4.832551507216849,1.2872463711199618,4.504258442602956,0.39335986475479817,7.876337706397866,6.113506487489372,0.34751099244704003,1.3092476655337584,3.995365208382236,-16.410858402178967,-16.410858402178967,1.8990025178400893,4.690658922563957,-16.410858402178967,0.5595226933215164,-1.422865397382654,1.9547323860217938,-1.882397546162611,3.1663261120031256,-16.410858402178967,6.157919339041578,3.2902838562603023,3.5877695891801102,3.781277059361942
1.0377238259959054,-14.001562457708088,7.403971598406199,8.836783504866883,-14.001562457708088,4.002238290493019,10.455492143430092,6.538333274109651,-14.001562457708088,4.810011071933712,8.393432289207436,7.222793769622026,-14.001562457708088,4.312089724615414,6.450419453907826,-14.001562457708088,4.923885601462764,5.158528636047814,3.770944490447522,8.908782217853833,8.916726646691023,8.353069110325356,-14.001562457708088,4.055994033003783,5.805212629862002,-14.001562457708088,7.552279348137285,6.104053207530939,8.321460584669477,-14.001562457708088,-14.001562457708088,-14.001562457708088,-14.001562457708088,-0.32531281765269476,7.61637407373462,-14.001562457708088,6.858731153266462,3.374425867990839,7.523422414034336,1.6368833485035663
-1.9054200389544316,-3.096488843484196,1.3668608841680865,6.154627539170371,-0.04466791757561145,2.030014808974575,5.4928031009232035,3.7307598038868663,1.4203629061183842,3.259276618944354,4.010872774578477,1.0550212051963699,3.9090203234463514,-17.069004004958625,5.671198782824099,-17.069004004958625,3.573648129077493,-17.069004004958625,2.4889326544610335,0.059236989762079785,5.177668977604179,6.361695176272945,-17.069004004958625,2.1571252961097054,2.5416216133774143,4.918447879690355,3.163255176887723,3.0895606370114,4.329295957629944,3.4609319060274784,-0.9509082540003098,-17.069004004958625,-17.069004004958625,6.379118018137958,4.290833370569152,1.676437816913943,3.9876579142367348,5.702003706538091,4.392850720222052,2.5603683950054945
-2.66108097833477,1.7049216944222783,-4.858295679188745,6.105177340139784,-1.7036727601647446,3.4496457577723163,7.786225066467682,1.1880141666489417,-2.6488109007986433,3.214992269914086,5.69197854787816,5.193538505420563,2.516740117449574,-0.29164634353847846,4.574127694584293,-16.26587173955053,3.8666951978519593,2.3131793489086125,1.9133741958461181,5.0045786515876385,7.266566645854924,6.6139517608945475,1.0012124390966861,1.8301862979728567,4.669670818807945,-16.26587173955053,3.678078822728782,3.650562970671266,6.049394862782087,-16.26587173955053,0.8413933258830618,-16.26587173955053,1.6994181032918412,-16.26587173955053,6.2494851784679835,-16.26587173955053,6.110510082066578,2.8573122848392427,6.777599045111582,-4.059794094032857
-15.830051532148566,1.5661963491650932,6.0575706379806356,6.581736927895923,2.54531799955733,4.179701140326176,8.508041862135805,6.709515155831879,-15.830051532148566,3.8928080017654714,5.50055846946029,4.195074684724864,4.568494735627143,2.440155110072816,5.298072562809731,-15.830051532148566,4.574880567854721,0.5317743821022538,1.3437489412612966,-0.41717544055533223,6.083478575367642,6.748949637057332,1.343400933613727,2.551472507001939,4.648578951610029,-15.830051532148566,5.238334752605025,4.322090049512307,6.2897460845176685,-15.830051532148566,1.7954493278270958,-15.830051532148566,-15.830051532148566,-1.5137650802113811,6.634034802998763,-15.830051532148566,7.131940112694615,0.6988284547085123,6.968888760033908,-0.3774877001647089
-5.489815971216187,-1.317863397280232,2.6670690024749275,3.0152647176475256,0.37694761305745156,1.9065651254189937,5.730901593057824,3.73585104189763,-0.6431480506783868,1.5171626267163139,2.590573601021153,1.472225482050337,1.773787598348063,0.17478527221042742,3.5126621375582125,-2.4156642458073834,2.1356609312159325,-1.5032741280047903,0.9388391955661763,1.1202751531983848,5.632005079584387,3.8762448965040437,-5.19557716901134,0.410871522261144,1.7694086362107941,-1.204418767574978,0.8460751665001105,0.12532438553488295,3.3664149537264647,-18.33774513449424,0.20071865400339783,-3.2809656984430338,-18.33774513449424,-3.2330016527711507,2.4253854399080437,-2.241894990233756,4.039440464152323,2.3781435591205264,3.105450992405245,2.357059498659006
-1.1159509458154406,-0.10253366246643424,5.387157390440313,5.823181619101261,2.1716107961774345,0.2728401078472058,8.55609015233974,3.265418976559239,0.30896279640182533,3.3697877247440804,6.378466505372564,5.369565331139535,3.5234996390652653,0.854303107913323,4.223771995990545,-16.317756114899574,4.561093660839011,0.63758710388249,5.2895953938376055,-0.4873424030597108,5.314034376253055,4.7174916477740245,-1.829300573488923,1.2570923841263584,4.51409503335738,-16.317756114899574,4.276744099080112,3.1733088996931142,5.542929177151622,-16.317756114899574,-16.317756114899574,-16.317756114899574,-5.161491308255832,-3.3697437436904765,2.0670901864084175,-5.4979578306892884,4.500592604202827,1.3352694178648645,4.934206698221163,-2.472685783820441
-13.830068667123525,-13.830068667123525,-13.830068667123525,8.824334449830916,3.5993283928601687,4.050529289157221,10.860679668984254,8.138244737008469,-13.830068667123525,5.7738718426200215,9.068816696586916,8.42270836807261,4.28680063599731,7.581201147259652,-2.0547712454077,1.9733163759813857,3.8801152782838013,3.969971605656833,5.515228061415822,2.599913818189832,8.338583213938053,3.1763297203041145,-13.830068667123525,4.692807598172039,7.565090070458633,-13.830068667123525,6.962928436229197,5.909109282558275,8.936456976105296,-13.830068667123525,-13.830068667123525,-13.830068667123525,-13.830068667123525,3.185746370873309,6.232788199786297,-13.830068667123525,0.005245498528604352,3.434794346156151,7.8690691562421575,-0.6684826534908419
-16.34426589856547,1.2931241368606115,5.640238317754859,6.272525972907147,0.40775762634322044,2.8650994572003263,6.832086489541979,-16.34426589856547,3.576908051061825,-16.34426589856547,4.939849251496978,5.470742014760031,4.940836117137466,2.5122151597586018,4.249039306993666,-16.34426589856547,4.115958445946348,2.078113412005506,0.8961586002303585,-0.2231746389264594,6.372736522197577,3.7393176943858246,0.08498425428984363,1.9491495056982027,3.8634799817890433,1.3758401691472568,5.228051974016997,4.641094936599529,5.91125870611206,-16.34426589856547,-16.34426589856547,-16.34426589856547,-1.5504288418678092,7.135948869251189,3.657741309716941,-0.658492655802004,6.2358571475108535,4.618583608128646,4.3800393989545645,1.5572209887571107
-14.43018081389759,1.7565077218970186,-14.43018081389759,8.152563886724932,-14.43018081389759,-14.43018081389759,7.8206532267422055,7.989102386055765,1.540574365036869,5.205620370949518,6.426933866155607,3.7159315099080037,7.677239596705549,-14.43018081389759,4.7638898029053856,-14.43018081389759,5.851894288410122,-14.43018081389759,3.8053744579617805,1.5612172975221437,9.66208663876903,9.333844676130935,-14.43018081389759,3.6891245439881586,5.4455271311896984,-14.43018081389759,5.73570922620908,6.77394822374734,7.492974502238349,5.57036484220654,-14.43018081389759,-14.43018081389759,3.399187073439682,7.764836637696344,7.213941317264074,0.6606928238088629,6.822742215138743,3.3653851785712607,8.533371218514997,1.0007499269854692
-15.647452878846364,1.2220589079656863,2.86434746760257,5.905787344557797,2.719193987168719,3.3124076882007834,7.4955862432884,2.1006673377469203,-15.647452878846364,2.386388235844205,5.440511626394764,4.9374011050939535,2.999247285142701,2.9454149158375746,7.651607904424493,-15.647452878846364,2.3962044452085243,1.8074842757797172,2.0145817236671926,3.1848738389148346,8.126080764349398,7.077230794351005,-15.647452878846364,2.66117837248306,5.863187915149876,-15.647452878846364,5.3419700215725525,3.8125146912263643,6.790720180453663,5.441060056613444,-1.5543098267083406,-15.647452878846364,-15.647452878846364,7.322089041220199,5.798091665651884,-4.134517413926136,5.419806836829038,-1.012162048860242,6.842917647526227,-15.647452878846364
-1.5461519767618466,0.9165712558243422,3.58304292193276,3.670291878009114,0.30241981710807514,1.0898980664404894,4.9019395346946,2.63814839010708,5.736071445004473,0.7408990344125332,2.8992331019453035,2.265499186650099,2.878585271693965,-18.52078839765139,1.9888138124181471,2.6965332327951836,2.5434893566693146,-2.7270386652038674,3.8833425912563255,0.6895308315897694,3.9950948738655288,3.6065429541456253,-3.3340968625702008,-1.9295689278057988,0.5437442403886942,-1.8493824538166148,1.1217247178745728,1.0848352277777407,2.43678246970637,-3.114003694214721,-0.5709115871027207,-1.5525417745884202,-3.532795392855077,-4.01714269843828,0.9785059918630602,-18.52078839765139,4.140333815181279,0.30342225645420823,3.364909240988808,-3.78499468813713
-0.7127125683431452,-0.6965003172890574,1.8913062713796396,4.235650488356119,-0.6953684552809961,3.134658934306949,5.790557072061302,-18.29960382495336,0.9636780570331821,1.787651024692849,3.117384027803555,2.022154065483091,2.4464601492464926,-2.917562646798013,1.6574924258387367,2.999072406389592,1.2652360258080049,-0.019105100096021864,-2.158768589273842,-2.736633882441595,4.600980890168039,2.734435416401113,-1.957564862574215,-0.9284595034592412,1.5885825378487197,-6.38120658523052,2.848694426247496,0.9161938776579555,3.449259064945761,-18.29960382495336,-4.162009043182551,-0.4036785934000238,5.453519828849729,0.8393556450724668,3.2883520342324335,-4.407131299927457,4.407407299488942,0.9438917920729271,4.300846600922387,-1.9069112651040725
-0.7922506745572667,3.0173593839885453,-1.8038503624611275,7.143518639136293,-0.39380336892474577,3.019062302556233,9.334882261073348,-14.96543637609381,-14.96543637609381,4.505401439756088,6.635957160447803,4.7614939406777435,4.343300224832475,-14.96543637609381,4.182068079612304,-14.96543637609381,4.226694286299095,1.1841580388230992,2.5131229016040586,0.14753760250774384,9.221454073979235,7.056832406048345,2.2462590552099106,3.722289973116274,5.388575736153662,4.853442598451685,5.330057393755731,5.105843419216944,6.622852161599033,-14.96543637609381,2.939573709176977,-14.96543637609381,-14.96543637609381,-14.96543637609381,7.2734532740155835,-14.96543637609381,7.6406811359694595,4.485006635550378,6.674612072134242,4.103341885095174
0.5731535370526124,-16.713080496316955,-1.7989573163512926,6.216860674217247,0.2875422977363143,1.519220388330413,6.392735292205338,4.673455618874393,3.3924424363721255,1.0772400739571006,5.2272944844945215,1.830260269216942,3.6375552170664127,-16.713080496316955,3.9575016073981097,-16.713080496316955,4.520214648019706,-3.865151333038901,2.110929750294073,-16.713080496316955,5.973781031738312,6.1582651910629735,-16.713080496316955,-1.2093206606514235,2.32192065305947,-2.2878038232536726,4.64751849789843,2.5691390836809274,4.261504214122705,4.4370335264638125,-16.713080496316955,-0.9402958894041239,2.4951936030366855,7.379884487266548,5.509654357560488,1.29102364994013,5.4198372774768915,4.215889710324134,4.839025326714737,3.443935095019511
-18.257597534310182,-0.11069594449136412,4.15316295219379,3.539622395130047,1.3934252719101117,1.261395456635623,5.451069392872457,3.9190767717049293,4.0871000013979595,-0.4117477263314204,2.9361593137171385,2.0156555198350814,2.228780734797057,-3.4304857010311327,3.6917880433349044,-2.1465263975838993,2.6923017579451325,-0.2218442325533577,-0.7130257085837721,-0.007823730472715505,5.218337440804402,5.091355216785685,-3.947390124753891,0.5684816555284694,2.6871785215890664,-2.4446691344594633,-0.011270165597834295,2.567818672184054,2.581796637585744,-0.46016482488833926,-1.501338958298478,-18.257597534310182,-18.257597534310182,-1.8664258871859474,3.733325513729131,-1.5489412361653594,4.27205690915374,3.722864288204534,4.189689470396585,1.5927004378918974
-15.514778150681687,-15.514778150681687,1.2319262130323385,5.8242245253082405,0.30356298154333994,4.213505419513465,7.198562351807366,2.168594537827973,4.083172017843254,1.3231066604684896,6.0425570059112665,5.5991369132441475,4.519969776079203,-15.514778150681687,6.333066572732489,-15.514778150681687,4.4338918122629805,-15.514778150681687,6.282236764799862,3.288985757303274,6.620688557293667,6.320900968597387,-15.514778150681687,2.201896689594215,3.1941595079689917,2.3024133029261464,4.672036516569689,3.8775901921495595,6.124746418026881,4.979703256317499,1.2670359216390703,-15.514778150681687,-15.514778150681687,9.147549622714303,5.564734539285614,-15.514778150681687,6.808499310713204,4.508658230954266,5.821736315968373,3.3741546957385644
-1.0201166710259904,3.8552570078014328,-14.684805502045702,7.686790060444862,-0.6541827580131951,5.408719787009203,10.05648812841662,-14.684805502045702,-14.684805502045702,2.9543339324324944,6.90119416013859,7.066331797083956,5.971540314643898,2.0975233707747227,5.794105916460903,-14.684805502045702,5.189734791525645,4.558162943683951,5.717359354282127,-14.684805502045702,8.725256936623689,7.817445222332474,0.6567615768049018,3.2781163548826435,6.253563650775464,-14.684805502045702,6.278468870310377,4.188541957858422,7.263470298586199,-14.684805502045702,-14.684805502045702,-14.684805502045702,-1.62431540070215,0.3185487831926263,6.332956638405067,-0.8692939440819284,0.7321109982682906,3.8957807679385286,6.418498228014213,0.9140964435433229
-14.348382367467627,3.6894261316941157,8.18674454107676,8.22268925306926,2.714785855655437,5.709837720974293,9.969625306095942,6.713973705432906,3.014156049180483,4.5908540522664385,7.039754625201333,6.12364903928366,-14.348382367467627,4.448334680767865,5.0244194692189375,-14.348382367467627,5.0573312854913075,-14.348382367467627,4.0772859279460265,5.862039144505907,8.586854339493756,6.262565474372328,-14.348382367467627,5.289019576594838,8.835588781899727,-14.348382367467627,6.214421248211777,6.196617678137803,7.446336940646631,-14.348382367467627,-14.348382367467627,-14.348382367467627,-14.348382367467627,-14.348382367467627,7.830410007016584,-14.348382367467627,8.346968059642727,5.75593425887978,7.554903687634741,3.416061569220141
0.4673865267543509,3.1253851492870424,6.11708113904827,7.572759935240272,1.9533232818175745,-16.081842044037966,7.3194655440947445,-0.8626882409189736,2.352445713185467,-16.081842044037966,6.3247773734784625,6.206466668644586,-2.760626168545554,2.510436301768558,6.5656520071635045,6.446607749298675,3.6029936780734473,2.4207872917747593,2.2592542313999266,0.7937830932918906,7.009116620101315,7.142894990010137,-1.1031803637680606,-16.081842044037966,4.804927737969065,0.7203600932822347,-16.081842044037966,4.814771875744135,-0.06577900790283371,-16.081842044037966,2.9693655238157897,-16.081842044037966,-16.081842044037966,1.0250510667836363,6.675653510647379,-0.9260808016751386,4.693902385502449,5.09519640967899,4.7189124735220815,2.582490519697564
-17.024082488619666,0.09977893721685764,5.611685912502424,4.470388191199148,-0.06226675561127293,-17.024082488619666,6.882595712760802,4.018044269986505,-0.9593875089032331,2.8547945880682253,5.643836994169566,5.391534920412707,2.5778345357537584,1.7014323939745044,3.673947589284043,-17.024082488619666,4.349663083089085,1.8281209042553488,5.404511272611894,1.641659849774405,4.968660145353806,5.215887359718671,0.1346432037916249,0.7208980080305646,5.579147510190573,-4.81800484310199,2.553385111196834,0.29638471534569416,4.735512349039473,-17.024082488619666,2.42996066235078,-17.024082488619666,1.2737524366409563,6.072580057980934,4.6230969525434125,-17.024082488619666,4.334886780754551,1.670282825746348,5.099989403871362,2.1252573617195623
-15.611560565182252,-15.611560565182252,5.609147739876375,5.85443278089807,2.5394090047354307,-15.611560565182252,8.414221264179053,3.1293904480745742,6.609851782443104,3.4990120716256894,6.711201933505866,4.8125442353747605,4.355298753695629,-1.4885645721761698,6.68581855166455,-15.611560565182252,4.931118211061783,-15.611560565182252,4.745888671349834,2.9203931901264872,7.881136514470308,7.02697357530252,-15.611560565182252,1.9546298713031678,4.999812356366072,-15.611560565182252,5.718460883758997,4.305366998670891,5.56687441268578,5.330173913496875,-15.611560565182252,-15.611560565182252,-1.8368709600721087,7.375801064161535,5.208623250185494,0.37300380743725314,6.7032928102188665,4.71655676554255,5.46104437479735,0.39000138187966066
-16.89070940357648,0.00026844212868771026,2.724499688902288,5.912204203908133,0.742513502322719,2.2052600077246107,7.089378313244389,-3.237716598640086,5.120832701871779,1.2984175343072757,4.238534743767269,2.9191864344994607,4.161097300384836,2.305849923136286,3.8139748613022944,-16.89070940357648,4.018870012263435,0.18058737182659065,-0.1798394909258454,3.3961887220690263,6.188825411107034,6.096606498179017,-16.89070940357648,0.6676952204934237,3.2142383952864373,4.112322255580698,3.872498041423723,2.3135532029747075,4.775325499946663,-16.89070940357648,3.3678189153882903,-16.89070940357648,-4.2463786013139035,-16.89070940357648,5.103756952489977,-0.21815403439385767,5.199277991037118,5.806459665948733,5.613030798165774,2.767272535051926
-16.873330776138204,-0.11075306410778102,1.7198736905433905,3.5508819167422305,2.738085548398055,2.327958428725375,6.1901732928953725,-1.7658362618000416,-1.4443900852671225,2.720822329784627,3.1976226766065747,0.5560662838454923,3.178862436522909,-1.9009387069164831,2.8372710870293893,-16.873330776138204,2.9555770413793687,1.161099093344341,3.5836099638900043,3.962084480519072,6.485188020189516,6.0353737905394835,0.2431884730787782,0.045420307998804824,1.94994429918314,-0.09409468912879886,3.802623304305407,1.8266469912946564,6.101481563922126,-16.873330776138204,1.137575603182679,-16.873330776138204,-16.873330776138204,7.527462827652828,2.7720955198936927,-1.4809052908338385,4.8587648641464565,1.6641547562538366,4.750539402454565,1.2831239844229487
-15.380804754068349,-2.8746238123909924,6.3957830760351415,6.363641419909095,0.08143969375193094,-0.7677865497695381,8.25731675955704,0.10805722969092128,2.4072593278894043,3.8385536761526606,5.266454387289321,5.89425781062294,4.6197203015311095,4.873257135401611,4.661578387113719,-15.380804754068349,5.886156526847813,-15.380804754068349,5.549767893178696,4.928293216888839,8.328361178649036,5.948202263685966,-15.380804754068349,3.307992914489141,4.463321619043525,-15.380804754068349,4.794141256414834,5.492853280738214,5.624922049798601,7.157080592414821,-15.380804754068349,-1.011408508165159,-15.380804754068349,5.603755545311363,4.818144870618875,-15.380804754068349,6.295006595797146,3.8022226919106683,8.313519956208372,-15.380804754068349
-16.56047332802322,1.2541549605519395,3.702311397843706,5.836254435346257,0.8849625677294845,2.63769574951843,7.484208676533262,5.697381867563748,4.762474806620683,3.5009695635435945,5.178588246730484,3.816760726496386,4.123053262394714,-0.17847605647361015,-4.459755642610749,-16.56047332802322,4.998107431686704,0.856450685558844,4.350292302974943,-0.21364966790229806,6.55816824681204,6.862233086756033,1.3068221951356631,1.4817249937515393,3.5934899571652585,-0.1617201440213856,3.949673544368478,2.425350761587511,5.085919818453609,-16.56047332802322,-0.6420487500938532,-16.56047332802322,-2.437477335017138,-1.1235960891311325,5.181542351808503,-16.56047332802322,5.194442007308674,1.830057449284353,6.026472559864634,-16.56047332802322
-1.569565290870302,-0.09251379718237719,4.292318742462608,4.7460636927436095,-0.17192290164314603,-4.483025923455093,4.332982015400566,-4.092828654610235,-0.9827387412063815,2.5002888704897033,4.553725324796133,3.807120089382579,-18.170704246272475,0.6504290706646794,2.4616736195753446,-0.4024126712066571,2.9879414253773233,1.917532365335718,3.900346385975329,3.232284062217884,4.092773747577131,2.231171052731724,0.5464448648466821,-0.6418655293957594,2.884085892860455,-2.5004592634242457,2.5062558388448206,2.256269223798987,4.267472412629437,-18.170704246272475,-2.195324782175502,1.3035216864656871,5.117775528592516,-3.687363802912163,2.5460504400648127,-18.170704246272475,4.735478747815327,1.685394303139494,4.305767324442962,-2.5290326313322296
-15.689318179818523,1.39271489462013,1.280209673345779,6.6337129403481505,2.720402734007702,3.984211246098564,8.16423486185581,5.531797458459257,3.5807012021456757,-0.6354331009559496,5.815119451637811,4.226174952969546,1.6009499938852754,-0.7200757185076957,4.5791399838799665,-15.689318179818523,5.057673950299074,-15.689318179818523,3.5696917588626103,1.6965698163239162,7.623127982251681,6.488435570597621,-1.2694911085529808,0.33226668089110606,3.3712671885714958,-0.5627754756931621,5.156377657566005,4.120029111892865,5.5755158488102285,-15.689318179818523,1.24237084910185,-15.689318179818523,-15.689318179818523,-2.6503342374425642,5.26128241385722,-15.689318179818523,5.744438562496862,2.8678146959938235,7.953800544400163,0.09330487471179799
-3.491787332593007,1.2323969423873886,-4.677404685156898,6.9791144672807865,-0.13896621580726218,1.0061660222354742,8.054397915157448,-16.28564942079922,6.645788626755149,2.948979208289848,5.855009655361417,3.9560259192681824,-16.28564942079922,1.1469760519097387,3.926207290510424,-0.4289184041051859,4.4289893104553375,1.3783051822632018,4.958188390161741,1.5799054579121778,5.763146458459102,6.33534721459848,-0.05511825114561071,1.5644557126742331,4.3648844210565345,-16.28564942079922,5.2917508542190355,3.779160477308984,5.465573738885764,-16.28564942079922,0.12212638012385064,0.646925740173549,-16.28564942079922,0.6783145406551634,5.209810424503036,-16.28564942079922,5.523106315302701,2.445965954742695,5.7915915939342835,-0.5725188529823869
-2.6023166533784345,0.08260979919839496,-0.0985428310340369,5.310774377115172,4.129381683521563,1.5466950470148868,6.870296440654481,4.566316844617694,3.011591788646386,0.7087462241199707,5.627969878434263,1.1651745200432309,3.601171291914014,-16.061153695974383,6.356611530759815,-16.061153695974383,5.003522167333631,-2.3510025425574432,2.657852287948841,-1.5726981545637333,8.324001620605092,6.68363718755562,-16.061153695974383,1.0089858951590445,3.787658890237015,-2.7564670951108234,3.5940969531908933,3.4513161146541202,4.627355052049389,-16.061153695974383,1.788951437499068,-16.061153695974383,-16.061153695974383,0.4880748748179332,5.185632840774987,-0.20702346064220498,5.736995103282237,2.607870408114853,4.908503359787543,3.123179294082895
-0.37594825032822926,-2.32136271922113,2.6753806530850097,5.657204125899884,0.7324202022161292,-18.29443271373612,4.984838758480431,-2.875502114456087,-0.31380850713358943,2.1814737219176004,4.15022913945496,3.265898813464223,3.0772130374105875,1.0241303664813592,2.4172968364035623,-1.7944817520493879,2.682350679155548,1.8972093785087087,4.326322539997801,3.269218576866463,3.800432540835128,2.3833440056363933,0.7916642421784735,-1.835588198265576,2.4263099436683775,-18.29443271373612,2.70877280127974,0.9821941053300903,3.8356406436974746,-1.784294907434213,-1.0618513921450037,-1.0648085159375853,1.6355561694419076,0.9998400117317775,0.5175466051686125,-18.29443271373612,1.5873715342765384,1.8950629431545334,4.345707204950062,-1.9396850825122047
-3.247235526133893,1.5549387270689492,5.018276622707324,5.782913184200299,-0.0955692486415052,3.1210365879287285,6.5038262455798215,-3.8300339903217595,3.7498415132374374,1.737682192380539,3.6328736195516256,2.206052781860531,3.5011812000889573,-17.245068474225107,3.15680682477909,4.7615920669518115,2.3509695298938365,1.6673162404014952,-1.656301748818066,-0.3254197239998899,5.391209397523654,5.408552877684713,-0.6829281690474688,-0.4258574234544926,2.1618394315303893,-17.245068474225107,3.7631356752540817,2.984212469456798,3.6965775881902627,-17.245068474225107,0.32861438767538714,-17.245068474225107,3.0913429968964894,4.394744062232948,4.329480130380059,-17.245068474225107,6.075829093139008,1.3211834016917605,5.920636567842745,-1.1239772145860971
-16.285745467348452,-3.3865231412614585,1.0262726823853316,5.841738142659099,-1.714112460179387,0.6617750260923767,8.444689723247132,6.23665755658034,1.6746443420573187,3.470252085589684,6.848775994187868,5.378827564446556,4.3571667813560655,0.6383795658892798,-1.4550038673363448,1.1130062404922565,2.191126565707238,0.6033839490803516,2.2280612637041837,2.072314925268471,5.021153978600716,2.6634436411170475,-16.285745467348452,-0.2022411576400886,5.693928116667893,-16.285745467348452,4.4110737206097745,3.6795572982370333,6.100991818713963,4.481039524468868,-16.285745467348452,-1.9878081428561258,-16.285745467348452,-1.3039636607158227,1.4449830068766907,-2.4504313016963226,3.789365676868851,1.7070711888920453,5.613615168660379,-3.464484480028995
-0.08928235239117638,3.677106583362204,-15.694884489427702,7.328723928060199,-15.694884489427702,5.101947745404701,7.740661921362965,6.08524760411144,-0.0014366130891341627,2.545233162724488,4.349827171232689,2.1514982255619333,5.6505801749903535,-0.2462192970995311,4.0991573427651975,0.9074875116773639,2.101988570703528,2.905196891248664,3.7239987192791473,2.009994403858176,6.514165777114982,8.893867308616498,3.5096978029192822,1.6751166482077948,3.9981377383702705,-0.5984398082236252,-0.3686517712179583,4.13199127980163,5.969415422793967,-15.694884489427702,-15.694884489427702,-15.694884489427702,-15.694884489427702,-1.1139056242076864,6.38806475746905,0.8419215621782735,4.016927927712768,-0.5470076485168859,6.511178359212413,-15.694884489427702
-3.209629809104285,0.7385800745810999,3.610428748539826,5.769193673642939,-1.890502668403206,1.323222873367573,5.991486267111692,1.9434334039366403,2.2631362188724062,2.2138962331372234,3.4981457871231183,0.4979701725365336,2.4570685145132853,0.22486450539391867,6.116511497109129,5.207999763514182,3.4604169257034076,-4.795717298796209,-0.26851245884423874,-0.8661604432633982,5.215065619860144,5.644492544650531,-0.055818331370966014,0.6107605126243882,1.7544246931548964,-17.264158054940324,4.722013425231592,0.8262114484183131,3.9572493021710136,-17.264158054940324,2.902796529823192,-17.264158054940324,-17.264158054940324,6.065834492945609,4.682227116384647,-17.264158054940324,4.078855970334333,3.2265197731257396,5.843324473656043,2.5610007230205127
-14.259021063192945,-14.259021063192945,-14.259021063192945,6.056802714264049,5.782334227097161,-14.259021063192945,9.177481501609298,-14.259021063192945,7.520297448350607,6.024529778997693,7.8495161120138714,5.618296005265746,-14.259021063192945,2.6963221555891197,7.865890694623986,7.726196821896233,8.844000145343808,4.7976543351091445,3.418060977738295,6.2029839016246955,9.22155994698438,7.855118633195848,5.397596163196375,5.6227599870003635,8.349426277876772,1.2128111839439568,-14.259021063192945,5.57930735196014,-14.259021063192945,-14.259021063192945,7.307990619341515,-14.259021063192945,-14.259021063192945,1.0335384474701605,8.735941701397243,-14.259021063192945,8.365082838157202,1.5780371904825854,8.65117431650079,2.6175412812843692
3.4514189352056452,5.4494817554771435,-13.38549169179414,6.09478327727157,5.026350113579802,-13.38549169179414,11.577363994510513,-13.38549169179414,-13.38549169179414,-13.38549169179414,8.980509493680975,9.765244989777965,6.536685345194765,8.020396130160997,-13.38549169179414,-13.38549169179414,4.675652890265108,1.4269678700653656,6.918539674478905,3.7858701809450768,2.5956382187699147,7.149720190716812,4.393875039228043,6.855633156865728,7.719342657781028,0.4595786392849935,-13.38549169179414,6.2270791567776484,1.6269673576738635,-13.38549169179414,3.512845892404572,-0.7411608895315623,-13.38549169179414,2.065124720284567,1.0978487515661706,3.0260196380349336,-13.38549169179414,6.255546888684729,9.07128637286496,4.215798167715202
-1.5365606854570786,2.813336704493334,0.010166327046134734,5.542275774117873,0.5562703368096421,2.0018368658169137,9.199556198401037,-15.371874851109208,6.01621070625766,-15.371874851109208,6.529719775440754,5.447882286933981,-15.371874851109208,1.3052650530611032,4.766200948577682,6.997322820375927,6.7451573620439325,3.753931055102976,3.2164367426837672,1.1219138183049215,8.249155351008012,6.6553195265497065,-2.050658975616796,1.5195645685500787,6.105186317819112,2.968246395823673,-15.371874851109208,4.137940075842233,0.2633347068469031,-15.371874851109208,3.5053442774700487,-15.371874851109208,-15.371874851109208,-1.333219941831045,6.550970152557756,-15.371874851109208,6.129021768378763,6.070342356565943,4.151874905546719,5.5656552333519524
-0.2837933637736237,-14.0267343041713,8.41290272360707,9.04333349128427,7.166160092315996,-14.0267343041713,3.8968593585648432,-14.0267343041713,-14.0267343041713,-14.0267343041713,8.602472002706424,10.647160254611723,-14.0267343041713,5.766091167832138,6.028564652695731,8.6496669453494,6.870736909806931,6.5908932018635324,7.069735123615658,8.038406290159338,6.885621797592147,3.0391507844802335,1.1973214683464306,-14.0267343041713,7.574019064741197,2.785508077630096,-14.0267343041713,7.4717608788230425,1.8644608720656026,-14.0267343041713,3.6380724506075324,-14.0267343041713,-14.0267343041713,3.286495232712093,1.9086398300197358,0.18081901724444352,1.272651170009071,5.894439645455993,6.257189012182669,4.53873919333462
-1.769436212127465,-16.01021515909064,0.1267023442436889,5.152846357353052,2.6343288850945275,1.9839811248481125,7.636776615478403,3.2055825435206717,0.16331529336315453,1.6471105307129064,5.336686996187579,6.896808315089084,4.258983389483093,-16.01021515909064,3.976724562790103,-16.01021515909064,5.1256966093617224,-16.01021515909064,4.690017438768352,0.42633429571348386,8.089401593460217,6.88967224111842,-16.01021515909064,1.6183816785216851,4.023915440677673,0.4012961707384334,2.6605236765043716,3.3312661361957097,3.8545334507532347,5.586149943978591,-0.3733861678444824,-16.01021515909064,-16.01021515909064,-1.5958675505872641,5.987429754626765,0.338992292196142,6.019947331848709,4.990098911673652,5.078603100813244,3.6780890190789353
-15.254693014204625,1.7169665813089814,6.7886659481133105,7.573271451934336,-2.0931070005719414,2.978573237949047,9.020646099429053,6.111731121482289,1.6015232307575171,3.925858547027862,5.925605188339516,6.400717218932817,4.765557110003069,0.9357233913565719,4.895180068481243,-15.254693014204625,3.6256884723123046,1.56451803656599,4.557418877459974,4.42589653724071,8.324624550665312,6.011036639298096,-15.254693014204625,2.3538317851331887,5.890770491486977,-15.254693014204625,5.874790981236321,5.2984130123923645,6.7900192818040965,-15.254693014204625,0.7940526658000316,-15.254693014204625,-15.254693014204625,-0.99449599395347,5.593715378130928,-15.254693014204625,6.54680211607276,2.1978772754734353,7.890364826178986,-15.254693014204625
-16.60989703153359,0.9074092304903401,4.397983679567439,6.118739874370441,-0.2937704480416819,4.277670645430639,6.7085794816242315,-16.60989703153359,2.014622120830924,3.6587659743186585,3.708238642704186,2.9078281092532894,1.920624187058081,0.266665312943727,1.5862642274418486,5.5041182282418415,3.1952263626798283,1.7369218745869035,1.4761497990454926,-1.81230762662539,6.809630460579945,6.498927384166985,1.3538147772362967,1.8060726427358809,1.8749784338389988,-16.60989703153359,4.55161728535543,3.709737017246201,6.671415161194463,-16.60989703153359,-16.60989703153359,-16.60989703153359,0.4156504429868076,-2.645965606382446,4.629838472160523,0.2186944874593389,3.000211248346633,3.860706327349532,7.288355436753094,1.335968542252991
-2.745927484459604,-15.452778448200705,-15.452778448200705,7.78065722010725,0.2957018922609364,2.5612865409033687,9.195148792123408,6.405627666193092,0.060181082670548135,3.0629397201798,5.300308293528581,6.37934369483983,4.696704217444515,-0.7743775131485529,4.487306087670202,-15.452778448200705,4.514400410541811,2.909001198438202,5.337753437732519,-15.452778448200705,6.135190046367941,3.5620575326249413,-15.452778448200705,-15.452778448200705,3.629352394729374,1.294992013638489,6.037558596435381,3.6603492362007137,5.346522075948487,4.964994305771764,2.094431585012528,-15.452778448200705,-15.452778448200705,-1.192581427949551,6.852463658566955,2.027062716577408,6.037507514306941,6.526792647630189,3.5915922166560144,3.5878872160621462
-13.167314243084162,-13.167314243084162,-13.167314243084162,10.255596569887672,4.720295285196475,-13.167314243084162,10.40269766209488,-13.167314243084162,7.09898264446625,7.25773422084254,9.616377223831531,9.79594932773682,-13.167314243084162,7.301665613318438,-13.167314243084162,-13.167314243084162,8.395888140857764,5.54693124393415,6.341928457049815,6.9970205731702135,9.966324155170579,2.626435489363363,1.476748569127388,5.483287044407405,6.191457866614953,-13.167314243084162,7.739472432064021,7.478735721339361,10.50541267801677,-13.167314243084162,6.4868884015633395,3.7608223843895874,-13.167314243084162,-13.167314243084162,8.727956837524989,-13.167314243084162,9.638382413321015,4.010306342496266,6.519102105392689,-13.167314243084162
-12.904645831212077,5.804666541720539,-12.904645831212077,8.547139156857373,7.508828649057593,-12.904645831212077,11.745393288984983,-12.904645831212077,-0.5162474622299625,7.089513988393348,9.026499170589318,10.349572581601349,-12.904645831212077,6.928849486104146,8.118961607873434,-12.904645831212077,7.958947006694686,0.5961553517745721,6.233923490066491,3.0002567230475696,4.695963061313306,8.868556624028347,-12.904645831212077,4.538932068036857,8.20666764048381,-12.904645831212077,-12.904645831212077,7.080433619456247,-12.904645831212077,-12.904645831212077,5.916420481805771,-12.904645831212077,-12.904645831212077,3.790624880201997,8.327435611366665,1.4236889519830767,-0.43620507506796263,7.4532790501513295,10.387627272656363,5.114512038805731
-1.8929609499074387,2.02635129348501,-15.510021788659326,6.479971909604698,4.094745331871636,4.596743046336302,7.602482871080961,5.994324264770217,5.715049109437429,3.4814124932899126,5.376705534288882,5.372731889524677,5.445141175817335,-15.510021788659326,7.156958932510823,7.588916950481249,6.008193923408579,-15.510021788659326,0.6070734620655049,-0.8925091967926319,7.68394105095009,7.879422398476514,-15.510021788659326,1.4573697681204691,3.894533570229323,-15.510021788659326,5.32718861622087,3.226709809085487,6.368750086459813,-15.510021788659326,1.2896544570691615,-15.510021788659326,-15.510021788659326,7.291355956521023,6.41500240282796,-15.510021788659326,6.46810766630108,2.6560247497873553,6.207639611734435,-1.3368360871227813
-14.973403922468163,1.9935598268367771,-14.973403922468163,5.9083517388722875,3.245405417682438,-14.973403922468163,8.819363567201968,6.596541012471478,6.187077596545066,3.2194975543235445,5.931366471785659,5.01859741388288,5.55450375038772,-14.973403922468163,6.534352326442289,-14.973403922468163,5.927681687599218,-1.5145668798722143,5.629602065174754,1.0753417575364927,9.299321530221526,8.210598815044415,-14.973403922468163,2.8142835825763948,3.846321368499051,-14.973403922468163,4.996263849133714,4.733806097176795,5.9032437282322965,5.032995649345714,2.593726142910922,-14.973403922468163,-0.1795668657705034,-1.9563988385019087,6.339591136394181,-14.973403922468163,6.729157492386323,3.011404066417732,6.3832113193215365,-3.1239990780450904
-0.38056714133168734,-14.614788692048666,-14.614788692048666,7.253247565865234,3.216023238834773,3.48444636309031,10.109351882840294,6.380852668293705,3.7065136189682617,3.188223351065653,6.605700678853666,6.065966225988955,4.859472110016572,-2.9195333369858725,5.48582570781336,-14.614788692048666,5.808128524024893,-14.614788692048666,6.517588929790346,0.6092670804690653,8.428136637250411,6.820102547194309,-14.614788692048666,3.5486745331890015,5.582385589153625,-14.614788692048666,6.471097381209443,4.986422215174244,7.4160475120629945,7.043805506041494,-14.614788692048666,-14.614788692048666,-14.614788692048666,1.2288702447868314,6.458204007425934,-14.614788692048666,7.259289650225048,2.963084120018151,7.045789369185397,0.9054701399721977
1.3686597957374518,-16.500026064777995,3.3743740189460465,3.825698191343927,2.0593726071909297,0.5816255486749714,7.31824164942507,2.827056682337908,5.20314359747899,3.290514736372263,4.366586586422506,0.6544518337858733,4.420261090291531,-16.500026064777995,6.1936738786170045,1.787694563340186,3.894041020903557,-16.500026064777995,-16.500026064777995,2.800779232211778,5.956368568020005,6.38587635549971,-16.500026064777995,-16.500026064777995,2.9913132135886573,-0.4103297854607187,3.3032923652998774,2.1860144602909615,3.2245723637414736,-16.500026064777995,-0.665620332199801,4.028501446574367,-0.276669813153184,4.302503716068763,5.999795921223288,1.5504601996282887,4.660158327321295,6.770921670770775,5.9461617151642505,5.580687027987905
-16.306562408785137,1.2305368018982787,5.944796786103547,6.365197379323143,2.5030474814131174,4.344799180944153,6.8386347788765125,5.520488979401658,6.841116697608843,-0.4153672325482315,5.5162652661979905,2.155548154524536,4.768015015682892,-16.306562408785137,5.181147491068847,-16.306562408785137,4.707303739159915,-1.0849546173067819,4.005466697738543,2.0404718057631936,6.499767151936739,6.228456683047574,-1.2073438014678002,0.7133193284288722,3.5893389077688047,-16.306562408785137,4.55975560481773,3.915630097488455,5.2148815705321425,-16.306562408785137,-16.306562408785137,-2.1617473842540598,-3.800381467107779,5.047538940172618,3.7828058086902336,-16.306562408785137,7.028195003881854,1.8596131203082389,6.732168220680773,-0.31857532927862653
-3.3106594486415952,-3.3106594486415952,-3.3106594486415952,-3.3106594486415952,-3.3106594486415952,-3.3106594486415952,-3.3106594486415952,-3.3106594486415952,-3.3106594486415952,-3.3106594486415952,-3.3106594486415952,16.714225537956754,-3.3106594486415952,-3.3106594486415952,-3.3106594486415952,-3.3106594486415952,-3.3106594486415952,-3.3106594486415952,-3.3106594486415952,21.452955235976827,-3.3106594486415952,-3.3106594486415952,-3.3106594486415952,-3.3106594486415952,-3.3106594486415952,-3.3106594486415952,-3.3106594486415952,-3.3106594486415952,-3.3106594486415952,-3.3106594486415952,17.562327271913638,-3.3106594486415952,-3.3106594486415952,-3.3106594486415952,-3.3106594486415952,16.97682639374046,-3.3106594486415952,20.812355388268422,-3.3106594486415952,19.04373142595883
-15.333148032355814,-15.333148032355814,6.943818880711498,6.865583084439568,1.9076019342923431,4.271037470344661,7.75786591127989,5.994816212511668,2.2202702345936065,3.872255840206166,5.324789639499619,4.812956491970341,4.7199446895450485,-15.333148032355814,4.690872067581017,-1.2629944808244615,5.130193562146694,-15.333148032355814,5.400335427440848,6.504337659394407,7.483792571754387,6.955574571178257,-15.333148032355814,1.64825946786207,4.586240162654616,-15.333148032355814,4.678684448380243,3.874079160969195,6.425161768350755,4.7156549811977575,-0.5170052264366429,2.942969271960549,-15.333148032355814,-0.54307745703499,4.196722200600693,-15.333148032355814,6.023589288493433,2.1594224282142966,8.214580027924834,-15.333148032355814
0.7693166179396691,5.724090814298736,7.7817763920046605,6.849461850093085,3.535924309264094,5.518224619099087,7.390955864294911,3.678021063997892,4.3736690402227225,5.15573270549344,5.05054767015065,7.397430527902343,3.175361149031935,-15.45403963368514,4.05926886394142,-15.45403963368514,2.330441229041907,3.4507941687795687,2.227868772614644,0.6325654533809777,6.674477245975956,8.58647551126193,2.3756894600790095,3.3472669351960795,5.862315451806849,-15.45403963368514,1.687944795664892,5.024041522348038,5.891033117035021,-15.45403963368514,-15.45403963368514,-15.45403963368514,-15.45403963368514,-0.7063646009897112,7.246647477908535,2.0463423820959323,4.059805254713152,-15.45403963368514,7.8892310385188456,-15.45403963368514
-15.06068543286933,2.360866328059028,7.275157384677392,7.889729412705152,0.46862323303345144,3.357792897549884,8.434007201606217,6.135972038172314,1.4038328562847262,4.127182608994618,5.0256245050575945,4.438438908861864,-15.06068543286933,-15.06068543286933,4.363124075256831,-15.06068543286933,4.092939966321968,2.241282381317044,3.0135535575646037,1.2587171565601707,9.547014922936887,5.924575370362392,-15.06068543286933,3.02926656300871,3.7069128126344233,-15.06068543286933,4.9974763164864715,5.283703672901017,6.69183904225675,6.645793064889546,0.9859143237952999,-15.06068543286933,-15.06068543286933,2.5550223377071943,4.972827458578375,-15.06068543286933,4.806702509241607,1.755544989911217,7.641051778538665,1.1156792205525838
-12.869588788583897,-12.869588788583897,-12.869588788583897,10.801950770809233,5.5138053809623555,-12.869588788583897,11.396353158776954,-12.869588788583897,-12.869588788583897,-12.869588788583897,9.391083907491462,9.717634691203733,-12.869588788583897,7.01663640473748,7.96532575275578,-12.869588788583897,7.766309245315208,8.106441536686892,9.971669607966177,5.859972746303925,7.731452916747147,3.168380926237493,-12.869588788583897,6.98722355371399,7.69729220915878,2.9648169439942946,-12.869588788583897,7.652087042797623,2.262330271132579,-12.869588788583897,6.0182791283722565,-12.869588788583897,6.058391375379094,5.835067173416775,9.747660619992505,-12.869588788583897,4.2841793867674145,2.674031389151853,9.604031019705609,3.9818358805979375
-1.6818402658544347,1.6169154654545408,5.061721981783987,6.781477401333099,-15.62837996341771,4.343388983700455,9.20175270387723,6.278203827825801,4.381740048502465,4.359519892118591,6.1946441722763375,6.525103814516366,-15.62837996341771,2.934928187455182,-15.62837996341771,-15.62837996341771,3.1320533523969023,2.650737227733605,3.553153342121292,4.692017392763912,6.277293819046194,5.518681938976146,0.5740569278861205,3.0319474118169376,4.125009751368409,-0.7109289944667937,4.341394034084042,5.055125815995384,5.769242614867237,-15.62837996341771,1.486664359332587,-15.62837996341771,-15.62837996341771,-0.8573575758106896,5.544565615283263,-15.62837996341771,6.344417914193427,1.7937148330780774,5.76753948865968,0.9401542250263656
-1.4400739917673733,0.08688688342068276,1.150192210137326,6.228573688053418,0.35687942538321826,1.4793835189758544,7.290633843281407,1.5478141151529046,1.3949749195920975,2.074884998139162,5.0465461439896355,2.715547548205437,0.8145009496637992,-15.214763596877516,4.478062489306132,-15.214763596877516,5.025243145642059,-15.214763596877516,0.7629200154388501,6.165726863095914,8.424295342310108,7.8940506946407565,-15.214763596877516,0.7157970508612158,4.920219453918979,-15.214763596877516,4.403680716941727,2.7339916882971935,5.711492063274247,5.517917775469217,-15.214763596877516,-15.214763596877516,-15.214763596877516,7.861768089982714,5.052527742344796,1.3486587596755952,6.859671888221755,3.5290870196946917,6.143145985535564,5.423107738141093
-15.516195575190904,2.5780622818532626,1.522979364182283,5.0950655007937815,4.1034253335744575,5.066669616603147,8.884721919429705,-15.516195575190904,7.675972860597443,3.28230498290284,5.88988929060197,4.130258605981555,-15.516195575190904,3.196482922748546,5.618186042035395,6.903593715279011,4.864396838861296,4.738521575167198,2.006279928985617,0.7302933784865572,6.574102799573372,7.731043766787549,2.2801175222669903,3.6413621169687937,5.610520007718322,-15.516195575190904,1.381683608837433,3.955306797089725,5.280683112285315,-15.516195575190904,2.536893727523896,-15.516195575190904,-15.516195575190904,-15.516195575190904,6.0752583934539235,-15.516195575190904,7.47608926414534,2.7922119374668597,5.686999469691642,2.3363834948248745
5.576726864474273,-9.887442511385055,3.4004369994106645,2.367425060207974,10.639565104245369,-9.887442511385055,14.74250046730884,-9.887442511385055,-9.887442511385055,11.052932708645816,13.312698643789506,11.681120615140589,-9.887442511385055,12.190100565505762,-9.887442511385055,-9.887442511385055,-9.887442511385055,9.186032063983932,11.497299224680924,-9.887442511385055,4.655617136948167,4.811835999970868,-9.887442511385055,-9.887442511385055,12.764798018912854,-9.887442511385055,-9.887442511385055,8.910920966517502,13.805564744224254,-9.887442511385055,-9.887442511385055,-9.887442511385055,-9.887442511385055,5.206220527630899,4.504681972680807,-9.887442511385055,-9.887442511385055,9.674941941859114,10.474996920506086,7.404991169671857
-15.568643658141774,1.4106528006381664,3.008527891121418,6.633178898245097,1.6649214313272165,3.5136936044391245,8.767431814552426,-15.568643658141774,3.9543093386313437,4.314806261081129,6.792948766276748,3.6835539399891917,-15.568643658141774,-15.568643658141774,6.282790033786725,-15.568643658141774,5.447523110041404,2.7809706481132563,2.9544131614543576,1.4315653142798415,8.378879497465032,6.405056724626652,0.916869102539255,2.0380773076021668,5.2680312189188205,-15.568643658141774,5.4533702968445965,3.5597772736010014,6.609724061135178,-15.568643658141774,1.2707006521018516,-15.568643658141774,-0.9202235424598822,-1.1709169216657749,5.869633586083944,-0.11413619132711696,7.027912478824649,5.133061407899341,5.298982230177049,0.8830630687899613
-14.728934062115151,-14.728934062115151,-0.01326174770262284,6.380213032389867,-14.728934062115151,-14.728934062115151,8.615836672205731,8.036367355828004,8.051247760534615,-14.728934062115151,6.0718667262493735,7.6573350986290505,2.171692376262536,5.505903450137061,-14.728934062115151,-14.728934062115151,5.8779327820704825,3.0515714050115084,6.480909787593984,3.4957318100767076,7.388271833224795,7.876174149225729,-14.728934062115151,2.7824315885257014,5.38302261432979,-14.728934062115151,6.867067614971123,5.6497688984729155,8.471055872075713,9.061177469962427,4.174234563743909,-14.728934062115151,-14.728934062115151,6.944942771095358,3.7301016453373914,1.1685150424158177,2.7338524261700115,5.211281770530134,7.941792150378612,5.2512377635209315
-14.49437036576147,-14.49437036576147,-14.49437036576147,4.904937211405689,6.016345609318427,4.3965639824402745,8.853325629200299,4.450328601664232,8.62227510937987,3.978807956637214,6.089633405000857,2.031188462501283,6.289811816093114,-14.49437036576147,6.8558280606531445,-14.49437036576147,7.365204877346781,-14.49437036576147,7.145698072431612,2.228041306694985,9.44783129429321,9.137843614708572,-14.49437036576147,-14.49437036576147,4.592497382304691,-14.49437036576147,5.530997023209033,2.952920080745197,4.758219005144593,6.423557240886612,4.0345367922360085,-14.49437036576147,-14.49437036576147,-1.2064908549657516,7.3528213181533095,1.6561925721397661,7.866759505980081,7.4233087285947175,7.510770540501271,2.728319678677031
-17.40268408860913,-0.5964537486631541,5.3816199833425085,5.581797822324622,2.143867371025871,2.381917590042798,5.801714619789355,4.9110386560549095,4.914577035043636,1.694455359701088,3.515465733860629,0.8994383304778257,1.8647658088467258,-1.1491837133083664,5.841432113245576,4.134268163190548,2.7978184886849293,-3.848536996078808,-1.8555178084953716,3.1659142694924123,5.85386419081979,5.161378970288542,-1.1623707164309898,-1.3454004707776477,2.7500591990823544,-17.40268408860913,3.1866960083677243,2.062539874406028,4.655722279291403,-17.40268408860913,1.6051720278886914,0.007944571112046725,-17.40268408860913,-17.40268408860913,3.215654473261644,-0.6857518816170528,3.5649621927984474,2.6537453845151973,5.435011501185287,2.4737937602764215
-0.9400149515975833,1.5932323080022621,4.075842297871003,6.994209336581316,-16.200089014654754,4.54139977216202,6.692668141292178,5.7116968453150445,7.062458803852702,2.549319778383782,5.453701765787983,1.5750912212744328,4.649976860977027,-16.200089014654754,4.778508726033413,-16.200089014654754,2.2588504510393417,-0.7771423465262698,0.9335996054703448,1.4174064658551417,6.785654249009768,5.823774396787427,-16.200089014654754,-0.5329788301205477,5.993288297734362,1.0628662079638573,4.4389252709319695,5.2604030877693555,5.051897373085536,-16.200089014654754,1.9429920053869214,0.20092746701158476,-16.200089014654754,2.344842700467051,3.4624959573464413,-16.200089014654754,7.740770625761497,1.4362060902140006,5.509183897590486,-1.6914307761306586
-3.077009702109377,-2.2343310499951765,-1.5652815178009594,5.444111706727059,0.8735243446231723,-2.9274780321424823,6.266718849578186,-17.667247888455407,4.168243817440221,2.9812189694931894,4.526232873517622,4.483974751096637,2.14719923393694,2.443731604230701,2.0507593842887175,4.662182509551283,4.349843340018519,1.7788649502099707,-0.7097425067623461,-17.667247888455407,3.790086319131163,1.5246053301193763,-1.9907626367206213,0.21711848606074144,3.302096471869571,-17.667247888455407,3.1100799075369086,4.566472744359246,0.11779960001979542,-1.27303672554424,-1.9923190570260347,2.939023353058924,2.8555772278048495,5.621527149287935,3.5012997466101363,-17.667247888455407,3.679970452024059,3.0258885845400805,4.369634084381756,-2.3588330095939076
0.2586270768504766,3.0233570291104552,2.373159766265213,6.681114286531586,2.265539840302395,-15.188083081024107,7.105588737590606,-15.188083081024107,7.77291994669872,-15.188083081024107,6.16857462473755,3.7141592471859006,-15.188083081024107,-15.188083081024107,6.334314757670816,7.581556019476569,5.501594949161469,4.1613306716428395,-0.9873094419973114,1.5723926860443953,9.092601244055645,7.562992788263202,-15.188083081024107,2.231565729809896,5.06429874085067,-2.7996847120419934,-15.188083081024107,4.771977853552059,7.214542175381206,-15.188083081024107,4.0026595918861725,2.7839640750804215,4.985598980405009,-15.188083081024107,7.933845915729057,1.105645222469984,6.28056653629231,3.5153676985559486,6.983575946033996,2.4363097456217475
-15.646993300575208,-15.646993300575208,2.437515175760744,6.343062381218105,-15.646993300575208,-15.646993300575208,7.556464757433223,3.5523240145428323,7.8136892882908535,0.25045580395576117,6.244790169296336,4.981511207020909,5.033938984398367,-15.646993300575208,5.200161339169181,0.6433736554986461,4.681584151718177,-15.646993300575208,5.574857549199681,4.09095322076528,6.597510729871536,7.012172752941493,-15.646993300575208,0.2689862886599914,3.1587457485117696,-15.646993300575208,5.6917608328992975,0.8231667520876471,4.161280962725423,1.0611088274559153,2.887551708449996,0.5387610923148667,0.8357455334154636,-1.538812382379735,5.875413532462271,3.2043003515190795,7.1435301547125984,3.937525520085828,8.187158614447325,0.9253576861527701
-13.85028381141474,2.766160002551796,7.465125851428338,7.761523277764517,4.870649669569567,4.309032181390229,9.963154100265836,6.177010863286278,6.827649876579904,5.441229945673023,6.236366397597452,5.555541863350804,6.906029880545362,-13.85028381141474,7.489372344649394,-13.85028381141474,6.213521042060271,-13.85028381141474,3.256237206393158,-13.85028381141474,9.334973960583943,9.155196029787943,-13.85028381141474,3.49393747785337,7.150553154990344,-13.85028381141474,5.590398824229765,6.847284659370441,7.843965467606581,-13.85028381141474,-13.85028381141474,-13.85028381141474,-13.85028381141474,9.690796830104347,7.492186605417122,-13.85028381141474,6.68624272606648,5.639957960243321,9.889591349032072,-13.85028381141474
0.339647797216785,5.18303086475444,4.442984089261486,8.20630553761108,1.6407841849674178,6.195998651967732,8.422894991282881,-14.959737676963588,7.180164997017058,-14.959737676963588,6.260952385412646,3.974604671556985,-14.959737676963588,-14.959737676963588,3.3062755986493366,7.608047680875523,6.629977175420205,4.297930821854525,1.7388962661317307,-14.959737676963588,8.132799466265448,8.854151434634383,1.538163403721769,2.6458542382173538,5.5453970267359,-14.959737676963588,5.271393436296126,5.629265072306182,6.671677843668368,-14.959737676963588,-14.959737676963588,-14.959737676963588,-14.959737676963588,2.1597249149616986,8.193741883616772,1.999494075390161,5.012815426006977,3.40204196967532,7.233726993554812,1.8786338706047292
-14.680651687506769,1.8568120424749233,5.906370511715748,6.644172218973636,2.949048537592467,2.7517051485388846,7.316277182322556,3.83078342884648,4.192632177370869,2.2416852362598103,5.470781540869972,4.154586047838307,4.55707387807913,-14.680651687506769,5.517571272792594,-14.680651687506769,5.351045723989756,-14.680651687506769,5.899632530614484,6.751811829310318,7.94689692036537,7.637798967598502,-14.680651687506769,-14.680651687506769,5.491070694131023,-14.680651687506769,3.4712341727961644,2.2354015533886034,4.814314502371387,5.568731006201587,-14.680651687506769,-14.680651687506769,-14.680651687506769,9.119525868996812,5.804179280825734,1.8382315489878376,7.018467292501863,4.1884898014009595,7.207201427343335,-0.9270154694313617
-9.737220676950768,-9.737220676950768,14.414991616748033,-9.737220676950768,8.280741199520321,-9.737220676950768,14.778373629035876,-9.737220676950768,-9.737220676950768,-9.737220676950768,9.927585844983229,12.394301580110865,-9.737220676950768,-9.737220676950768,11.069926644895885,-9.737220676950768,10.558380455685237,-9.737220676950768,-9.737220676950768,7.610223113913033,12.961830288903645,6.156480765948126,-9.737220676950768,-9.737220676950768,10.175734753907324,5.186852830567732,-9.737220676950768,3.9729304764661726,10.90409730643361,-9.737220676950768,7.98167571321948,-9.737220676950768,-9.737220676950768,-9.737220676950768,11.199542335065802,-9.737220676950768,4.34065491471147,9.30597017332806,12.993528724452304,10.530591171119294
-15.460306228570602,-15.460306228570602,6.687823028301093,7.594488751680438,2.9395593858781766,0.6262988584955167,7.4512723710819415,5.827904031597688,6.729053570929001,3.7426308755872135,5.670868395599911,1.3474305137939893,5.554427008177651,-15.460306228570602,7.063432670579573,-15.460306228570602,5.588168653440688,-15.460306228570602,-0.005798761755944114,1.2756741723554712,8.090269088343597,6.951703957687228,-15.460306228570602,1.115214332717731,5.48410917382088,1.5915271071737693,3.975134073280794,0.7160584248513123,4.961070425841414,5.028843580257701,4.793867565109293,-15.460306228570602,-15.460306228570602,-15.460306228570602,6.344974926475461,-1.259532589543805,6.685149448883969,5.0839286328759785,8.433430594869058,3.0537737887486114
-15.984090968274927,-15.984090968274927,0.31632632281067646,6.191629092328715,1.529258809951761,3.768823862586255,7.6386500643096,5.500438537273235,6.6429675417243175,3.565666608382683,4.502515388570763,1.1115786805967172,4.77049910288267,-15.984090968274927,5.032232467806083,-15.984090968274927,4.970405630961868,-1.5863642317989284,3.939444204933696,3.515645410195493,6.646675290070148,7.444578905166243,0.7083683835596751,-2.6962114574792078,2.7586008156997113,2.2821557340403467,4.497052352033421,2.8704479647668615,5.268225405797299,-15.984090968274927,-2.3310981633385324,-15.984090968274927,-0.08913874363082565,-1.1073235621656115,5.702017070613108,-15.984090968274927,6.910907263960741,3.015391760058218,7.930114074887794,0.6681561903695247
-16.72631940640909,3.8149448237539016,6.537192386967598,5.3357193226161606,0.8794984208878928,5.198034077095438,6.4712908290378595,3.5824002152066465,1.6421202362338811,1.955571097365134,3.674576291670973,3.003045449537126,4.775986863677046,-16.72631940640909,3.512048430405254,2.8223382380781623,2.606322715273555,2.5753978833441695,-2.7710460365048193,2.70665292337871,6.516111984890074,7.324457443502115,2.965469291659254,0.7616871518315552,4.098012740175996,-16.72631940640909,2.7019907404836516,5.762337968115551,3.8993446280703883,4.180159257531964,-16.72631940640909,-16.72631940640909,4.7736256091873015,-16.72631940640909,3.582218556663929,-0.6052281467700806,5.159081099559279,2.3421449815837305,5.30072837035425,-16.72631940640909
2.281197308392726,-16.826813735827187,5.514469107859547,5.200820315611606,2.342212353881372,1.5825026881604183,6.329173831157436,4.6952602526457765,4.372102259298072,2.7939522687356053,3.927340117622201,2.9701362881231677,4.634997987540259,-16.826813735827187,3.1599589121441944,-16.826813735827187,2.2700714730402454,-1.735940098120736,3.98762646841109,1.8042900031324205,5.011787115981687,3.836691482007431,-16.826813735827187,-16.826813735827187,2.749584008635753,-0.7391771892607994,3.767936680020934,-0.7975491892858733,3.96035604689393,1.7387462780945286,1.9294102490777938,1.3167951279780232,2.76352783483809,3.2442741061663924,3.5958333778762954,-16.826813735827187,3.8472198402894615,1.222948258260249,7.855182531911779,-0.4728556821579464
-2.3356759405857526,-0.5556126868867339,1.8732044637418823,3.8678774125056496,0.6915834789742709,-1.1487612660647346,6.513038047697689,1.8271960605178645,3.016813026874575,1.221783848718064,3.3012931947593627,3.9266221404962236,1.610717643688224,1.8570490235707742,3.113654996059404,-17.705111912470336,3.0711542619861074,-1.023408395391862,0.9561593042615945,2.0312529451172745,6.04302063844675,4.668873885781197,0.36260130656446793,-0.6200323772995306,2.421498045920926,-2.7171189076740223,1.8284127056830937,2.2457903635734398,4.382026280979369,2.918455129873794,-17.705111912470336,-17.705111912470336,-17.705111912470336,-0.0328796437258257,5.420549962798746,-1.248403389115858,3.7535029476079336,3.4258631799341894,4.970643808237101,-0.8182978477443125
-1.661425592007937,-1.4493318918811833,-2.8790970539330134,0.7388216293168894,-2.18993672171306,0.1406156748846216,5.414292952454125,1.930820124589452,4.159234726791205,0.9372440905228989,3.768463753187943,0.7982436803457099,2.1927553388972725,-18.021682878609163,2.913997156247004,5.2991774632188315,2.684904646301255,-18.021682878609163,3.0506046917275804,0.5946468905710293,4.640418138864471,4.875752692431417,-18.021682878609163,-0.5436368162032019,1.5375357500865037,2.11556672709217,2.6767163316323006,1.8302655944958839,2.566896614441773,-18.021682878609163,1.4696563997574899,0.5581360952102864,3.2933561116250742,5.326639156603341,2.7968567747531625,-1.258580369952935,4.7271766298195494,3.781426885012381,4.036502443057658,1.2120147961887136
-0.33493503152155235,-14.965810845247798,-14.965810845247798,7.577769523505916,-1.4927891877805883,7.091992793508748,8.11075316088118,6.771278885629251,6.413315587991536,3.6707068295616705,5.432929113729133,-0.19094968280723384,4.684715110121274,-14.965810845247798,7.2866411748323445,-14.965810845247798,5.8093735914919815,-14.965810845247798,6.775673956039905,4.951251091085761,7.3861130090505736,7.696684302282288,-0.8138273363768529,2.801327991960356,5.66851448349498,1.3944464413534248,5.904978043812714,5.175097563581632,7.552482448732882,-14.965810845247798,-14.965810845247798,-14.965810845247798,-14.965810845247798,8.47250331545307,6.261370798167745,-14.965810845247798,6.119824690397216,4.299492760184559,7.621625041099154,1.5597479830149554
-0.1382083771946166,4.350074153331135,-15.898199634466115,6.960573756108842,-1.414859191105805,4.308641601989847,6.81863526397217,5.815799993588797,5.888403583402568,5.9054398405428445,4.7264054167600165,3.885430077670199,6.360790834305871,-15.898199634466115,4.7542681322449445,-15.898199634466115,5.017123546487515,3.2726700351361653,-0.6815058565828118,2.252376982409546,7.679459540916954,8.317778084643438,2.335669499473432,2.6169727816773207,4.679242425403504,-15.898199634466115,3.9284555438242483,5.889652794180809,4.829934334872299,-15.898199634466115,-15.898199634466115,-15.898199634466115,-15.898199634466115,1.8977399802679888,5.374689373531366,0.31792984742539665,6.40314759795762,-0.5037101653669039,5.671805335808602,-0.33522969195435387
-0.001364696515277812,3.6787828776516673,6.35329341115638,7.3599098112620975,-15.530673362418058,-15.530673362418058,5.665828374977736,4.493809444361081,8.017526937199381,4.876360025909161,5.367729955031573,1.6800165384173473,5.321583576489638,-15.530673362418058,6.251309422880107,4.2494442910523675,2.295256540956347,2.3729960154513114,-15.530673362418058,0.6419105685212955,6.942675417735031,8.94082209164569,2.1461983072114763,0.8756043109962085,3.0744932694729545,1.6184692933759417,-15.530673362418058,2.6060517041070796,2.2038358345717595,-15.530673362418058,1.5124745657340581,-15.530673362418058,-15.530673362418058,2.003032728271941,5.985589515387141,1.2760593638483357,6.395627839895657,1.8933197396810506,7.053705417040937,1.0930344055669932
5.26815675620042,-13.917387000507468,5.606362756148459,6.259719603333373,-13.917387000507468,1.8017226574716818,8.147858130451567,-13.917387000507468,9.024669191798463,-13.917387000507468,6.120342620865168,2.568125760173561,8.284332965705424,-13.917387000507468,8.839585292571838,-13.917387000507468,6.68259193337887,-13.917387000507468,5.319631538980516,2.7806871888961986,8.923332428561364,10.544647612355746,-13.917387000507468,-13.917387000507468,4.134979915420481,-13.917387000507468,-13.917387000507468,6.0106324851385295,4.161085099052288,6.163424772095657,4.5874510606444865,-13.917387000507468,3.2750282807029216,7.926849308043683,8.227933604067875,4.1739560096247565,6.67559929481117,5.277098831634843,8.08826995317636,2.1345689547839077
-14.96112673602032,1.5530569285283158,6.190245940166822,7.3345374399991545,-14.96112673602032,4.620264345331002,9.182509826992833,6.623551171712822,3.1184711728178467,5.133355428064759,6.592401245877847,3.403935594740975,4.187295838086475,-14.96112673602032,7.801758148548833,6.992449018860287,5.334919062547887,1.6406289322835,1.286241338515597,2.686497465807576,8.528341222240275,7.555219364354672,1.6350647760773496,3.164108558299678,5.550516429922179,-1.6903416293612734,4.998977100439154,5.088814157273977,5.963094302185357,-14.96112673602032,-14.96112673602032,-14.96112673602032,-14.96112673602032,-14.96112673602032,7.370033823454914,-14.96112673602032,4.889458475573144,4.459854954811053,8.4160069260502,-14.96112673602032
-12.890838046681596,4.0505555131998685,9.127897148395064,9.994751466282027,-12.890838046681596,7.202048816635534,10.538787229567843,-12.890838046681596,9.22983517263551,6.256231216447041,7.630923415277327,5.1763056962639205,-12.890838046681596,2.9902687728831645,5.42825285257843,-12.890838046681596,7.103238840431002,4.614551490704722,-12.890838046681596,-12.890838046681596,11.455294036451587,10.646807837132588,-12.890838046681596,4.162566381233107,7.153676491960016,-12.890838046681596,7.325876354130988,5.886677635409747,8.03360381339107,-12.890838046681596,-12.890838046681596,-12.890838046681596,3.68657944834679,-12.890838046681596,7.505422600803323,-12.890838046681596,9.383619874520596,5.190024884445376,9.213646793769195,1.4842888706465083
-16.386509363851893,2.1927977519160446,4.158191851373771,6.243597554789176,-0.12258317825161269,3.790355485541635,7.407339692775131,-2.339886291273752,5.4054661007517675,2.0261392184838547,3.8658083996016863,-0.8901707111471223,3.987837092589084,-16.386509363851893,6.274775569671051,5.35462497541864,4.031059775277987,-3.0330326781838486,-3.742178561589314,0.6985701713189142,7.083486215365941,7.494776799538832,1.1133705178614408,-16.386509363851893,2.699741798029987,-1.2049068969832382,3.5660800921865636,3.783701616849348,4.753484582140576,-16.386509363851893,2.4159583676804655,-16.386509363851893,-16.386509363851893,-2.512728954367861,5.999689653980852,1.195073167199015,4.77476621332373,3.8898441766356586,5.629599675633848,2.3284069389731066
-13.45867085992243,4.7158535711976475,-13.45867085992243,0.6643251330836515,6.90280698513432,7.2587881509960175,10.99526108025328,-13.45867085992243,8.93875264435932,-13.45867085992243,7.032284539146465,7.063640909304592,8.070333964766489,2.237830453436854,8.016095968235655,9.429946977519945,8.479451340273643,3.7486599515387766,-13.45867085992243,-13.45867085992243,9.370153725955229,9.400389677975815,-13.45867085992243,2.4474685527216304,7.384056603946317,-13.45867085992243,-13.45867085992243,7.488969770847951,-13.45867085992243,7.934401880687806,-13.45867085992243,-13.45867085992243,-13.45867085992243,3.056857794651088,9.084042567984321,1.6237875832192692,8.676293892609326,5.5554472259651195,6.97713954688689,2.409680686294197
-0.6837695932479176,1.558391481512143,6.508638879329276,5.289329345988831,2.3757477143560237,2.5691387730836968,6.537985354815614,4.845181077042163,5.746716976342753,-16.104710243051947,5.6045141697836875,0.6198848362662721,5.404719417476519,4.573171124806291,6.594451638578672,-16.104710243051947,5.762988563128784,-16.104710243051947,3.9294203567163675,4.544327615617219,7.689444967692652,6.991890813591067,-1.9039366040251497,0.9143594762860188,4.529276193428369,-16.104710243051947,3.9623187692821418,2.934286376225873,5.131953906057848,3.977336508093673,-1.7527057297779531,-16.104710243051947,-16.104710243051947,-16.104710243051947,5.013478663464992,-16.104710243051947,6.734570115925652,4.327721894947847,7.235855071794585,1.2709937898315424
-0.9981508429983957,-3.9448995850000594,6.292194724296405,4.900112032708383,0.14061381735073156,1.9777377782425418,5.048900652616509,1.3604795990102783,4.293267361302645,1.5932984897605844,3.9445214097406054,4.645890145593569,2.1769412511265025,-0.3577254038277091,3.342193830291034,-17.666100562393588,2.9286384820003097,-1.9695992490343026,1.3380241026064945,-0.19656080186450703,5.603255605619098,5.020457757549143,-2.177238578634317,-0.4204812468893185,2.8433282837973346,-0.10911807647704136,2.2560096333989845,0.2260996395175951,3.193704639564023,-17.666100562393588,-17.666100562393588,0.6555330389987275,3.1745660158106817,-17.666100562393588,1.9002668807928715,-0.2064464180129778,5.11703146323522,1.4963270367175978,5.364169588489887,0.21105919217524113
0.9523005419025258,-15.121843326019814,-15.121843326019814,5.276882799115411,-15.121843326019814,-15.121843326019814,7.0185588315148095,-0.9142900046040686,1.043136006257199,3.720438314510078,3.725998790646059,5.572323204130849,3.2050760491010535,-15.121843326019814,6.755901453861278,4.6424069362015725,7.222460877358041,4.688824953380844,4.5872157096150925,3.2638318190899915,9.334354495778944,5.837079443099046,-15.121843326019814,0.42355147475937677,3.8578816196865695,3.19447641370782,3.2605123140015735,4.008448329441517,5.770016947945403,6.35336204796488,3.8371420185241982,-15.121843326019814,-15.121843326019814,7.348229941125507,3.149525026355899,-15.121843326019814,6.224426158778527,5.36686405806144,8.18128927933041,-0.8116359164635211
-15.470781277879485,-0.4140018418282797,6.552316483683603,7.540393482101207,0.3529434467044353,-15.470781277879485,8.189286555893933,6.545827207286689,7.517866103167218,3.5091723437927427,5.1977960347723355,3.3377435722088227,2.6736188295277183,-15.470781277879485,8.150853145868695,6.649832602767102,4.56440452082989,0.08343970396993668,1.9507704830488721,1.9063434115458064,5.8220733089997125,7.874160998114437,1.2705754797939142,1.520697645695365,2.202084905294411,-15.470781277879485,0.674929637388067,2.393378900490677,5.924484709536101,-2.0263329520317317,-0.4403576788150804,-15.470781277879485,-15.470781277879485,-15.470781277879485,6.620785505532996,-15.470781277879485,6.668255194993939,2.003407251232158,5.973057200437184,2.9764440310330382
-15.348942070850269,3.2797279847667857,-0.3796996095394427,6.986569732453902,2.1975491412158954,5.425416041230676,8.476632965226345,5.520776320672952,7.822826598305931,3.409923734857617,4.5627983750484065,0.29433855463678404,5.258520021475274,-15.348942070850269,4.870192354345081,6.646914571934059,4.753739080197427,3.1903213978108274,-15.348942070850269,2.055074994720733,8.033001633671219,7.7619280864918645,0.6160025171639852,2.8108932675841447,3.1099973948438255,3.6294669722793875,-15.348942070850269,3.7311222286809325,5.3729428140205915,-15.348942070850269,3.050617186693446,-15.348942070850269,-15.348942070850269,-15.348942070850269,7.662846445301772,-15.348942070850269,4.029747002164682,2.1012557385367017,7.858681932244488,4.0003531586160905
-16.519192256888612,1.459100040415192,3.813960032931219,5.718965620749738,1.800230666055144,-16.519192256888612,7.377419261152927,5.347264000442259,5.239696369811478,2.69425473717832,4.151231719892527,2.039858165036291,3.226332888525863,-0.1264996970393294,2.6251648775081806,0.36715809349864503,3.3970183486310304,-0.26831540713080504,1.6580146820330204,1.4708594206742867,7.310863658894639,6.393363427297732,-2.121465520412614,0.3089077408602816,4.623178574527632,-0.5266597155269611,3.8863033666627915,3.234566656212962,4.658862044131635,-16.519192256888612,1.453168084305961,-16.519192256888612,-16.519192256888612,-16.519192256888612,6.878732444199211,-1.8240545364841025,5.690715412725412,2.244084797492172,6.210457751489179,-1.2975844654102597
-15.274454209009654,3.116385703234595,-15.274454209009654,6.79414596443776,2.38351491243768,5.08171109881512,8.746484215417363,5.34166062253063,6.38340582510155,3.0841383532698514,5.393288348183196,1.1758188260230065,4.067425207149865,-15.274454209009654,8.504570226763494,-15.274454209009654,4.731965842646898,-15.274454209009654,2.197670868301058,2.25438450786706,8.139301885115401,7.842750904362504,-15.274454209009654,0.5261873485258425,2.7978031813700635,1.7413608289871807,3.988913787077751,3.8869726990695157,5.9339316768542965,-15.274454209009654,2.8875853442270345,-15.274454209009654,-15.274454209009654,2.711898897588692,7.025060838212747,1.8380037462389058,5.040181517990191,5.870123838793785,7.043580473978098,0.9398603905157258
2.769853092211093,3.1592878689169805,1.1885173319211517,6.418884592712786,-14.520105340133863,-0.4814504308556994,10.489086114066206,-14.520105340133863,1.7852994920481866,-14.520105340133863,7.092622536712327,4.9767034763427525,-0.06274036968154334,-14.520105340133863,6.016698380922659,4.248058236452961,5.8895450437026255,4.920360915547364,2.196826866858214,3.834862871132318,6.640931440318101,8.290968194534667,-14.520105340133863,4.5511281919636,3.8340081702347177,3.4528810771396046,-14.520105340133863,5.231409910376592,1.8171259210624096,-14.520105340133863,-14.520105340133863,2.1303817712249122,-14.520105340133863,0.21169634970448603,2.8581544231608835,1.4859409188726507,7.070290396248275,6.207411449695844,7.945808500434392,4.510395327223181
-1.352450022419563,-0.11420119912956422,5.230919195516888,6.387224521454834,0.7219354056134304,4.407333045437779,6.0712989144489375,5.456883324454667,5.06121191666746,3.5919981152904836,3.86845850906572,1.6091320970960044,2.406435097862633,-17.105262498994758,4.92805899725554,-17.105262498994758,1.4021462576366952,0.02878824315630882,-0.2305754479936344,-1.1275788866783922,5.242166302903314,5.4875259957996265,-1.0363569871851996,1.2093908514306,2.8582461610300203,-17.105262498994758,3.496287580396989,3.2203873462751593,2.885657846067503,-2.9461615274208013,2.162101635168102,-17.105262498994758,-17.105262498994758,-2.483275628735065,5.094841994843586,-0.17313030589443987,4.809604933766324,1.2158188907821341,6.857153051643109,-0.7209637306334328
1.0367003814510298,2.5842693195888056,-1.220523185064914,6.973784295954168,0.8920584943130188,2.8273470844112834,7.1940314182306,4.558267878098393,1.550252028344476,2.859957316700731,7.238467484471736,6.176254505800972,3.7449931696393235,-16.274408263927487,4.822136898746043,4.084481625179068,5.600953755275847,-0.612018779785384,5.787853282374044,2.098132115190123,7.583358687333693,5.085947498476336,0.7895369599814829,2.2141180362639936,3.77183961635685,-16.274408263927487,3.607929385457916,4.778564117445072,4.840548248381162,-16.274408263927487,-16.274408263927487,-16.274408263927487,-0.6295212126502201,-0.32591527887194194,4.527021594913092,-16.274408263927487,2.176995662365159,0.9237962380902396,6.379239205030235,-16.274408263927487
-1.0394462026409157,2.2283731904973934,1.4915907218737632,2.8002226772471808,1.6560250282525488,2.152207410381939,6.358485674688557,3.4808508812357917,6.587219101939025,0.14415915897609677,4.2213198234161755,-16.45636270295491,5.593123659350092,-16.45636270295491,4.911705301812414,3.5118167200168235,5.065405330644151,-3.2570364325643144,5.296826076889784,0.24562319839885383,7.707153907149195,7.027928381273638,-1.3626996639389541,-16.45636270295491,4.263126010633755,-16.45636270295491,1.0134358902335994,1.213965407844199,3.538771058599805,-16.45636270295491,1.6649681771678089,0.161902052223685,-0.7675125351603375,-16.45636270295491,6.2878823239708606,-2.5010893330506367,6.104757073936691,4.032799743704726,5.7653513836952355,3.1389650190308442
-14.482687379358135,-14.482687379358135,4.029934247414179,6.9507400687989165,2.6408082151359435,7.662804475234169,7.854066158746849,5.3115063938815466,6.139276363164563,4.367565554553503,6.234660984830174,-0.6671758213943604,6.693950801151388,-14.482687379358135,7.454214423122283,-14.482687379358135,7.3137772075362095,-14.482687379358135,6.682201902892711,4.0719121909066285,9.918992590789674,8.212806378921895,-14.482687379358135,1.2787334705185858,4.778956924161342,-14.482687379358135,2.1713167342473882,3.0678703374371286,6.225809938897976,-14.482687379358135,3.904333173443927,-14.482687379358135,-14.482687379358135,8.852278538408793,6.590333514942698,-14.482687379358135,6.709963145954618,4.3278032398636785,8.102171778069538,2.4279482413075173
-14.716539704889803,3.3840735202388346,-14.716539704889803,7.116809047816941,3.135686320115303,-14.716539704889803,8.936899097033429,6.368538855672798,7.036356263823222,-14.716539704889803,7.669903843932729,2.658026347817906,-14.716539704889803,-14.716539704889803,5.187902345676492,7.827405040763151,6.403749038852339,2.228796904834565,-1.0518508738700902,3.7037409690452248,9.457679243357564,8.064215988997148,0.779798947814967,2.691064066041338,5.274235032833896,3.967427962364836,5.762358945567585,4.164599261774712,6.8788141616691085,-14.716539704889803,1.8339875672994206,-14.716539704889803,-14.716539704889803,-14.716539704889803,7.14358109196885,-1.6995346209235467,8.231720425766484,3.382419488182264,7.419445750456135,3.20754701397445
0.8536454228431117,0.7108412527858768,0.9579446209477064,6.784215692456482,-0.8526708100123002,2.377088342157302,7.239356786892444,-0.729149526414109,-0.4800545909464671,-16.687076542590493,6.121573145615643,5.920985148304755,1.8005149159972869,4.151560535973785,2.6738458112971495,-3.0578943579991607,3.1170444960060024,2.6981135093182043,0.3006374739546991,3.547011002235068,3.0198848410983508,4.0998586888498245,-1.7531507418645969,2.5298493444355783,4.807121251226035,-16.687076542590493,-16.687076542590493,5.293666846288211,5.9418368163741455,-16.687076542590493,2.329414154544021,-3.1072870523253044,-16.687076542590493,4.888794474970243,1.1819566004367381,-0.540393337598535,3.265988270513859,3.713722523127452,6.979111334130299,-3.349600172667293
-0.5372469221997291,2.3270997936741145,0.6188891461986569,6.673060428436532,-16.717378058062458,4.162301610991927,5.747994712382086,3.2458740382053675,6.907785084029019,4.264637828399494,3.651809462217352,2.8086588534022905,5.121445676605935,-2.2547637344795746,4.059172589835296,-16.717378058062458,2.2626327244314304,1.9966437236510428,0.20495886570412067,4.423591028512525,6.166556710954329,6.376565071308283,1.5883406786385326,1.211625897313232,3.17776817019209,-16.717378058062458,3.2230346874272184,3.167506714446574,3.824557731581963,-16.717378058062458,-16.717378058062458,-0.025481927838734285,6.3181251386114985,-16.717378058062458,3.186701073726433,-1.4225380452206986,4.146284303347561,-2.401091606125274,6.868586250337576,-0.7868174103237273
0.26338269539609616,-17.09598157353359,3.3469617111349845,4.7023071643891186,-2.9158272075372036,2.548445192784914,5.3875461857528775,-3.089849829514727,3.495819306809384,-1.4721820804556378,4.069029869680471,1.003529267593403,2.975777943930378,0.5372413323656103,4.275214389163242,0.6407099474612726,4.958079128310078,-1.202280130634695,3.866033412293031,2.8183221115367667,6.315622793150236,5.533802942028085,-17.09598157353359,-17.09598157353359,2.3899270185137946,-1.9995368923295127,1.4201911609672522,1.2871011503865946,3.4333110906124547,-17.09598157353359,-0.2036196446263389,-2.2872188721887308,-2.487478047551069,0.6531177873466923,4.491898470002161,-0.2479247206998389,6.012477386302789,3.104402929052977,5.276262069018379,-0.5166707363109139
-13.435839671860407,4.701549361216394,8.955065058997494,8.322910493219121,4.729432573100362,3.644284640857613,10.047812616571363,7.31304517867833,2.5232603648407417,4.451599426086121,7.167053530435591,-13.435839671860407,5.672473076991445,-13.435839671860407,7.959170939896329,-13.435839671860407,7.742709480809297,-13.435839671860407,-13.435839671860407,-13.435839671860407,9.910901291801787,8.961394473812168,-13.435839671860407,3.089053599017749,7.419269885267199,4.580025767815547,6.244437783003575,3.7637221428408507,7.060525566148787,8.04974020246324,-13.435839671860407,-13.435839671860407,-13.435839671860407,-13.435839671860407,7.143359471701059,-13.435839671860407,7.585135298862936,5.4998778226041996,9.219511186092465,2.9085945010534546
0.6421367040873717,-0.9845429203724515,-1.6019047385291865,5.977423307662256,-1.5613442247581766,1.9191873324758038,5.192971906509021,-16.941295538430815,5.410853912006265,2.5811591608500506,6.032016058085155,3.643156407747461,3.4182563545558566,2.339613397689821,3.2085952868630083,4.153188968585063,3.5278390508642388,1.754285951205074,2.605936866120393,-16.941295538430815,4.9479608228252685,4.397139721798679,-2.2256232240182867,0.05849944103990779,3.455311751135284,-16.941295538430815,2.2818799473988722,3.3205378332718722,5.527968511971326,-16.941295538430815,1.1288343424892735,5.05745878963215,7.238922424180268,1.8523271288112075,2.936883327975954,-16.941295538430815,5.112376615269729,2.670758977309008,5.627708037847364,-16.941295538430815
-14.508161270162867,3.440594015011842,-0.5271354262637528,5.997172413763369,2.590888663490641,-14.508161270162867,8.435543157454154,-14.508161270162867,8.221274901643108,3.8318515815621508,5.852267822168403,1.7488264666942683,-14.508161270162867,-14.508161270162867,5.733060746062385,2.4523633071374724,5.249071970642048,4.768465548903344,-14.508161270162867,2.9274144526959143,9.50481380833307,9.190791263582524,2.7461635651375964,-14.508161270162867,6.748933572900852,-14.508161270162867,2.020055366796808,4.5174363584162265,5.0748887313878015,5.7720154716362,2.148764259314095,-14.508161270162867,-14.508161270162867,1.4367708806923198,8.80503992726319,2.4540844778841846,8.89353026355454,4.525540615287276,7.150405455561558,3.3707190629150676
3.940114214449759,-12.041015696114295,-12.041015696114295,2.345474973407308,5.101327864129914,-12.041015696114295,10.533194765125588,-12.041015696114295,10.190270863801238,-12.041015696114295,12.964059538278022,9.103634529456407,9.35507726076034,6.016828316159541,6.116480459997345,-12.041015696114295,9.332823794354747,-12.041015696114295,7.9231554491075205,8.216015401987981,8.592259786729308,6.483304091613062,-12.041015696114295,-12.041015696114295,5.7582802521200565,2.2813130666278876,-12.041015696114295,-12.041015696114295,3.539225829922976,-12.041015696114295,6.175465924790221,7.372286996624784,-12.041015696114295,-12.041015696114295,8.257449297946495,4.934469621224832,-12.041015696114295,9.846394207507334,7.16707641133831,9.069252524253535
0.09900087429825373,2.1585450455008646,3.87759365276107,4.866418664571389,0.09594183263832613,4.240330380822003,6.279889762927913,4.791138596519249,6.6844593877304,-16.511960136136416,4.725828482258005,1.4232378079713466,4.672564959870844,-16.511960136136416,3.6554652789529603,6.1679240265783415,4.662400428904835,-2.997553319605626,5.3968507525721865,2.460131403822012,6.758543750412391,6.004294414374229,-1.2378343229145132,-16.511960136136416,3.389301900400099,1.2245331884490804,3.6491166065099545,3.0913982746662962,5.1429066315688035,-16.511960136136416,0.25166689387856844,-16.511960136136416,-16.511960136136416,-16.511960136136416,1.442390239877845,0.3771692802923874,6.53750379953591,6.102832070710157,6.809632549649035,2.7800976564503426
-12.734229546747546,-12.734229546747546,8.046257480790535,8.963663852795865,3.0553621761276175,-12.734229546747546,11.382458187680406,-12.734229546747546,7.9739632617165315,6.863381633501106,8.367308329530053,7.310304705844606,-12.734229546747546,4.740474180713588,5.1245077198010005,9.987757082021925,8.043316121392365,6.651074849680879,2.3566440909589073,1.5259674735036095,11.390749871973481,9.396419216393404,-12.734229546747546,-12.734229546747546,6.346145006675641,-12.734229546747546,-12.734229546747546,6.469621884981902,9.106846448497494,-12.734229546747546,-0.027378583006443816,-12.734229546747546,-12.734229546747546,-12.734229546747546,10.708869465335761,-12.734229546747546,7.783106234181226,5.285973645533067,7.144019162628812,4.282400155212281
6.230061913101338,6.4493396362665445,-12.396412751970132,8.759096434766098,-12.396412751970132,-12.396412751970132,12.543269989147195,-12.396412751970132,-12.396412751970132,-12.396412751970132,9.264325884829702,6.939678340432604,-12.396412751970132,-12.396412751970132,8.401264583418378,5.9032296748918585,8.031622596110603,8.299841536756809,3.6598076016530725,6.572100347159337,8.689041800798279,10.511924106252398,-12.396412751970132,6.523891107307823,5.847650150036706,6.653889476990234,-12.396412751970132,8.338356665348256,-12.396412751970132,-12.396412751970132,-12.396412751970132,4.9945285956038585,-12.396412751970132,-12.396412751970132,3.556808373722474,4.499630727175369,9.408770113817376,8.752401827299709,10.290916041880102,6.824743754785855
-17.591282749357212,-1.3369093928463132,2.555409324281076,5.485034082871335,-0.18450553858260643,1.3795404865067709,6.31893760573975,4.38669558337786,4.639226578329555,1.90173475527308,2.8355831258627036,1.8315728052970603,1.3866681823314502,-17.591282749357212,4.561530885117317,4.581209993691398,2.617584423109059,-17.591282749357212,1.371489706050449,3.5947040128304946,3.7372658006539896,5.20243812141547,-2.947219937145662,-1.9496111344169675,3.060927376697004,-2.584884322664336,3.346077822372063,1.5449913688739483,4.86066607766413,-17.591282749357212,-1.0954357603181497,2.5454636212517285,3.630701717180624,4.765590549205709,5.100195538410193,-17.591282749357212,3.960788148632363,2.0716198892402065,4.845485476364884,-0.06415322587158466
-14.363847644866388,2.5727054217284824,-0.4261185692225045,6.0179414552109725,1.0408983222960784,4.515270098282959,9.295249175952929,-14.363847644866388,5.710421861168985,4.240736745382743,5.836368155378475,2.84011275569851,6.712789686332184,-14.363847644866388,7.6058727330798614,7.820996262707083,4.197377352767138,-1.8576667031890315,-14.363847644866388,2.3844554401261373,9.830311087238407,8.561205676946658,-14.363847644866388,2.972123745172657,4.3004849188691425,-14.363847644866388,4.446372063417574,5.925723349673103,7.135287564671471,-14.363847644866388,3.9776816716042216,-14.363847644866388,-14.363847644866388,-14.363847644866388,6.361855221111006,1.7309794815067172,7.052565373139968,5.084414730677418,8.405757862383949,-0.6536964914494467
-14.868094445886438,5.8199897110592005,4.947319950478652,8.690072134245415,0.8161367767629942,8.466749604460354,8.172574158169633,6.061128091765229,7.392619087526281,7.501494599567223,4.580454185785968,3.4931547249088317,6.099841573701425,-14.868094445886438,4.4055111585799285,5.948197146279509,3.4584953856529275,5.4226330905660385,-14.868094445886438,2.93547382231766,7.809811891027567,8.41827057654688,5.828344754083442,3.594591601799604,5.871625281315334,-14.868094445886438,2.63354180306409,6.88530853169921,4.564587133400643,2.631283049493855,-14.868094445886438,-14.868094445886438,-14.868094445886438,-14.868094445886438,5.9270826674575705,-14.868094445886438,6.828420739415913,-14.868094445886438,8.344325673619414,-14.868094445886438
-12.38569906435963,-12.38569906435963,2.017598714062164,8.08248095712856,-12.38569906435963,-12.38569906435963,11.184733490488533,8.12194486391205,9.540716238362535,5.787673514084965,7.42412198965544,6.3043979508758765,8.30331688542175,-12.38569906435963,7.410012850962232,-12.38569906435963,8.105470768635787,-12.38569906435963,-12.38569906435963,-12.38569906435963,12.064201443485688,10.686006296222253,-12.38569906435963,4.087970995170472,5.225974635395025,5.502421580713611,5.749031453295975,6.98432026938306,9.661413758199222,-12.38569906435963,3.3927193594779568,-12.38569906435963,-12.38569906435963,-12.38569906435963,10.153596000950245,-12.38569906435963,10.174838022237747,7.593505175329752,9.189771148174762,3.037247603768853
0.22274586695820653,2.4930580664658955,7.947128114270046,7.63781284602377,-0.5872755200544911,-15.70297801256477,6.544043657954102,6.344036344590646,6.576801639918656,-15.70297801256477,5.058151849380363,2.867759336200866,5.151158180461848,-2.829073430359665,6.478623738599124,-15.70297801256477,4.444781448919347,0.03239216388242914,0.44564694042157715,1.2813774787142824,5.595996285564048,7.37715369488331,-15.70297801256477,1.2184636560343718,3.6794638411286984,-1.0415987578384307,-15.70297801256477,4.023464684325225,4.462318182553954,-15.70297801256477,-15.70297801256477,1.5243401391552036,1.6002134175214857,2.9813738415601336,4.917546100027931,-0.3968128529311638,4.903124597728965,3.1393036279651203,8.407939543090004,-2.580612635162442
-1.441669148562388,2.104896767069215,-15.861496219827929,3.231056999513039,0.7334545973984719,2.592425867577288,7.398520492915832,3.987052599552451,4.452823458678892,1.6152656508331404,5.8228463169627975,-0.3839551095570819,4.401003194810516,-15.861496219827929,5.705829383820167,4.157136729638547,5.208404326869862,-15.861496219827929,5.972616754184165,0.2435142928988521,8.387894231586502,7.095277906639099,0.8081831049722334,0.16886062599268287,3.7930267649643663,-1.6012991995767745,3.2299838461334707,1.9351902209164875,5.097379145067242,-15.861496219827929,2.4552674217997477,-15.861496219827929,-15.861496219827929,-15.861496219827929,7.372663163582252,0.0004161549369383042,7.538825759893717,3.0296880346586987,5.895750936286913,0.02214224633814927
-15.656672262094771,2.0012968593525624,-15.656672262094771,6.297438079538031,1.2398304592879978,4.937463910107515,8.610841976719968,5.526628936214589,8.525664503505435,4.161761938537894,5.523492968041032,4.868093855669761,6.133340169458207,-1.519077480323966,3.969619945847126,6.485737434675171,5.245684920961338,2.462903402587185,-0.2642467767904086,-0.054414609221813466,5.6905139285234885,3.9782385036055636,3.1997441194518923,1.0112774573004197,3.8658488911997195,0.1118660545376411,3.8385671238364676,6.180751075183403,6.475969495659147,-15.656672262094771,1.0141584732441458,-15.656672262094771,-15.656672262094771,-15.656672262094771,3.6962513038823737,-15.656672262094771,1.940296954065957,3.9864300591971507,6.111404162903152,-15.656672262094771
-1.143239074373851,-15.948291197699016,0.3521260933865888,3.9214943761317196,1.6058409300608782,2.2110247951059554,7.4335467396761095,-15.948291197699016,6.568840222559342,1.1965626739760487,5.307418888034157,2.0455986667537553,4.420083818528189,-15.948291197699016,4.88248284786075,5.910937303654636,4.596087180383609,4.716253830091527,-1.6565458396205504,1.0796746575881848,8.360141940656524,7.343576548857532,0.9179132392192995,0.760365100445809,3.6397813534280603,-15.948291197699016,-15.948291197699016,4.074359645854921,5.055405485740442,0.00020178735652955266,2.5614987304725827,-15.948291197699016,-15.948291197699016,0.9983563144935739,7.512843155904949,-0.30501057221196193,4.588476373334952,4.947649819830956,4.16219011701747,3.5721012336944313
-17.689617800719365,1.0045953876872145,1.8839740084656513,3.6271903284601628,0.09769298554840194,1.985681335079674,6.4941075433327855,1.9193940546162722,4.205179257397518,1.5948385862115269,3.791064952273685,2.3946291295999393,1.606906614457077,-17.689617800719365,3.8688068011668015,-0.7641537805080465,2.4437070542493915,-3.495670122103575,-1.7590571529806343,3.9843131416989768,5.530003893074333,5.096594275504763,-0.952021455548088,0.35607855692810864,1.9554264401461168,-1.0397180608554593,3.0558301841387556,2.8219388637742866,4.530908920166786,3.297326821717692,-1.9870374422075723,-3.1226906823731695,-0.531245402770212,-17.689617800719365,5.031214985158068,-17.689617800719365,5.114952841078424,2.8902740795251636,4.6816044924666045,-0.8541702316999903
-15.07215428692052,4.543932675717465,8.24977164616203,7.8091620799021895,4.520544093213643,4.965356978670712,8.401953005446858,6.222147592755803,-15.07215428692052,4.988512974894538,7.194894585308856,4.521658540900066,5.5708879937502305,-15.07215428692052,5.607880406877792,-15.07215428692052,7.490756012133391,3.702838618797947,1.3923640022335348,0.6212935894180474,8.910806425448413,5.2368074947638386,2.472657663666208,2.579793311085623,4.81312355372062,1.8081481271927933,3.6876380717140167,4.467300788790695,5.32252414763711,-15.07215428692052,-15.07215428692052,-15.07215428692052,-15.07215428692052,-15.07215428692052,5.875734008018317,0.8064144605378597,7.760145874073823,4.036409812943079,7.140084333429681,-15.07215428692052
0.3861979988664897,3.4650827997160767,-13.193591491398697,7.020347599569629,4.714428629539225,-13.193591491398697,8.638695606081741,6.268707823230487,8.261311203369303,4.903710929261493,6.94031043925408,2.980884587513683,8.05808838292941,-13.193591491398697,8.10251656362793,-13.193591491398697,8.487498499201727,-13.193591491398697,-13.193591491398697,2.7038576131322705,9.956012175664432,9.277448837357428,-13.193591491398697,-13.193591491398697,5.574077437970993,3.1666657952025257,-13.193591491398697,6.41642546567082,7.273271279080671,-13.193591491398697,5.897121330724483,-13.193591491398697,-13.193591491398697,11.383391738199476,7.642797653516234,2.064121296030354,8.95550908050281,5.3626685555275895,7.6155400674417555,-13.193591491398697
-2.2967551249771385,0.42775238038387114,-0.7796627009844855,3.1610258565112788,-1.0006533752487243,-16.940817937188687,5.404172026802458,3.5145945993583836,3.806964888146579,2.097693598405299,4.228088394020004,3.930540265863369,1.0742977086566794,-16.940817937188687,5.3704578649825345,6.193730434762859,4.134758333764429,0.4875006649142178,-1.6878444940004609,0.6407645938622184,5.217553853626976,5.456566198453562,-4.041595611101695,-0.3545953543800873,3.5208753231227026,-16.940817937188687,3.2929433593269235,2.178842947486986,4.32929682327914,3.704972727558867,-0.09565683913443586,-16.940817937188687,-16.940817937188687,6.007932702028866,3.9785901763908846,-1.8555465534616382,5.1284097301441625,3.6805037649526793,6.310522590026811,-0.4629520676006655
-11.829348663838005,-11.829348663838005,-11.829348663838005,9.808161813564443,5.534341494914048,7.203973951433828,11.211435212687324,8.394179847976124,9.433423544418329,-11.829348663838005,8.145426403622993,-11.829348663838005,9.37960958785067,-11.829348663838005,9.849486309163991,-11.829348663838005,8.35410891613361,-11.829348663838005,8.681218880892747,6.094738055026247,12.818613136328503,11.159775001824165,-11.829348663838005,-11.829348663838005,8.790133192954043,-11.829348663838005,6.796230199234523,6.808135583733253,9.632329264283817,9.442963010271596,-11.829348663838005,-11.829348663838005,-11.829348663838005,-11.829348663838005,10.398063456623046,-11.829348663838005,9.398793133275301,4.045400856039597,9.718386432994055,-11.829348663838005
-0.0022324935493893603,1.3807571833902905,-15.737602669996589,6.287812040765075,1.8318726121622446,3.0935970629996787,6.750667899040243,5.4423282323897695,6.626322576446091,2.7950665848443688,5.896338160440593,1.1394279488761572,4.735944608733477,-15.737602669996589,7.941552133631277,5.801395169891288,5.073106118381137,-15.737602669996589,0.7932647304336675,3.085404936251058,7.278479702669881,7.277838263561685,-15.737602669996589,0.7698287748906862,4.222093524239253,-2.3841259843285467,4.29676694026893,4.021677923085113,5.40812304308928,-15.737602669996589,3.0619253910061497,-15.737602669996589,-15.737602669996589,-15.737602669996589,5.4332614102974635,-4.1293579343542675,7.238645115500509,3.397986751189602,8.09195914610545,3.2430937876245265
2.238012414580938,-15.650619086177985,-15.650619086177985,6.125194158656505,1.9218967783013992,3.0930143515481623,7.602912287876763,4.322124664465264,6.474140021308888,5.008684064872582,5.908100460017768,1.1098566808905186,5.587205398721289,-15.650619086177985,4.946380333898179,-15.650619086177985,5.87225084617089,-15.650619086177985,-15.650619086177985,3.353784526631215,6.506478110459352,8.504013427927203,-15.650619086177985,0.693017320502723,4.049104830930331,2.8881113334347144,2.429541252363388,4.441647738602902,5.91589786310461,5.617119894526783,4.061743098697959,-15.650619086177985,-15.650619086177985,6.973849390416108,6.252885108623687,2.0165273484442947,5.894292681864528,4.075362862395648,6.600356035380604,0.37206648998667224
-2.0856861937037263,0.12995977972637035,5.970765006348944,5.496384481770483,-1.100137146213244,-17.514626884574806,5.27912804027954,3.6960894958352517,2.1463103786738422,2.7570251898083056,3.7971475793741356,4.973145409152131,-0.9346857290602439,0.852336587423434,3.6174318512368964,4.3755234087487445,3.797336314130096,0.04211838156212472,-0.7348746685483258,4.600418243970698,5.583252571347596,4.94122326980424,0.776855932285031,-1.4853623380334904,1.9084855932415596,-17.514626884574806,2.9631986673369695,1.6736125420927632,3.2457613126369136,2.4853417969219946,-17.514626884574806,0.47126293733396746,4.581779682799762,-1.225944848723924,2.855358242924619,-17.514626884574806,5.719659967888772,1.1221325210263668,5.280780161475435,-17.514626884574806
-15.247126186204266,-0.4457984605829685,6.292389028878159,6.870372419411579,1.1248362662906195,3.830504455180458,8.249039574616173,5.286007673065622,-15.247126186204266,3.703123430219813,3.6247575638987324,4.402024836601822,0.7865004169415254,-15.247126186204266,7.148736383151244,2.3053394729320495,3.8810483369437447,2.289973024479148,-15.247126186204266,0.5114334318007541,8.034508171225502,8.154416319952048,-15.247126186204266,-15.247126186204266,5.390352979130996,-15.247126186204266,5.249326877308145,1.2942745564784313,5.03567929119014,6.408917716867206,2.3181237376545827,-15.247126186204266,-15.247126186204266,8.587915670531888,7.626443814951178,1.402185836956724,3.0052542541493175,4.7552306544528316,6.645194870474688,3.456023070686196
-13.69303014660863,-13.69303014660863,-13.69303014660863,8.064867524697833,2.7420637039687326,6.3947912217939855,10.675562863615642,-13.69303014660863,-13.69303014660863,5.994372826140317,8.317427690690504,9.886978273310923,6.612900411177041,5.1659055347265035,-13.69303014660863,-13.69303014660863,7.336013051795204,2.9999921097968225,6.699868779627026,4.990014869503534,9.068446299857303,6.749211406874553,2.3163661989090625,5.320701166891784,7.211256402233105,3.8696287971784615,7.1751409059864075,7.660645394105656,8.52098690916461,-13.69303014660863,-13.69303014660863,-13.69303014660863,6.347038842611202,-13.69303014660863,7.19227800712376,-13.69303014660863,8.93728768922591,3.171279453262163,8.588365571644166,-13.69303014660863
-0.09594592713593642,2.027184477254743,1.1828103364916134,6.781541685326518,0.6028945580630702,2.678984921334558,6.1313028197544215,1.546544758295701,-15.724651398180454,2.077989656251647,3.4006109089006733,2.1847036136392424,5.452983990862572,-15.724651398180454,6.556862209597338,-15.724651398180454,5.098758372589511,-15.724651398180454,2.2606203767466253,1.9771540371604739,6.161815247634164,8.127318698549635,-1.2939546605855523,0.794231838314153,2.5666038097131967,-15.724651398180454,4.239861503243629,3.628744459995047,3.530502466763323,5.548630006558018,1.3045214578082194,-15.724651398180454,-15.724651398180454,8.04605072239976,6.272923611961934,1.4090372219446434,0.8252267341384661,1.7936415437215794,7.97675487946682,-0.7243505494966676
-2.7245531735552,-14.573958017978274,9.877500530054006,8.704633323123835,1.0079943721699216,-14.573958017978274,8.258772860847296,0.5973879513531077,7.1491636633115405,6.118116385739619,5.3120592967439375,7.64808675946105,6.822757267240229,0.5765538698762003,0.9167783802240037,-14.573958017978274,-0.22781862071670858,4.137823953945928,0.44752364637576186,7.638327978148692,5.251936974399638,2.8253492454168474,-14.573958017978274,-14.573958017978274,5.437222439426178,3.824170331731666,5.783087463628147,-14.573958017978274,7.210854936645155,0.007020847241742244,-0.7684967857670016,-14.573958017978274,-14.573958017978274,0.6884717582164156,1.7527765792602017,0.3889553102838087,2.454007837308926,0.007020847241742244,4.419113711039985,5.049064203409576
-13.83600462194389,-13.83600462194389,7.252494432916842,8.422919101717975,4.162776722685439,6.860537291721822,10.040933978017542,7.447579613763426,6.416201029397639,5.2861882238583995,7.330400970566244,2.966701928980732,7.2920994606734775,-13.83600462194389,6.748688566287215,-13.83600462194389,7.707983334121434,-13.83600462194389,6.3694613291775255,-13.83600462194389,10.027579428938251,9.49948603701471,-13.83600462194389,2.68086721608589,6.1852952651520745,-13.83600462194389,6.4443122860299775,4.377651964874273,8.113069872630799,-13.83600462194389,4.923431471770826,-13.83600462194389,-13.83600462194389,2.104159939996075,8.660894051839973,-13.83600462194389,8.303706436315482,5.360232443413615,8.882407687322951,-13.83600462194389
-1.2111984870856802,-1.1339964691741993,3.802613030818847,5.262243323447271,1.0100775384458291,2.4835744166157596,6.768360801113875,3.256129606487074,7.729994778828947,3.3811345616256614,4.137498308606891,0.956428531662624,4.445240499248698,-16.554937118978227,5.523008565576762,-2.4770615273159895,5.292956321631,-1.24877195934462,-1.4668606851104005,1.0771862816117341,6.411524675724091,6.149462591999851,-16.554937118978227,0.40040609980383646,3.6215304354710876,-16.554937118978227,3.2270790906160154,2.508491853208684,5.470918048560421,3.9044803540697304,-16.554937118978227,-16.554937118978227,-16.554937118978227,2.0235163173871187,4.983489971154896,-1.090767743118898,5.47660748237362,1.8871136604988972,6.218983621839522,0.5482288165903716
-17.39390586981463,-0.5574826910093644,0.8839432365655483,3.7430180879962593,-1.706592981102623,3.0376431005010476,6.369450694603488,2.8042325603456044,6.075989650265609,1.3021313044918934,4.121410863459096,1.4435754985011682,2.771198123456953,-2.129125916827321,3.866116461505762,4.440967451623731,3.7964781882132757,-0.8247345358018288,-3.650964929416953,-0.4188449106221497,5.887919723810602,6.1052569610636205,0.2730280926983284,-0.9580839522759521,1.7230671088260525,-17.39390586981463,1.448375770715261,1.4547839531988487,3.478572762219368,3.3209043196926102,-0.22149815424157612,-17.39390586981463,-17.39390586981463,-4.717826470043604,4.511412263340376,-0.6402920981669016,6.018908054970716,2.3511672381008295,3.0992925020034314,1.072226146597314
-0.2531193049457854,1.9530908666723041,3.458077783482448,6.010943327869843,-0.04333695078447358,1.3221012835960015,7.313042345450506,4.968231643495761,6.427654863332883,0.8946099205816299,4.979493224407659,4.225919192803989,4.1458818934592125,-16.236540166993972,6.2937973074462334,-1.1235661883924175,4.93660949724493,-16.236540166993972,-0.5400388536346884,3.0381728572929245,7.449854170093507,7.1318722794289435,-16.236540166993972,-0.6242824324531393,4.532033588612683,2.2938914498780854,2.939229163758211,2.760191991263226,4.521165744232123,-16.236540166993972,1.2070377322549612,-16.236540166993972,-16.236540166993972,2.4393252915651313,6.672027227631531,-16.236540166993972,3.749981817763537,2.7069738257770455,6.8456873157516265,1.0232272940213833
-16.53795398399333,1.4673628348208423,3.9587374241537066,4.838917469412584,1.5162900532441996,3.950462557210942,6.292846317293893,4.534072562493704,4.180419907877557,0.4069452760821386,3.669791896361182,6.058274894405996,3.823767933338388,-16.53795398399333,3.5625299369178047,6.348051950238134,3.2378400061745314,-0.25265032944873944,-2.118126912727789,0.8833261485284034,5.413814330058832,7.043216087991299,-2.0243082064457583,1.1525005919131686,2.713546750000971,-16.53795398399333,2.9969170818722715,3.9962194266695663,4.197556580357348,-2.7426451129389338,-16.53795398399333,-16.53795398399333,-16.53795398399333,7.583925566517437,4.121338506474219,-1.1517461340112005,5.070049996726952,0.17180973391542195,6.630401211757294,-2.3037324332763514
0.06069045799553247,1.4916342756417165,1.7903808882479808,6.4154996789080645,-0.4754110572114197,3.6373434202065824,8.02859908895137,-16.41438016188952,0.3852960838389662,0.6452840671287811,4.614825064515933,2.7480474372216634,-16.41438016188952,0.5115297891900159,5.43755502401603,5.614062167662413,-0.2091897124212439,2.0120838367609055,1.1051447623974353,3.6171774606883225,7.289945837729714,5.756961635730395,-0.950210786030192,1.8854879731302303,4.114317434019365,-0.17141544062408312,4.060052453036274,3.279594206894573,4.4354830839595705,-16.41438016188952,-0.8273126719466991,-16.41438016188952,-16.41438016188952,-16.41438016188952,4.912523817156949,0.9513223591339222,6.30550251804763,4.515200413717703,5.2604084068877786,0.23786699675493092
-15.614762757504689,-15.614762757504689,0.6013667243868235,5.537118148099997,-15.614762757504689,4.378422170663706,7.7990014783074315,4.4973781862016695,7.614254297258909,3.7946410052990185,4.454884258937666,0.8311968275843505,6.256514870721866,-15.614762757504689,5.934965379678382,-0.878969047990427,6.117726622326207,-15.614762757504689,6.338389214685461,-0.07292035769888773,7.1278827316993585,7.329624288811589,-15.614762757504689,0.314590889629693,4.914881923152924,-15.614762757504689,4.594723097520893,3.841909916682861,6.4977181713218615,5.277156654315059,2.2443252631626636,3.042727736417115,4.65143936876526,4.92657344703537,6.133712788492901,-15.614762757504689,7.019914947237311,1.5992749869883212,7.812438827846907,-15.614762757504689
-1.7135661578433206,1.3827636908278713,4.126346909909326,5.066342521880147,-0.24781773104557048,3.6076979492757286,6.83081747490859,4.0269702021381795,5.668041500166298,3.1350672603789933,3.5061277936766815,-2.4718891944049055,4.617380786008013,-17.183488185088997,5.401050746001259,4.943604909765262,3.7012925783628186,-2.8432485064739397,-4.021902171456313,0.7983774865823349,5.2611379041939506,5.734686216082331,-17.183488185088997,-1.1685331821854517,2.526342561851822,2.1129529245229337,1.920592393017409,2.914438643171542,-17.183488185088997,3.829951617712306,-0.28560900106065895,-17.183488185088997,-17.183488185088997,0.47619473279935803,4.931850286802005,-1.610119537158571,4.739145871636431,3.354712335595693,5.514940037582551,0.15129907222388606
3.2566885810094064,5.354221734390928,0.6011833841483554,8.175994664613839,-0.4302656947073296,-15.606753062217427,6.50063477823776,6.636590371976909,1.9159679310914066,5.807312201971626,6.398629254214784,4.4803317691989575,7.4372923399837205,-0.4668232808939391,5.2769720855175555,6.174598164567932,5.301189889184013,4.776132914682234,-1.6089201141262133,6.347719350700547,5.989536860104754,6.659169653686544,3.052865846822424,3.614942237652623,3.95601444717985,-15.606753062217427,-15.606753062217427,6.657284191195562,5.391983086980176,-15.606753062217427,-15.606753062217427,-15.606753062217427,-15.606753062217427,-15.606753062217427,3.170622632473533,-0.13874491078774348,7.099268566078517,4.9527931258325735,8.11959149697555,-15.606753062217427
-0.29749443653202917,-3.3580130482440733,0.06895160511394946,1.985307857897093,-0.43543969675563365,-2.89486715974253,5.240854553505479,-1.1314372259981058,2.7960732012148037,-0.3471404089791552,3.8528833796347848,-0.37033800465614786,1.4858960815991493,-3.32676051016664,2.816683693430314,-0.4327866726739634,2.685758433024202,-0.9955299734244907,0.44802199027435746,4.046204705355899,3.8986001062310964,4.219806525136524,-3.5541866796207553,-1.9391850471505339,0.10777779681967796,-2.8314391397101097,0.5055528981404033,-0.8819640138289665,2.620684993849532,2.1213535796719687,0.3449204482359882,-18.908712900314836,-5.209735035011638,-4.323093657691632,4.139106936392223,-1.1172659924170367,2.1816098021361903,2.0214532792126736,2.868460703863778,1.8994270321781934
-13.990968065461749,7.037898345175469,3.9453667037601354,8.252121650446067,-13.990968065461749,7.453220612520776,8.558357213169408,6.997427440233038,8.82260877606557,2.1806684472113256,5.883268415256687,3.045017078670524,-13.990968065461749,-13.990968065461749,8.641572092410998,6.6808044581472865,5.042462927397118,3.6132673042106114,5.707084635174009,-13.990968065461749,8.009719902812359,10.60590567518828,4.835777613333417,4.319562946154081,4.061687867805076,3.4827049997342403,-13.990968065461749,6.323276348679064,5.457687891136591,-13.990968065461749,-13.990968065461749,-13.990968065461749,-13.990968065461749,-13.990968065461749,6.195778202336912,-13.990968065461749,5.3215057828635715,4.483727276271037,8.557562936431099,4.375573242946286
-15.851861191789835,-15.851861191789835,-15.851861191789835,4.731843683733392,-0.3334221961547765,-15.851861191789835,7.943051115846667,-15.851861191789835,6.100272968607911,3.056908655092632,5.812567486096012,1.7246169199438517,4.992559767598939,-1.4320341205242941,5.103943918903666,2.1201859643146936,5.933045156930775,1.554364599079742,1.3149560132616704,5.226341079462806,7.989347471807985,7.420820128219591,0.2899510834420453,-0.03622276354746313,7.0098836675752265,-15.851861191789835,4.4533708828915275,4.535931910267047,6.203915772719529,6.014732140270843,3.2283582467195435,-15.851861191789835,-15.851861191789835,1.0344891585974227,5.863570644112675,1.0682360894835596,5.8826309415846145,4.978930814991637,6.360720288284398,0.6670220447047714
3.134003086739219,1.276035228191866,5.149007536979467,6.770225507749313,-15.931632000418471,3.9555396489553987,7.777082413719155,3.948314719433675,6.303205304916481,5.729584294144563,5.282211854621556,3.083645505882412,5.614677060267162,-15.931632000418471,4.738591646344866,5.791883291146933,4.68877020217704,0.16421814384201197,3.2669046566146926,3.4104066197208502,6.918414490229114,6.85623962069405,-15.931632000418471,3.130428838537608,3.3989591684693647,-15.931632000418471,4.808805556019234,6.31755317433927,6.481140918008548,5.836349445290176,-15.931632000418471,-15.931632000418471,-15.931632000418471,-15.931632000418471,6.882313246289431,-15.931632000418471,2.785814442150899,4.210636076572768,6.439180305629272,-0.7654539999101341
-14.619630901544838,3.2609670547359086,2.7228282727816255,8.030790308118801,3.5765303574305984,5.24128773530636,9.679778968220607,7.281575830987802,-14.619630901544838,4.538835729367568,7.0260627969112885,6.360592301982738,5.05749175243388,-14.619630901544838,6.167285563416183,-14.619630901544838,6.764481007548184,-14.619630901544838,6.575717652470596,6.128298280246576,8.622742508796229,7.941082938474782,1.0332497961351998,2.3562785939374815,4.945654738109607,2.7945608699750046,5.115579639984114,4.995063218868918,7.0251241322124995,-14.619630901544838,-0.43947653554845084,-14.619630901544838,-14.619630901544838,-14.619630901544838,6.494608886030278,-14.619630901544838,8.190640299244151,5.031275020799797,8.297032198014943,-14.619630901544838
-15.622040052014947,-15.622040052014947,1.940383014904341,5.032668533905283,3.7342241211155507,-15.622040052014947,6.184385969379176,4.431404431628903,0.21634182841589142,4.785857290945501,6.89241675943034,2.4694419531812435,4.37164281180452,3.9862706799726113,6.09676383168431,8.16260908560557,5.842586773599591,2.4857091989064646,2.8497139716235087,3.985752142238955,7.972303719458774,8.326500294522898,-15.622040052014947,1.9954554284949468,4.038839347560666,-15.622040052014947,4.105891848422483,2.5445223492170213,5.217006818807844,-15.622040052014947,2.6713753522487247,-15.622040052014947,-15.622040052014947,7.2335989033998365,6.210639527623181,-15.622040052014947,4.688267675775639,3.1338979121536266,6.372973119147544,2.6189157729596095
-14.613886851283278,3.337909652673368,6.180340585531974,7.931821220879832,3.664999898574593,3.428311470491481,7.91344574207786,-14.613886851283278,7.365496322255832,5.288148404611389,6.186950952183377,-14.613886851283278,7.153510449372086,-14.613886851283278,8.811747074162641,7.576626409419249,6.7722885841776375,-0.1886101782199968,-14.613886851283278,2.028345496707334,9.427906099562232,8.706510288994645,0.8289017337070621,0.8010114852817765,4.615989276043861,-14.613886851283278,6.020427547243477,5.210166587781396,6.766121484847816,-14.613886851283278,3.429478842560906,-14.613886851283278,-14.613886851283278,-14.613886851283278,7.111924475396173,-14.613886851283278,7.256105019622268,4.2269505560896805,7.831611512420857,5.068318369665247
-13.613203704370159,4.872515445131743,4.118321900212116,8.479545985797746,3.9597791225163324,6.043820226843036,9.519504121182992,6.165037510701874,7.326003813365499,5.0749819222480355,6.6178128960191875,-13.613203704370159,6.577774507213752,-13.613203704370159,9.009913384304738,-13.613203704370159,6.07338184884435,-13.613203704370159,2.0203837934771918,10.449586572328508,9.134609166566248,9.290671663657545,-13.613203704370159,-13.613203704370159,6.274867401928707,2.940562961436441,6.465266926861484,4.996360362490132,6.610934488203354,-13.613203704370159,-13.613203704370159,-13.613203704370159,-13.613203704370159,-13.613203704370159,9.099622729583404,-13.613203704370159,8.575382531120193,5.561766359787836,9.173947045065733,2.539293469923845
-15.863829171931256,3.116124449740972,4.358940839699356,6.237381263940693,0.3068590240228896,3.850043317622611,7.381709745814994,5.0665971659689175,4.022303636236563,3.353592713299117,5.9435138290436536,2.4358132549307343,5.082348190213387,-3.2522880849651408,5.830685169248594,-15.863829171931256,3.803941338293848,2.1249911679546143,1.1765393223401963,8.112619999185755,7.96625806440714,5.948416039451443,-15.863829171931256,2.644129589292392,3.514629680839528,0.5777982767314389,-15.863829171931256,5.594344599802545,4.8537103016474505,4.716085791273406,0.7397743563472235,-15.863829171931256,-15.863829171931256,-1.0294709327569702,5.944737413961254,-15.863829171931256,7.113049977453511,3.113032903241842,6.262420971166072,-15.863829171931256
-14.726340398725602,4.0652830261973385,-14.726340398725602,7.662183981361899,-14.726340398725602,4.166341983372696,9.026067342525552,4.821151291494202,7.248144358429765,5.065749471384699,5.321873547894089,0.3447864816166899,6.412189051135698,-14.726340398725602,5.024037902127436,7.585176485948031,5.941254154407593,2.222488139318209,-0.006611285263225474,2.036237313304818,8.96405142579707,9.128254033508748,-14.726340398725602,2.036237313304818,3.084062660898537,5.142011988372728,5.316319291130248,3.6327840501625603,5.898165315300432,-14.726340398725602,-14.726340398725602,-14.726340398725602,-14.726340398725602,0.005461291112746065,7.7752179674022655,-14.726340398725602,7.1944142672384395,4.006227113696005,6.957883561972649,1.1859604621032351
-10.965709410151161,-10.965709410151161,-10.965709410151161,10.95341338687105,-10.965709410151161,-10.965709410151161,12.916732776809061,-10.965709410151161,6.490540252832061,10.811056280499605,11.965552779794677,8.99046126343645,-10.965709410151161,9.249709696716486,9.732484743391614,-10.965709410151161,6.594824636180162,7.114169753079503,10.078269422760977,-10.965709410151161,5.969961043892265,6.311466307619828,-10.965709410151161,4.8897220613696675,8.738069504864416,-10.965709410151161,-10.965709410151161,9.294377458085728,13.540856574351418,-10.965709410151161,-10.965709410151161,-10.965709410151161,-10.965709410151161,7.338325162919101,11.67476282238346,-10.965709410151161,-10.965709410151161,7.620401031400235,10.653673022780453,6.453939400682842
-1.3833423451207234,-0.06078405658563982,1.100056593243768,1.2475052629279721,2.964756176988185,2.533127994518612,8.485379780973682,-0.36410402901230243,6.956852802202251,1.8548629384684177,5.820183586472237,-1.0971675818803857,6.391072305245747,-1.3079443713869072,4.799314334679218,-15.705671107862907,6.153435363162885,3.9978028657137714,-15.705671107862907,1.180679242524352,7.930221985932416,7.582501778034664,-15.705671107862907,-0.3576034658177918,5.800344925891345,2.4294586379515817,3.4732420679902765,2.0560706461866567,5.154587624663065,-15.705671107862907,1.089950393539602,-15.705671107862907,-15.705671107862907,7.147877900784646,1.702758540587279,-15.705671107862907,5.050710306262139,4.013728827682208,5.193998812951701,2.400161909265415
-15.988243098936275,1.4292264683814817,5.737810381592683,7.007521749878556,3.0276411867604125,3.7790551915842694,8.179081952339386,6.7458052811665965,5.765227698370279,4.737060661033666,4.597494799538984,2.8502265093980994,4.788070493380545,2.624874543800602,3.346405685529902,-15.988243098936275,3.718552493097494,2.139005753993921,2.0146469024033182,2.133357541098117,5.379856391316226,4.120021083843639,2.5259279972108977,1.8607998995649968,4.9193838809334975,-2.807608926617297,3.8401509759563033,5.027251957252242,6.255968177391314,-15.988243098936275,2.0076368158940423,-15.988243098936275,-15.988243098936275,-15.988243098936275,3.1266342797063627,-15.988243098936275,7.6840412153026,2.3567438114332133,6.988071938953819,-15.988243098936275
-2.5517756132491485,1.870939399278015,5.724337462485324,5.567583830524968,-1.315819960137654,4.2469640537377975,4.872858320258334,1.7027724266798554,5.157285664616111,3.304043921604495,2.5461068649973977,2.379054323487201,1.6539940955567622,-17.648220294453225,3.315753925772938,1.654987555357846,2.331825377401495,-1.2540091315420592,-0.675709272785648,0.5972733935204753,4.459082357522421,6.031839463078506,-0.7987187026946762,-0.11670159065586293,1.826389134026266,-0.8255430358777615,2.165655945415136,3.984210949827612,3.488749948174569,2.6225045515703034,-2.0409501005942436,-17.648220294453225,-17.648220294453225,-17.648220294453225,4.33883322940286,-1.828530544538782,4.972447987633413,-0.2903021573317133,5.077044327165431,-3.6015972218750862
-0.5610425164392273,3.291023706819996,-15.434343715773517,6.115870033519813,3.8914454746954137,3.760557159375904,7.79662283456096,4.857123306152899,6.716967645242323,3.779510527329985,6.220341831133434,2.169891653898843,6.727424608331724,-15.434343715773517,6.801465800071753,-15.434343715773517,6.679288181911822,-0.9157351513467479,-0.7309414889342376,0.7943985447973764,7.921681086310024,8.259713438853122,-15.434343715773517,0.07310616029864603,4.266353789358755,-15.434343715773517,0.5593219700569017,5.032040799166716,6.057774925996205,6.190687874836337,3.699384875346609,-15.434343715773517,-15.434343715773517,6.455601075064662,6.808752562625069,-15.434343715773517,7.194333140397014,2.224054130215673,6.772075462313881,-15.434343715773517
-14.33834500811544,2.8210868989895297,-14.33834500811544,7.908672304554295,0.7854986397692475,5.92488337348122,9.994064736452962,-14.33834500811544,3.3819625303302856,4.580987564744698,6.1366517600178305,3.3947729534595052,-14.33834500811544,-14.33834500811544,5.077733356719814,7.4089747878983845,4.290731072921088,4.222358522450138,3.445190764303007,-14.33834500811544,9.274328789145647,9.011590316490134,3.1068256708279987,2.209583172461146,5.728761102248684,3.2782570169160676,5.554303080989703,5.477317256582648,7.3460893198656585,-14.33834500811544,4.322926208616492,-14.33834500811544,-14.33834500811544,-14.33834500811544,7.66995459174467,-14.33834500811544,7.13811834916251,4.943451971193325,8.473554988753454,4.81316398817966
-15.86626540657783,-15.86626540657783,1.7130001633419611,2.532067483936622,3.2946369300904914,-15.86626540657783,8.416638988812585,-0.7866278389820371,0.8973616234371551,4.340207036499441,7.127858502335672,5.641650552846176,0.33800803236465693,5.148026904818248,4.4932577127425395,5.812815675782468,6.048893568718552,2.6479056895693422,4.230127765111004,-0.3755290083755524,3.814409245214809,0.4797623920443277,1.0959803414692229,-15.86626540657783,5.483297086369603,1.6263050539922803,-15.86626540657783,5.320916820535622,6.8791014829425965,-0.9723449271269693,1.0325303677568156,0.23975776436079013,-15.86626540657783,-15.86626540657783,7.914742718627194,0.8884071263620921,1.0448228051590187,3.298920814959314,4.412056177276506,6.984892793052231
1.8739784658732506,-1.0983607909938247,5.700074490829327,5.126798240719181,-1.324398663683655,0.8218290506080853,6.267907900450134,4.16349030279171,4.525348725575814,3.5053920632239444,5.5364774861004875,2.8219799840085544,4.362207984375204,-16.84828726309634,4.758324537977893,-16.84828726309634,4.186938539493389,0.6069125310516056,2.148444895160862,2.5841034811295858,6.007346950082674,4.786718969027236,-16.84828726309634,1.9013374582532832,3.9249299692437596,-1.185897778954234,3.2425313082719622,2.7469168800463386,5.0654982901283265,-16.84828726309634,0.2011847965552812,-16.84828726309634,1.9951089489233709,-16.84828726309634,3.3461926264039614,-2.3649468197360264,4.9985371018043745,2.8449590794486967,7.505396206259906,-0.4935396318724201
-11.36894143401194,-11.36894143401194,-11.36894143401194,4.0758098597610255,7.583719593653217,-11.36894143401194,6.121096097203268,-11.36894143401194,9.478319217482088,4.4206502888632215,10.435644710335424,9.406413881233476,8.818779084586394,-11.36894143401194,9.450070852104929,-11.36894143401194,10.554852280608513,-11.36894143401194,10.632671572778264,-11.36894143401194,11.253017150530432,12.287472511073025,-11.36894143401194,-11.36894143401194,7.729214326185052,4.614479428036247,-11.36894143401194,-11.36894143401194,-11.36894143401194,-11.36894143401194,7.392701458945347,-11.36894143401194,-11.36894143401194,10.500583345387756,6.127416431570618,4.644904306560365,11.786426968631577,9.061174074787099,11.208206978689738,5.68837995919607
-14.569390466369397,4.461381888438599,7.518552759727402,8.487550132370261,-14.569390466369397,6.447231316870356,8.470930269264183,5.680827112749933,7.746236297978903,6.480196256863426,5.145085506948217,-14.569390466369397,6.218070083556834,-14.569390466369397,5.792977237228592,7.4084509812434876,5.280404638280998,-0.6228507688061207,0.2504220670920451,4.933840936091033,8.427230397392895,9.669902393910476,-14.569390466369397,2.1020154774653803,4.958300541007579,-14.569390466369397,5.398214286756845,5.384948053498533,5.639526883809533,0.1939098781252276,-14.569390466369397,-14.569390466369397,-14.569390466369397,4.7678609742633205,7.451912124211809,-14.569390466369397,7.314194048994489,0.9813093857013657,8.274663969027793,-14.569390466369397
-12.18025764971174,6.16321803413429,-12.18025764971174,10.616143637373943,-12.18025764971174,7.214114436622748,12.12623680580204,-12.18025764971174,-12.18025764971174,-12.18025764971174,11.135408076881589,8.957783157773546,4.949438949288695,-12.18025764971174,7.353792627168145,-12.18025764971174,8.676078224326094,-12.18025764971174,-12.18025764971174,7.922404901010484,2.609812925609084,10.781191283211303,3.240683000092288,5.590909969846826,7.86809377689965,4.207101564568533,8.749086960736058,8.766487682913253,10.16743519992134,9.212047084962855,-12.18025764971174,-12.18025764971174,-12.18025764971174,-12.18025764971174,9.197232610768,-12.18025764971174,10.032923552163535,8.398849092690133,10.947648840623451,-12.18025764971174
-15.671269716052889,-3.5164851017662215,7.823027380981033,5.942406835901791,-1.463716394637144,3.369288351911751,7.218177127712894,6.115416370737896,5.535150400665444,2.5339876120042746,5.12962360749812,4.333120793812969,4.544531510920784,-15.671269716052889,5.219939810586923,6.6209432341644625,2.798962816245283,-15.671269716052889,1.1863795360122273,3.563137335849841,6.943519473961269,6.855726979734147,-15.671269716052889,1.0598471251572703,3.3853527399830092,2.8146368221857427,3.5789667126014004,3.662135411908314,5.669675944755107,-15.671269716052889,1.012707821205415,-15.671269716052889,-15.671269716052889,1.0138428950426595,6.2393973726807035,-15.671269716052889,6.562358172457763,2.7331800249526936,6.97252838704653,-0.08760938385124435
-14.470268180537152,5.734761309272041,-14.470268180537152,8.112607344701122,2.2272459416751773,-14.470268180537152,9.295045606588259,6.357772001202507,-14.470268180537152,-14.470268180537152,6.234028882380792,4.23754449206564,5.869700025663222,-14.470268180537152,8.03756969130299,2.730310411034732,5.916475419938075,3.3104269499340364,-14.470268180537152,4.528485541739477,8.781334895453854,9.203852326787448,2.924027936653557,3.7547625885709377,4.824922512111465,4.397147572118729,6.208763598457237,4.096156586111709,7.218508936395818,-14.470268180537152,4.032453282963767,-14.470268180537152,-14.470268180537152,-14.470268180537152,8.238556998373225,2.3883352700281217,8.047071113135326,3.3033853375673696,8.532746986901776,0.6289504267801834
-3.160559975346399,-16.3027279408293,5.447790228605347,5.661442257303128,1.7327314161913419,3.699711148506557,7.014387138333643,4.582639739496564,3.18552152459815,2.3433338573595885,4.042216055290622,0.24779933135992438,3.2318148902809387,1.92933145625642,4.956247334290803,-16.3027279408293,5.298603259733865,-0.8308956936923974,3.3015188007331897,2.3053448250213133,6.1936665513774924,5.824330761736699,-16.3027279408293,0.5385590605574777,3.2973152445510325,-16.3027279408293,3.4476768154000657,3.133183486475314,3.9046327282829774,-16.3027279408293,2.7255965655153975,-16.3027279408293,-16.3027279408293,7.765116247892696,4.227220102913413,-1.9276010235011938,5.994079164760761,5.475685813719279,7.303082994407082,1.2275734773939482
-1.4807040307262544,-2.7492133596655366,-15.543075447871749,7.210931325205823,-0.09245903579304209,1.3334868966055649,7.356450064047976,-15.543075447871749,6.944448471634512,4.367764056484164,6.298768690710394,3.398955349240004,5.433940737757657,-15.543075447871749,7.1736245951375,-15.543075447871749,6.195254388609,-15.543075447871749,5.797843252872203,7.7754286780609325,7.453065478499819,6.589769054755262,3.1731067250261122,1.226824472222606,6.668567399739231,4.974088304844182,-15.543075447871749,3.8381042864461103,5.919075461786107,-15.543075447871749,3.436134785636114,-15.543075447871749,-15.543075447871749,5.956437139264311,6.246258825011102,1.136348866070732,5.465331737368598,5.458579415371853,6.625793212370402,0.7556737862522788
0.3386153280122749,-13.700039581265889,-13.700039581265889,5.84673891153241,-13.700039581265889,-13.700039581265889,7.707882490471664,-13.700039581265889,7.672301374824026,3.1647440645737697,5.526670504769374,4.430422555949895,7.05946174922703,-13.700039581265889,8.301573425524317,-13.700039581265889,6.581055670120024,-13.700039581265889,5.4542102625472575,3.93054247808622,8.615371508416677,9.285229950312903,-13.700039581265889,-13.700039581265889,3.947151251117161,5.021930245943113,5.857030818898374,4.323888010050222,5.339926500031257,4.6006181313619745,-13.700039581265889,-13.700039581265889,0.8855796613573146,10.911885645031582,8.02861152695404,4.845774902267031,6.43530358332981,8.431472892974382,6.253478771071001,5.603002760435593
-0.4933121099053291,-14.32862627555746,-14.32862627555746,4.051857289053653,2.725954853760848,-14.32862627555746,9.24607527677819,-14.32862627555746,7.805719213975126,4.327916800015785,7.884834373015115,5.92607489793517,6.579408122657255,3.4151742799761253,7.04118767609438,-14.32862627555746,1.9507376081033623,4.017546426993385,4.547451951593238,6.919149132034791,8.895221049899723,9.24527958675256,-14.32862627555746,-14.32862627555746,7.107010771007042,4.89888741782136,-14.32862627555746,4.632225285181849,4.859195333506566,-14.32862627555746,3.650599438103268,-14.32862627555746,-14.32862627555746,0.5306886866925437,7.368538606261028,1.495098449026462,7.363875622669035,7.445684937759897,5.791040539299295,8.38576751507032
-16.762633920340367,1.582352990029122,-1.9993335758457418,4.93803279984338,-2.0716542083556124,1.9001298925955135,6.168077415355222,-16.762633920340367,3.8366660577546265,3.2309867150802436,4.8793516963532895,4.861809011076243,3.3349938424979424,0.23922931210886195,6.257976301145505,3.5040892818834215,3.323392369875649,1.589767993565343,0.5593345599465562,5.954297681400672,6.760067028015336,5.979577422084774,-0.856494507696305,2.2008942392116406,4.308616206672317,-16.762633920340367,2.2997428078448547,2.380655719176404,3.573541948300772,-16.762633920340367,3.4746289798972048,-16.762633920340367,-16.762633920340367,-2.1142138046584735,5.420669183483172,-0.5995648081370253,7.165507392398311,2.5053732593052107,5.171366806709081,0.8159355131247233
-0.961382229172521,-15.681111342634898,4.065450058532426,5.831238931204012,-15.681111342634898,-15.681111342634898,8.056037050448595,-15.681111342634898,1.4982408450498375,4.766796172865567,5.9276148162055895,5.938732195283611,4.144243812173257,1.2443526775764213,4.513419451698739,0.7459385894721783,4.543850152745121,2.280703532304972,4.587488639331373,7.272971797971403,4.3877856232895684,4.816507814032317,-15.681111342634898,-15.681111342634898,3.360790847678701,4.616435658706771,-15.681111342634898,0.5018353743637455,6.69728062217607,-1.095492100011695,-15.681111342634898,0.4208550280195486,-3.7627141029120614,7.815080659673459,6.377292394050211,2.024381110326358,5.621920188730515,7.058898486025974,6.55656718655644,5.595769456682677
-0.32594158667939993,-16.32637930665542,4.703083637476728,2.5013652734248235,-0.5479608828178332,-16.32637930665542,8.120237457002323,-16.32637930665542,3.212389505734754,-16.32637930665542,6.311664196809197,4.5393491711902785,0.6075235818269491,-0.6087610730405053,-16.32637930665542,4.226691154480413,3.731004262825265,2.342566785186464,1.2116872559542793,4.630408044575077,5.6465561481639375,6.1544306056690266,1.2991215533202425,2.613690297672264,4.775288719534421,2.8008089744923694,4.010959310026845,3.835398993476051,6.045512463228589,-16.32637930665542,4.013647582408021,-16.32637930665542,0.23190495286094787,3.178611944635544,4.9487523653422265,-0.46575975672571757,6.847647633207869,3.856992485743478,4.914411662748437,4.921372426834535
1.9821435445594704,-14.843987948713627,-0.1955678330317355,-1.8494556700944935,2.9966957304717803,-14.843987948713627,9.93068763523968,-14.843987948713627,3.465314218433529,7.957339728687461,7.004979914415411,6.013450326218816,7.093570262462481,5.007147574536284,-14.843987948713627,-14.843987948713627,3.5887201853319026,2.8416814314351506,4.295751362455291,6.918773376437781,6.666074780327783,5.365163530839182,-14.843987948713627,2.5046250910068792,5.182624570350575,3.008414614376912,-14.843987948713627,1.8285674204689961,5.299120051481456,-14.843987948713627,3.063196959628098,-1.1792991176939156,-14.843987948713627,4.988289341658385,6.380241037892089,4.160694534114508,6.9068129922416235,5.873018339067919,4.5105483622227185,1.9865672428806578
-14.642847329445503,-14.642847329445503,-14.642847329445503,8.980520550094665,3.9315840228876384,-14.642847329445503,8.772454496260474,-14.642847329445503,6.443518765526819,6.6537737614961445,8.642148843390412,7.832672823299714,-14.642847329445503,5.604525571884389,3.6665666132552053,1.7414514389158218,6.34215180448874,5.1939292692901375,4.630161463683329,1.1687232971291108,6.255950400774457,5.282710493674146,3.5287308368512917,4.466570891600203,5.3038462409698415,-14.642847329445503,6.503487750212462,7.3349741541881075,7.355499145483743,-14.642847329445503,4.464660671353687,-14.642847329445503,-14.642847329445503,-0.0480114359647414,7.173877541263272,-14.642847329445503,7.6422678337914745,6.00364544977479,8.795175501106081,1.4037524272191253
-4.0391175342495655,1.814995128632825,-1.7001681436386968,5.541103120109192,1.0679459634848945,-16.545298475926923,7.86957035295994,-16.545298475926923,4.979497984036601,5.002405927699091,4.92781146053033,5.363093681104753,3.5650905563685464,2.140895423374286,2.410295449177695,1.3931441173083197,0.8974820811082694,2.6756334479917507,2.6839987028462424,4.509348087157219,3.7607686845498263,5.836174485213045,1.294849249704539,-16.545298475926923,3.6999960757372445,4.833646292483616,2.150055093481791,4.588705211092871,6.401752723631892,-16.545298475926923,1.8438916112539896,-16.545298475926923,-16.545298475926923,-4.156900106944808,3.4358610041083573,-1.5542142795164828,6.638551433997516,3.596075290609059,4.666927672227977,1.1326246079293973
-2.263411465959579,2.001667791667476,2.0006391614046066,5.963192186115327,1.048552431842103,1.5588445444748564,7.096529540094897,-15.187326343661486,7.752254025835173,0.5910920801761015,5.445358116148498,4.3015762110711115,6.102752179026053,-15.187326343661486,4.666890110117852,-15.187326343661486,5.486633697250229,-3.2043909994650526,5.456495773932062,4.085383910176501,7.472834845311661,8.38371859279606,-15.187326343661486,2.7408597495735467,5.991197437956604,0.8646296116298906,-15.187326343661486,3.038798317976299,5.71104339955975,-15.187326343661486,2.835559813372318,-15.187326343661486,-15.187326343661486,8.483331476513571,6.581685321314411,-15.187326343661486,8.143321854660103,6.1740019912196304,7.003043960091625,5.17185142706972
2.8884764358108526,0.23819376688774427,-15.544429287642576,3.8638204499093853,5.309136477240825,-15.544429287642576,6.915768415828245,-15.544429287642576,6.60881041860027,1.836945301811634,8.106321566241721,1.7962646612112514,7.028850775769579,2.4422325562180442,6.3211594567171545,-15.544429287642576,6.0010671202144765,1.9637037356210685,0.7976096747365654,6.20825594683954,7.067350609369136,7.643693541371152,-15.544429287642576,-15.544429287642576,6.544675620444585,-15.544429287642576,0.8321771356873187,1.0247420463702255,5.230888057124918,-15.544429287642576,6.7566454983967725,-0.07069046259859736,-15.544429287642576,7.6045760043842465,6.465335436987153,-0.9634504224225598,6.7081354163074,6.6128180858103285,4.550090382302727,5.566259879590038
-13.459670814845031,2.4888221702105127,-13.459670814845031,9.008704784919976,3.601941593166685,6.700422919719413,10.793090920439298,-13.459670814845031,6.895440150944617,3.0869552822990256,7.316917756731289,7.613836315120204,4.269860771170141,-13.459670814845031,7.948896506016023,-13.459670814845031,5.149976036898102,-13.459670814845031,1.6855640173009676,3.4238927247644857,10.788990669638036,8.92964386538952,1.210255496807134,1.866561903364712,6.79587678096567,-13.459670814845031,6.458219353035916,5.275017434031798,8.520557731042443,-13.459670814845031,3.52846222536357,-13.459670814845031,-13.459670814845031,-13.459670814845031,8.790109916297203,-13.459670814845031,7.718960789297219,4.658146548197183,7.479053116605771,-0.48812800159659586
-3.1743640715149395,3.066803376995141,-14.949661493230765,6.85098278171585,-0.546363714808971,-14.949661493230765,8.312908423485865,-14.949661493230765,3.0226988479638095,-14.949661493230765,6.657970878418133,5.005733619114936,-0.30559868101921556,-3.1002566488076915,7.049983387633724,2.2845589042349626,1.5226060416236045,-14.949661493230765,2.603994783948554,8.054167729177196,9.120923338164289,7.630803490574014,0.2293866944852264,-14.949661493230765,6.6567270483365295,1.966841893949492,3.6784398496973516,-0.2628571509131176,6.996034753848824,-14.949661493230765,4.9640132327475355,-0.7286851604918825,-14.949661493230765,-1.284972662211053,7.49854536158375,1.1989634597555832,7.499013874580111,3.92215856868996,8.39787503071055,4.808254664178012
-0.11474311178192753,-15.76921489944105,4.08438135490192,5.47937100801317,1.016710175374975,-15.76921489944105,8.980612253509504,-15.76921489944105,6.529230683166933,4.818047922651838,5.67477437432181,4.6568571060270605,6.293196037699916,1.9512940691553922,6.3802100353604345,-15.76921489944105,3.2540863913454556,2.8342872846760896,4.004539459223983,4.52251389251379,5.23867333467098,6.633723616808347,-15.76921489944105,3.219786497789175,5.455304899320065,-15.76921489944105,3.161951416466242,3.801594739131092,6.042693695472654,-15.76921489944105,1.9006895723011739,-0.9829250455307443,-15.76921489944105,3.695481145496589,5.634016623124371,-1.489969696314016,4.130726734411526,3.509830813620391,6.797224110696442,-0.960452198096191
-15.045492729920564,2.3429251339793407,-15.045492729920564,4.600432956570135,0.9639036155971287,-15.045492729920564,7.213827093029539,-15.045492729920564,8.910384564730608,1.3712250077118444,4.9314782843641805,8.22849870792909,-0.14141988244140186,-0.8793245961180166,6.064897719082788,-15.045492729920564,6.240031116075801,2.0790999573477666,2.7967970886017133,5.334084899194465,7.577352066304618,6.8662108652693545,3.7917908731432486,0.9147789529402004,3.3110760792266745,3.791395225267304,-15.045492729920564,2.940860376677782,4.570745511781743,-15.045492729920564,4.183759900462102,-15.045492729920564,-15.045492729920564,6.350921641589203,5.967168711293085,0.09443705140292442,8.439932002285689,5.468581770562322,8.308779543642446,2.7748023317813844
-4.044732888941551,-0.6305784650168152,-17.08371683131751,3.3324122467025123,-0.8496174155556923,-17.08371683131751,7.434684199590387,4.495146613765419,5.742218673550075,3.3297576489521608,5.561362578860776,3.622321460979653,4.077584558304859,0.8888000656479285,2.048736562225701,-4.472175744351393,2.7910337401714354,1.5634618397348496,1.854268508459808,1.2172790809602922,3.4325002368760247,3.744647487858968,1.022253181493786,2.713990462457108,3.640778250797391,-17.08371683131751,-17.08371683131751,4.2088095620379224,5.435806676262644,3.2652191279054654,0.2466173981368284,1.8332442710467205,2.1356415989035007,2.150557250703293,3.0392544439062283,-17.08371683131751,4.361929693294656,0.9957404206548326,5.128474411011359,0.10115641920046343
-15.071720987174638,2.4954090782044474,-15.071720987174638,3.8133853639943607,2.447557662027864,-15.071720987174638,8.656274029566573,-15.071720987174638,7.045363333801995,-15.071720987174638,6.396154810830686,7.1634934099490595,5.6789946344527955,1.6485025007209688,5.202362937785365,1.987162906290229,5.210804835126326,1.7228842540294427,-1.85404561178582,4.292748921245196,7.149344807032825,7.238755558201656,-15.071720987174638,3.723415684888179,5.364982151919749,-15.071720987174638,2.420090268013167,6.065626066380916,5.366499299970944,-15.071720987174638,2.4443505543870705,-2.6425007903382554,-15.071720987174638,9.441536257192737,6.86909506280735,-0.43203454764762034,6.618475462985661,4.282658097237888,5.53597686021345,4.292165025086541
-16.43871918598553,0.9879795453965322,-0.4633397218885589,4.25392248244817,-3.7626397862145042,-16.43871918598553,6.248970081196687,2.5924334072888175,1.0969272399739098,3.132153769773883,3.908149935057088,1.6311266847123134,3.0927329607518024,-0.1441523080891386,5.89204668712508,2.8778863079704164,4.388654383113049,-0.41823625364063416,-2.492179488422255,2.109474887068611,6.518180300288402,6.372446073834833,-16.43871918598553,-0.6298696491550595,2.391617877332251,-16.43871918598553,2.7277011933897835,2.042209647727501,5.63537444356001,4.307784548405089,1.71877697012611,-16.43871918598553,-16.43871918598553,8.219853863026557,4.998809322614454,1.3247605234742037,4.993808293831412,3.19663688839397,5.133637189682518,4.74867681575984
-13.658937681378783,4.821520276029187,4.218222073190045,9.731800082516806,1.8882285987349752,-13.658937681378783,10.313892241724512,-13.658937681378783,4.2807998294654555,7.05500482911611,7.096679173420121,7.7094031646646775,-13.658937681378783,5.705843498977298,7.092089227325639,0.9173791729088612,6.7013045313386215,6.633606777581665,5.2875361193722235,8.888175588631333,8.961082573792158,7.5594206609541335,-13.658937681378783,-13.658937681378783,5.7019065627649335,0.07319235460237064,-13.658937681378783,4.398475017545419,8.987551464985128,-13.658937681378783,-13.658937681378783,0.4417525706985696,-13.658937681378783,-13.658937681378783,6.240365892156902,-13.658937681378783,8.011714372846756,4.48440729537204,7.72913758861019,2.9767606372193045
2.3092284238765646,-13.713457152288091,10.767958105221519,7.512569878747085,2.915664162426885,-13.713457152288091,8.515300636257784,-13.713457152288091,9.663017550196638,-13.713457152288091,6.491941663337195,7.559073947965154,-13.713457152288091,3.2034961786365415,3.220003356202209,-13.713457152288091,3.868588127487806,7.619052381539321,3.9276467049114347,5.85560969072194,7.173838972328738,5.652956618022333,4.028570876966982,-13.713457152288091,5.352702483766831,5.3458617920039355,6.858660161678427,6.1369365755454615,7.61522786842708,-13.713457152288091,3.987321694337825,-13.713457152288091,-13.713457152288091,1.8633538392408195,3.770475043404435,-13.713457152288091,9.912867948072279,4.9887869906539075,8.444774155479987,-13.713457152288091
-1.6502931582505476,2.022514413375318,1.3130343168247687,7.743550196372568,-15.094741484098302,3.8010548072041073,8.742583958391245,2.3070619669056383,2.932748527438297,5.5031538561978115,6.800263180150152,4.325688401398018,4.99349512750989,-1.6359044415023518,1.940844219261712,-15.094741484098302,4.14258644081873,-15.094741484098302,0.7330019995421889,5.7065403937577,6.509577468910257,6.552612605287905,-15.094741484098302,4.76622452591116,5.46054347639153,-15.094741484098302,8.559499948190005,5.612598203313904,6.948759036725563,-15.094741484098302,-15.094741484098302,3.253906067701142,-15.094741484098302,8.655737851497346,5.462670457941721,-15.094741484098302,4.367310781879561,3.290312092573607,4.971998357671892,1.718998277493861
-2.8857437332042837,3.0944241573511087,0.5769057455214859,5.052294022548887,0.23990357602786236,2.5851642042329903,6.664826191549084,3.374469688068659,3.9531059951150205,2.854071120659813,4.530223194967856,1.5901508856541877,3.91777645292165,-4.845834221489158,4.0881809541162495,-17.051911867006833,3.528487715319212,-17.051911867006833,5.210523912794571,0.7978393468089529,6.732254878614497,6.7365903843067505,1.1229962203570514,1.7533507809446263,4.435304382760748,-2.0424785375398655,2.372997227048764,2.6193294247491443,4.341606046933901,-17.051911867006833,0.8576098809505296,-17.051911867006833,-17.051911867006833,-1.6189950285466013,5.810761092904574,-3.8903258533741476,3.4411354512122814,2.541529616233816,4.798832264610651,0.9202918939033332
-13.246122976230247,3.8435089186783187,2.8456288020578695,4.620128523883466,-0.322208098528341,-13.246122976230247,7.612206829221092,0.768239260150987,6.884456212278694,4.875477663804144,8.59217952812632,4.183812876855415,6.399861445686568,3.0757295938081572,7.137128359075507,-13.246122976230247,6.382891054311964,3.620554609479807,2.714148706630517,11.936311654394176,8.04394987313298,6.384383413705782,-13.246122976230247,-13.246122976230247,6.842547568992092,-13.246122976230247,1.591838869148738,3.498980106202275,3.8033490834213706,-13.246122976230247,2.002088554331529,-13.246122976230247,-13.246122976230247,-13.246122976230247,4.63430335042975,-13.246122976230247,8.718079024885583,5.721348817708759,7.103699540083466,2.192728596575758
-15.716881665442575,0.13202662659017178,0.3210880493788156,6.7013059617444695,0.17556742929669134,2.6408592893855434,7.38267129721934,4.118850952478007,1.4240245967258598,4.667422841057221,5.732322788272567,5.526343952153518,5.194563538610416,-15.716881665442575,4.519877108265645,-0.31009696200590486,5.513454754520588,-15.716881665442575,4.942709278398862,4.801964235414542,7.239457329856671,6.467020406223943,-15.716881665442575,2.0955443833400285,3.85620486993805,-0.864633867918413,3.7850278149588044,3.4347236282184017,4.684303873709598,-15.716881665442575,2.1196856769079697,-15.716881665442575,-15.716881665442575,7.889560661041654,6.915061116862646,-15.716881665442575,5.569957831577058,3.3534122622684848,4.467176221560197,1.2375953774891528
-2.0271408503693324,-0.503281691369864,4.821737765391237,6.000019240024798,-16.99638331168016,-0.8772880604886614,6.764348697477506,-16.99638331168016,1.2929351254791874,2.617765254984676,3.087200281271135,2.5504924652686904,0.8743844371291909,1.1823532642315095,2.3135046998464333,2.8857224590236683,2.230237444773952,-1.2349624618034394,1.5231468053731663,3.7416134908516225,5.038469504122069,5.508975423545822,-2.880767420525081,1.0687647071816568,2.7220610837099515,-16.99638331168016,3.2912725947852826,2.5749643952379397,3.5671479523181753,-16.99638331168016,-0.6993049215813631,0.4816627507257998,-16.99638331168016,6.897014644927786,4.064917826094458,-1.7747755202018056,4.740615707856675,3.2736180135982327,5.134018190002634,4.730473259507058
-15.5027868033532,2.200658984997736,-0.283633000234206,5.46794830171196,-15.5027868033532,3.9749895525389776,8.571134417556225,6.629742572066155,4.388759205466593,4.583485319527186,6.211264805929057,6.359996513640622,4.945607884384809,0.3019671651716583,3.73930240550124,-15.5027868033532,4.594074195845935,2.326761703506272,0.6707436491005959,3.993646938531602,1.5560970901116684,5.790622072777051,-15.5027868033532,1.5985103221730503,3.923037689602241,-15.5027868033532,3.1660812701549452,3.8580574407905175,8.44233281996921,-15.5027868033532,1.7930403715234884,2.603320186375823,-15.5027868033532,4.049457332632248,6.099885840313064,-15.5027868033532,4.963080421143455,2.636723965009396,5.408650116004531,-0.5430531269974762
-14.155858402845524,-14.155858402845524,6.316944073416334,9.054102483831288,3.9115701186825125,7.112669267167694,10.42749272704347,-14.155858402845524,5.963076668968062,6.664488772658932,6.3224527410501254,4.521013754207189,4.896997969989646,-14.155858402845524,7.4072705829568255,-14.155858402845524,5.7859098007530045,0.5759432869928243,-14.155858402845524,6.840178894578179,7.723470686719395,8.312082284065571,-14.155858402845524,2.6233776841638785,4.757076585399865,-14.155858402845524,6.228179405169738,5.774042051274853,8.160644824066544,-14.155858402845524,4.055828225221428,-14.155858402845524,-14.155858402845524,-14.155858402845524,7.429917570712496,4.458166269424515,7.481223105939392,5.6985726457671575,8.42254381271299,2.9450645412123433
3.1252438443812354,1.7734218977113094,5.235067312846807,5.560947511223199,-0.02980953902906235,2.1558843714268754,5.360053649991062,3.1653897027917397,-17.945978037833804,1.8367812185406116,4.760612085527819,2.76680302648087,1.7694024788171765,-17.945978037833804,1.7204410625542483,-17.945978037833804,2.18023231289493,1.784871679546705,3.0748187128617244,4.882136332421628,3.3310981974789935,2.6891776379534162,-0.27798216593066527,1.5265378067207034,3.405096138897972,-3.0657563980495754,2.0611585442072338,1.8511739808143677,4.120110826236731,-17.945978037833804,-1.0417002947902647,0.0365077888865476,0.2455410950542409,-2.1303396095914318,1.3194974405841013,-3.745204398807008,5.4526123087375895,1.3536238146750188,4.904723950616227,-1.3742621733478737
4.7341629511990595,-13.942399560397623,4.776458000520865,3.1176546081697825,-1.1211385730781664,-13.942399560397623,6.923354933708216,-13.942399560397623,8.077987835846063,5.200307328522734,9.839661138884724,7.397315981776086,7.709267381338297,2.8321793386162684,-13.942399560397623,-13.942399560397623,7.460416435659546,6.555319841871274,4.347146926931149,8.929731263788586,10.008070523667403,6.667719975728722,-13.942399560397623,6.155807560489727,8.957839392657947,-13.942399560397623,-13.942399560397623,-13.942399560397623,4.895015890513094,-13.942399560397623,5.413275904148548,-13.942399560397623,-13.942399560397623,0.5511450479306315,6.833989895819323,4.659602248356787,7.264193255109673,9.585312128784768,4.476780067443497,5.060217440366838
-17.641272349718093,0.7377527293907924,2.461985239884056,5.5579064818205275,-1.0500528798725022,-0.36284232012553075,5.969054214206371,3.8243593120517474,5.164374454685207,3.523597642595358,5.000160912691093,2.514191787703661,4.417652232642612,-17.641272349718093,1.687223311661429,-17.641272349718093,3.1945093431718763,0.17865808117515758,-0.6181491187112573,3.553751826694217,4.724007006187896,5.1208317605957845,-17.641272349718093,0.6704859981608418,2.785687671630004,0.7807075599529074,2.2702204181612964,-0.11953367473524727,2.4242906695319184,-17.641272349718093,2.3821841658081895,4.052025914089552,1.2345521669165496,2.696095686083615,3.3958110340153755,0.5206376782302773,3.1234616738814567,1.8474927479700842,4.928293223875304,-0.3850232034301208
0.055755457735898954,3.243751341357852,-15.850383954908162,3.9486849811128404,1.4491321265898407,3.0203527868561677,6.161585465040302,-15.850383954908162,7.224707514053461,1.4664709634800213,5.5884801409242355,5.439104369592194,5.724318310014039,-15.850383954908162,4.854779010358663,-15.850383954908162,6.668558668716364,2.637113971435183,5.325561310786703,1.1335509264980497,5.890811814417925,7.240507245366432,-1.382547690071,1.445135195949704,4.265178185131981,-15.850383954908162,2.6322381999837665,2.881304694126562,5.788080017646429,4.058177053176415,1.5130183926543326,-2.545697354044601,-15.850383954908162,6.762087127998707,3.534767979254959,-15.850383954908162,7.884650877278496,5.411530822962356,7.481921732880965,-15.850383954908162
4.527783673229884,-11.465882012600535,-11.465882012600535,7.657153397616862,-11.465882012600535,-11.465882012600535,13.491931680822919,-11.465882012600535,9.336952574488516,9.277000160761576,11.017346422228082,10.821761607582596,8.537029875402874,9.658285201792495,7.703144077108026,-11.465882012600535,8.518737061807666,7.658786940035738,8.355094614572774,9.665598482973182,-11.465882012600535,-11.465882012600535,-11.465882012600535,-11.465882012600535,9.923822487256055,-11.465882012600535,-11.465882012600535,3.0867930898092433,11.243714516058999,-11.465882012600535,-11.465882012600535,7.930640571621259,-11.465882012600535,2.686101496270411,8.651514653725835,-11.465882012600535,-11.465882012600535,8.43328478074102,9.131956647671368,7.605560200631822
-10.607891690122406,-10.607891690122406,-10.607891690122406,6.534451870121803,5.926279314019152,-10.607891690122406,14.388979893242816,-10.607891690122406,12.908306404025877,9.40126887371494,9.542637659491374,5.7220844007775575,-10.607891690122406,5.55038584653022,-10.607891690122406,-10.607891690122406,8.481592316123601,8.574809103343506,-10.607891690122406,9.239121104383264,6.983593051721495,6.450601807100548,-10.607891690122406,-10.607891690122406,6.9646241743569774,-10.607891690122406,-10.607891690122406,-10.607891690122406,12.112037158681451,-10.607891690122406,5.777938471989089,-10.607891690122406,-10.607891690122406,5.546535986515314,4.611262112996587,5.6288755793633545,7.004006552122817,10.062015564354379,7.157130336945116,5.76562115015975
-0.641127301261518,2.3112225036220946,7.694059736317139,5.4254146533629335,-0.12348400630255374,-0.3115775600799102,6.025488767062157,-16.06005790054155,5.550387006467285,1.0363639108043592,6.980182995520249,5.417755908542365,5.18887094041629,2.962641096036707,4.264862425212227,-16.06005790054155,3.1732405283838756,2.1930322630413763,7.1048138277163835,6.108652892556113,5.57508494250623,4.366108325820657,-16.06005790054155,3.344310511010316,4.760361870902942,-16.06005790054155,-16.06005790054155,3.9975202706868918,5.416805606444613,-16.06005790054155,-16.06005790054155,4.6061083454230465,0.920083509668255,2.7112797220662355,3.9633382120975766,-0.2972094988774377,7.7120002927037605,5.257065028369785,5.786805478091985,-16.06005790054155
1.884975074972184,4.9677466359655345,0.14232557333923468,-14.814218308665868,3.82100914744426,-14.814218308665868,6.088138874390242,-14.814218308665868,7.941527171126151,6.544162973118914,5.672628751033009,4.554871800915679,5.786755593925996,2.578122227567925,6.254387473863379,-14.814218308665868,4.724321644586854,5.148327897671592,2.4898898517850716,6.404536139645569,7.933418915497093,9.24746768129847,-14.814218308665868,-14.814218308665868,5.425464111280161,-14.814218308665868,-14.814218308665868,3.5651194821742096,4.813420781443856,-14.814218308665868,2.354349290609891,0.3545470147379959,-14.814218308665868,7.384885474539009,8.52416412336177,2.0702750310603903,5.49193990990587,5.419787684060221,9.145379307631407,1.4082374477067805
-15.869012003173294,-1.7834735446374734,-1.8066405860278003,7.66892096097889,1.0501880147333649,4.32833149421972,8.369537054534936,6.151028219727726,4.182652859591524,4.687466987307733,5.442734702659881,5.305399515010152,3.8965419722038996,3.865096669100814,4.931788785191229,5.609671340529001,3.016471374515333,-15.869012003173294,-0.21613130549325732,4.064133092958316,6.955215889204527,6.085142144375928,-15.869012003173294,1.1800659678188028,4.693063434329528,-15.869012003173294,3.725883126031348,2.9199856601707084,5.952689440500558,-15.869012003173294,3.275248133309349,-15.869012003173294,-15.869012003173294,-1.2337211731871722,4.972116867118489,-15.869012003173294,6.347793683098298,3.858892840621125,7.077735111637713,2.37826729325311
-14.483936847757006,3.906078492195879,-14.483936847757006,7.350215639062171,0.5254964817099601,2.700936402760967,9.455899759499404,-14.483936847757006,5.873685376709354,6.868529473981925,7.291024358419109,6.634615807803805,5.471221167518401,1.6539615285367046,4.671224945045826,-14.483936847757006,4.65492509935133,3.5216829095583795,0.014671059964089767,5.908057208127845,8.453561442575861,6.659019107718559,-14.483936847757006,2.2455535361483587,5.085637303674106,-14.483936847757006,3.191671663836431,5.196028413090938,5.759646673807735,-14.483936847757006,1.688647083182349,3.5207738186004534,-14.483936847757006,-14.483936847757006,7.390780377189412,-14.483936847757006,7.315838808290351,4.149998722838702,6.479691441479212,1.2002943748924275
0.2886819379041089,-14.239778918112249,2.675373421861872,6.50016703006882,3.4004523387019057,-14.239778918112249,9.964416806246827,1.7927589534168806,6.799916785866166,4.390433157844107,8.889044578694431,8.568213221656876,7.863604744621175,6.771346476284549,-14.239778918112249,-14.239778918112249,6.005596270259274,5.899337632442793,5.978079922752691,5.293384149314508,4.04485299283422,2.3809086121810243,-14.239778918112249,4.960822859766523,7.018394237496355,-14.239778918112249,1.8185668345974042,5.219516383029977,6.713836445432955,-14.239778918112249,3.9732624733695645,4.871345359839284,-14.239778918112249,-14.239778918112249,4.405164758413293,-14.239778918112249,-14.239778918112249,5.723900747855038,6.6124252804975,7.813763685984529
2.4503839754144456,-15.38492719810795,2.3258670616177755,5.00342518807906,1.6173491721115356,-15.38492719810795,6.686692267540107,3.3033349542414734,7.556584055506471,6.352503533791656,7.220908786492021,6.712426300671954,7.284098776785528,2.8889921760297868,-15.38492719810795,-15.38492719810795,6.86855150943585,4.552330279421846,3.7400384757594365,9.123106741797603,3.5869914859840275,2.5738768196807844,-15.38492719810795,3.5719544817912974,5.083059218785003,5.178463272047701,0.2806118944410464,1.8719625631718033,4.852303185505546,-15.38492719810795,-15.38492719810795,4.4656101459828665,-15.38492719810795,-15.38492719810795,4.198310432437617,-0.7107545973774341,6.285317632350418,4.92988908319382,6.210602245661416,2.399553664619097
-14.059461235359548,-14.059461235359548,-14.059461235359548,5.311525122920479,6.820697233966915,-14.059461235359548,8.366098776522419,-14.059461235359548,9.254604625113602,7.233664878521131,8.620000244699535,6.567635053731568,7.309388365739555,5.069993949960932,8.56113806383483,9.361235281378574,7.195567503395225,5.489164039859191,4.354094193721736,2.35725650227286,-14.059461235359548,8.317846786891945,-14.059461235359548,-14.059461235359548,6.764002816368622,6.73385291683038,-14.059461235359548,3.631615811764841,6.552124158302372,-14.059461235359548,-14.059461235359548,1.3793903374464571,-14.059461235359548,1.1195869523564435,5.770131162022208,1.2006128276976211,9.305096575452358,7.878429470987955,5.625741640606539,2.563039531948311
2.2164182176315417,-13.314690628451322,-13.314690628451322,6.613838174387369,5.729680036405398,-13.314690628451322,9.943943640472671,-13.314690628451322,8.727588625069554,5.242267742519594,7.872981954997243,7.777860309839724,7.004014692619973,3.9485828121391626,5.53751276442369,-13.314690628451322,7.377290919487101,5.329053671615722,3.275281958517443,11.185294050892253,9.92224017849297,9.070833249302272,-13.314690628451322,-13.314690628451322,5.661942062618404,-13.314690628451322,-13.314690628451322,1.2847219299622614,5.115148063194647,-13.314690628451322,2.843586908201304,-13.314690628451322,-13.314690628451322,-13.314690628451322,5.117325635052073,3.444732506996439,7.386452292429687,9.354258189035303,9.057199218291043,7.05092836527236
3.1326089593738926,-12.481305776100005,-12.481305776100005,2.634396716410275,5.205405813605493,-12.481305776100005,10.665666610850828,-12.481305776100005,-12.481305776100005,-12.481305776100005,11.91545020466374,8.534913217443036,-12.481305776100005,9.109782977011282,8.18111604102649,-12.481305776100005,9.444791214036611,5.633528938350641,5.542175619037753,9.68878962825587,10.540588336051664,10.531787115163047,-12.481305776100005,-12.481305776100005,9.755003806394413,-12.481305776100005,-12.481305776100005,-12.481305776100005,8.501466399948269,-12.481305776100005,9.335023650919288,4.263797306332517,-12.481305776100005,1.9219920023217891,6.565045988636416,3.9022264150498893,9.985126096727251,8.608150588377132,7.497224807719249,6.123528187793369
-15.447533704953992,1.7567642483453327,4.94430713798567,6.499819280025925,-0.006711688548953642,1.1670858459237288,8.018141891044976,3.946233900651086,2.9352374763115257,2.695151249340819,5.136389602801253,5.80854622823578,4.08674646075848,-15.447533704953992,6.707754832056164,2.877186658859616,4.505639112340793,-0.9745026259383436,-15.447533704953992,5.54649182601105,8.453161600842284,7.481656533761981,1.3981106015907825,-1.5009940073907169,5.478958650282363,-15.447533704953992,-15.447533704953992,0.1828017580357687,5.800880691637062,-15.447533704953992,3.1725715118840108,-0.58821874270399,-15.447533704953992,-0.6167921049418852,6.338931382782121,-15.447533704953992,7.774221122835895,3.6705850059540666,7.691911946420576,3.1922022524367497
0.041693094816536706,-0.7811852432071054,-15.929062084117922,-2.3366938274686393,1.4981768957770036,-15.929062084117922,7.876287560769686,-15.929062084117922,6.875797975951132,3.5176244163158183,7.177638612444061,4.820446384006945,4.0909658335786565,2.6551820521909355,-15.929062084117922,0.287973605275007,5.564904392066189,3.0408954757483584,1.6575989434186404,2.297062577519862,6.601395201021503,8.321507949722344,2.0126146645360645,4.853688903105504,5.739455050172171,-15.929062084117922,-15.929062084117922,4.342511444924974,5.203428452141967,-15.929062084117922,4.13086777178143,2.1913240628343837,0.06573546361806926,0.6696062092782841,6.1376375849549865,0.26876862719535,0.7906136086693714,5.088767095688648,3.2261956549546116,3.5749480950227026
-14.776089130179571,3.6362569870664316,0.47212240038220576,8.184733558836818,0.11783134927128996,2.4305685072633905,8.943914474691894,-14.776089130179571,5.364120835792054,6.1899424777322,6.679246479604147,7.3103534021724235,4.153575548670474,-14.776089130179571,7.109905552870859,0.08322583207043201,5.408911368955101,1.9885861179058049,-14.776089130179571,4.025764036142515,8.78944073430764,8.118373252573715,2.40637240521292,2.51819697493739,5.457606903899552,-14.776089130179571,-14.776089130179571,4.843712670382297,8.042519894569729,-14.776089130179571,3.3899574082671107,-14.776089130179571,-14.776089130179571,-14.776089130179571,6.2800281110793685,0.6976496948644081,7.262809841451435,4.310778617886592,8.679141331635204,4.865244531300304
1.16282890203867,-14.589983574536525,1.4115783725253865,5.128132996783794,0.8269329257774674,-14.589983574536525,9.573734972042889,-14.589983574536525,8.898953992382907,6.340849125372436,6.213451116895809,-1.302104063740806,6.599321795623671,1.4673000432949563,5.1974263775902845,1.6503297976416142,5.221481438297383,2.896497042449885,0.040892239189720805,5.832028511279562,7.97790928638548,7.044085968453475,-14.589983574536525,-14.589983574536525,4.843606319522587,4.475546569815449,-14.589983574536525,1.0272369485254595,6.9158221494673615,-14.589983574536525,2.538621519938279,-14.589983574536525,-14.589983574536525,0.525718917973754,3.343262514721766,1.6059987075857989,6.637433663620765,7.623614515130895,4.783088370772891,4.808271133469121
-15.618175975515829,1.6853211247453384,-0.6363941688831989,7.194590639048064,-1.2838710288984692,-15.618175975515829,8.938887506829799,-15.618175975515829,5.723368011613143,5.580516261466328,6.198662807581004,4.600246310998865,5.0529014307385705,3.389290938566189,4.127801003152087,-15.618175975515829,5.356517617400774,-15.618175975515829,3.607640455414802,3.666406873634112,4.655907949444175,6.65046274082726,-15.618175975515829,2.5615790600507937,4.928627109472598,2.0538448990879816,-15.618175975515829,4.994337056812518,7.123209038060592,6.1588407585352964,2.76511438959896,1.1480695423729546,-15.618175975515829,0.6805732586081992,-1.0279377891697996,-0.353396022528519,6.440572391451396,3.37596711168621,7.317295001165488,2.2704555252430936
-14.529131315624019,-14.529131315624019,4.717871692417266,-14.529131315624019,3.4165734735358075,-14.529131315624019,8.307769738793004,-14.529131315624019,7.221243647858793,5.512500807697442,7.923197327883017,7.45774699224971,5.827539104670446,5.316800046963131,-14.529131315624019,2.424912357872253,1.9139422647841104,4.218404143066484,3.1588294934559014,7.608484127966976,3.349405138501832,2.6835686360720725,-14.529131315624019,-14.529131315624019,6.866742203673458,2.679880450958802,3.6026666486493983,-14.529131315624019,5.37324487648401,2.395440245844105,4.121708322480534,0.7882321668115418,-14.529131315624019,0.8632941696803437,8.821923602084087,1.7771023602997327,8.532961857864269,5.723938875242603,4.533666443037285,8.151721939341803
-15.255072163538058,-15.255072163538058,-15.255072163538058,6.389993204348055,0.3387750122410344,4.513395976202328,9.25168897544765,0.08649491531254555,1.7191395387392288,5.257966348594647,5.5464409249840445,4.810432943449129,1.2338972197719165,0.8284321461703054,3.055458848077772,-15.255072163538058,1.9029468150878701,4.175098177563294,-0.944864753981766,3.4889955847238014,8.50222460058205,7.980354692416159,2.494418586772046,2.003736984066098,5.747225944708979,3.2638236369758014,-15.255072163538058,4.2047185374710025,6.272564647418932,-15.255072163538058,3.0973297503676505,2.722908801264965,-15.255072163538058,1.9407525992087058,6.217135004763361,-15.255072163538058,3.257002017970103,3.752617170472465,6.621414089977734,2.3080583671365376
-15.88897602172112,4.9973096201140415,-15.88897602172112,5.335465023764925,2.2777153036375157,-15.88897602172112,6.82270785130799,4.36281310312557,5.5306717587935506,3.773464523006594,6.709395759595212,3.853967103233331,5.761512574544656,-15.88897602172112,6.06578828870779,-15.88897602172112,6.711907357907939,3.0182581511689306,3.315423605542622,6.7132967448369865,7.689439609913613,7.265945993533377,2.93810273504846,4.30855358041525,4.781996021557842,-15.88897602172112,2.7078405283231546,2.3862164270486814,3.2568833784642344,-15.88897602172112,5.240860978761904,-15.88897602172112,-0.004074131667893573,0.9576340018969831,6.575986811417141,-15.88897602172112,6.125690909895405,5.842171090717321,7.349779823205148,0.32805966767180894
-0.5876616207355521,1.4689938703697754,0.5964446310856273,6.148191675084024,-1.997927628937513,1.9280061903126695,6.640145858257566,3.032454716073991,1.8130383470873428,4.3027338643202535,3.2386261262316927,1.6794936182842841,2.7660114310626525,-16.676328563989667,2.7589304766463525,7.115388733366289,2.669761217445075,-16.676328563989667,1.851231550576136,2.6025051993463553,4.206160779357528,5.1631504207289876,-16.676328563989667,-0.024081405345213674,1.7040508936004177,-16.676328563989667,2.251049299169732,1.8719535333584632,4.172547375715217,4.057224181814647,-16.676328563989667,-0.6547437032800377,-16.676328563989667,7.285794924789396,4.6941190464865805,2.8738169353456358,4.875174631042024,3.0266739534735367,5.485539413937239,1.0431728478667799
-13.892084531567045,3.2200033959389027,4.063062593739676,8.117318258115947,4.246896224864896,-13.892084531567045,10.709879765066367,-13.892084531567045,-13.892084531567045,7.2383050378759615,8.88464584762519,6.598151547418486,6.7043133779056445,-0.3776777150362551,8.11180399160308,-13.892084531567045,6.8950195823407,5.251156558368691,3.7329732623943475,2.77123822784561,7.212667879898718,8.061143442458855,2.8804175236098395,4.618802489408895,7.199553568842098,-13.892084531567045,-13.892084531567045,6.526122462220593,8.256061563054882,-13.892084531567045,-13.892084531567045,4.933527851557565,-13.892084531567045,2.8720667448282686,7.634298860302466,-13.892084531567045,9.024098843055631,4.7189686156354975,6.600194577863972,-13.892084531567045
-1.282606178307308,1.1998485888001262,5.17991600609869,4.6641491581458006,1.4595829221583592,-0.619743841255712,5.5153420963306194,-17.516705594069126,3.760341903051492,3.8697429394329674,4.615004963652927,3.1877341396462415,3.2751530352766047,1.6481480937975006,3.192167158604145,-1.8340187730325481,3.9508472065175244,2.800875112065902,4.118164008465143,3.2847057683459044,3.2430946598193806,4.545183688497703,-1.9589758373055985,1.2154958191381882,3.0466262061343943,-17.516705594069126,-17.516705594069126,-0.1836971690729447,2.078467651976426,3.919098201719562,-1.778407158271572,4.827365303984204,-17.516705594069126,3.1237871454966477,2.0000843116749194,-17.516705594069126,6.774963287485834,3.228047725497451,4.4955283936432275,-2.978488567866586
-0.8209271203819293,1.1933800979713598,-15.442913990641623,7.8787047340884175,-15.442913990641623,3.5351514885837356,7.9871352454187425,-15.442913990641623,2.82181446322456,1.8608886863887488,5.239081835815364,5.521123113273268,4.911734447135823,-0.23115849317956877,5.1747913117556275,-15.442913990641623,5.050385070901011,-15.442913990641623,4.457779120580733,5.622095877565629,7.481285093681398,8.005217865751089,-0.6049521452626383,1.3638187356247713,5.068358402111403,-15.442913990641623,4.817379441562974,2.94524357193576,7.222870536717294,-15.442913990641623,4.910967914214415,-15.442913990641623,-15.442913990641623,6.89091112996709,7.131808448697957,1.4645477440304442,5.468903953677536,5.360031412050275,5.068840380455829,6.189013551417515
-15.818336708448005,3.7846232288108332,6.483454122495312,5.4716850795479886,2.2221079960682704,-15.818336708448005,7.090095744488988,-15.818336708448005,7.5958297798477235,3.7518078574979703,4.908811583008754,3.211674735408342,5.490385302693162,0.5766328920605013,3.767555224395529,-15.818336708448005,4.692836788232474,2.3059575358723325,-0.07857735222420556,6.1616328935592035,6.185254455795286,4.9115372477060655,4.469798313979651,3.849318859248568,5.470600828611456,-15.818336708448005,4.748719665330367,3.544731275996755,1.95588960202401,-15.818336708448005,0.5528496478322257,-15.818336708448005,-15.818336708448005,-0.1606903154520158,5.64945360039306,-0.7026342159377246,7.730481436970715,3.880134058219239,8.349527895222963,-1.324792100119749
-14.114785946440824,-14.114785946440824,1.074440443601005,7.015676832124023,5.667640288272151,-14.114785946440824,8.545875320724923,-14.114785946440824,7.874424174216196,5.3035074222452,7.55800808731863,6.207016765270729,-14.114785946440824,4.276363005205225,4.510140919873904,8.5640022653139,3.9563373355260696,6.47920229592562,3.913296569918433,5.406870960027051,6.838940606754237,10.441204894252841,3.7551148755845714,-14.114785946440824,6.72953755958161,-14.114785946440824,-14.114785946440824,3.987203551938681,7.274538465888528,-14.114785946440824,5.962922155445605,-14.114785946440824,-14.114785946440824,-14.114785946440824,8.467234236713788,1.6117476495073055,8.90584035898714,4.8716630544208925,8.155427316692863,6.023253945958742
-17.154316987099403,0.5742160966061213,0.12097430806257924,5.3064087561766735,-1.6882263814312912,2.40685348606217,6.497354184958829,3.9433428801544843,7.110931707894629,2.4127180446844267,3.187131908109496,4.988827879348706,2.0850416642702614,2.1151034387443786,2.5559544704932526,-17.154316987099403,1.9801465559108595,-4.333055999779945,2.8475667923295545,4.325183499746641,6.028489827342849,4.830966009067864,-17.154316987099403,1.0007040814785861,3.302793409244446,-0.7753966408175846,1.737554187820851,2.8581263796427203,3.4488017731713363,-17.154316987099403,-1.5110363616123486,-2.6506712878862904,-2.536804395232708,-4.306387823821349,2.5911284018383536,-3.4896281560796902,2.8811871435526593,2.7913542773856754,5.2647240789931455,0.7148897519672612
-0.2022816268629644,-14.41656897592532,-14.41656897592532,1.2536760069229074,4.804183245401466,-14.41656897592532,8.454035340655379,-14.41656897592532,8.064616845785187,-14.41656897592532,8.59206254743149,7.246868168946342,7.825522740276319,5.596871369441969,-14.41656897592532,4.408843280453017,7.099811541486503,4.170811952382576,5.532968496668696,4.806247878082522,7.565600934557186,7.032020773760425,-14.41656897592532,4.106036396779946,5.568426785731497,9.635959906506184,-14.41656897592532,0.6770940630906341,5.904292066871601,-14.41656897592532,3.0765073015370663,-14.41656897592532,-14.41656897592532,5.975299725659539,5.078294746187747,1.4569042197555777,2.9662182426262773,8.493190736539466,5.9390476350414865,7.453127413462445
7.02400612561287,-9.669016130792581,-9.669016130792581,-9.669016130792581,-9.669016130792581,-9.669016130792581,15.097764200033504,-9.669016130792581,6.890555130105615,-9.669016130792581,12.74263372539908,11.747116848006595,2.106281290923244,10.257496028523441,-9.669016130792581,-9.669016130792581,5.255057376725919,7.00697960855864,9.9811589576402,14.382622957886603,6.251847472438701,8.423299439319427,-9.669016130792581,-9.669016130792581,5.3761352706438235,6.539833974758398,-9.669016130792581,-9.669016130792581,4.204764278691449,-9.669016130792581,-9.669016130792581,5.161725469219525,-9.669016130792581,-9.669016130792581,5.530285908699999,-9.669016130792581,3.635670470070979,9.703283881948385,4.393355286352913,12.330416652707319
-15.142435545693129,3.2106085602431893,7.150732881257792,6.490011812870193,1.6552153829899046,4.8138643296429136,7.918861675628045,-15.142435545693129,6.920095936205434,5.0956399267036065,5.002528504145385,1.4568509857061855,4.989192221001943,-15.142435545693129,7.375203009802374,-15.142435545693129,4.34074660337089,-15.142435545693129,5.870944404644523,4.773102444224888,7.704764681735988,6.705006357977563,-15.142435545693129,1.682217022069043,4.359338254100653,-15.142435545693129,5.005181663221565,1.945681197467818,5.805149152420201,6.080271356759504,-15.142435545693129,-15.142435545693129,-15.142435545693129,8.504594915965068,7.016169546239097,0.15921493460506986,7.151082370133801,3.303425506540875,7.969017685714498,0.9696421335432438
0.649926239332491,-13.89313340900073,-13.89313340900073,-1.547294473278764,1.6271254230201333,-13.89313340900073,10.70214748245099,-13.89313340900073,7.623029916788503,6.603858984876461,9.188068969962742,5.17846528650951,8.278551461948519,4.217483325241846,7.674260986110343,-13.89313340900073,5.794354086266236,4.505403980489848,3.1299898220061064,5.2662891078471175,4.728363482562381,5.432777123510854,-13.89313340900073,2.268979223068138,7.657062844852355,-13.89313340900073,-13.89313340900073,-13.89313340900073,9.736475955406219,-13.89313340900073,4.522836265268737,0.9801677903335592,-13.89313340900073,1.3971403869039674,5.868818181786372,2.1768219715614423,7.696261856488584,8.164901889175326,5.808647835970334,7.493552092547722
-14.053487842660024,4.130457409129723,2.608674823882391,7.6236920106422135,2.4559740596402078,-14.053487842660024,9.235606964851787,-14.053487842660024,7.417654808725556,4.4575819101557785,6.622896009434254,7.004312641421442,1.7291352118702958,-14.053487842660024,5.8286411183316575,-14.053487842660024,5.8779810659674165,3.7962633711557596,1.3327200073221055,10.768866453100049,8.807122811334876,7.553677757531307,2.614461876735167,2.8074971283267924,6.369348350362542,-14.053487842660024,-14.053487842660024,5.211213974586195,6.6311099294348965,-14.053487842660024,-14.053487842660024,-14.053487842660024,-14.053487842660024,-0.08097268118559642,6.968266467445091,3.5208945645482435,6.762211313529184,5.998392307464901,6.247726084098911,4.286958519417145
-16.15862479370952,2.589991863045864,-16.15862479370952,6.211681052070664,2.764526775676422,-16.15862479370952,6.067593363129232,-16.15862479370952,5.585670097606846,2.203579031086075,6.946533496772261,4.060526186817862,3.64994903522244,2.736922741374248,3.7752472467531484,-16.15862479370952,3.7622368789708944,2.267640338481058,2.702180107275417,7.306437384003406,6.605630176671628,5.328465676047191,2.286553431601235,4.278664184082174,5.884501755531926,4.849466540309404,1.2241624248420784,1.9132074567279218,2.327188054550065,-16.15862479370952,4.697614781275995,-1.5964258143237335,-16.15862479370952,-16.15862479370952,5.937888158260631,-0.5887103800505937,7.714262819700132,6.362364360152713,5.944763899989495,3.4686852260220324
2.2554691798374384,-12.586083332382984,2.8247664164756245,-12.586083332382984,-12.586083332382984,-12.586083332382984,11.647939573040548,-0.19768496340087005,10.407502637073476,6.674568500887354,10.664054495082228,7.969958406630642,-12.586083332382984,6.510751020838449,5.352521217283708,-12.586083332382984,3.8409665997240925,6.381562087738282,6.09449711072,7.682437864139769,4.783917805252513,2.9838310812759414,-12.586083332382984,-12.586083332382984,8.227973397758273,0.08999606738804213,-12.586083332382984,-12.586083332382984,9.524146641583354,-12.586083332382984,6.405520465033989,6.847724434511088,4.6316241408765615,-12.586083332382984,9.02223434404665,4.855899246176508,-12.586083332382984,5.973054163423406,7.109485241659543,5.054366145922091
-1.6650188940415984,-15.318011698977994,3.332430656537387,2.570790029031825,2.6667962899079023,-15.318011698977994,8.393264171680418,-15.318011698977994,6.8204226011995095,2.4079206030795035,7.6535308696147,6.74912887513126,6.048927421191673,2.604101335067498,6.716719882986947,-2.2575215976344416,6.289471990367603,3.531264576985624,2.2878061283189903,3.491259242637812,7.350372545250343,7.2748631425479,2.2589315290323317,-15.318011698977994,4.77417994348588,-15.318011698977994,-15.318011698977994,4.7779696033806935,5.6505817931209465,-15.318011698977994,3.9328352835521727,6.5223610095999165,-15.318011698977994,0.2622298270592781,5.799584147670092,-15.318011698977994,8.147366255729379,4.182132495979276,6.350789059880441,2.9366144724506644
0.3658108619124169,-13.696560555233077,9.04263843828324,6.445814785286685,3.811323371012193,-13.696560555233077,10.740246128442498,-13.696560555233077,4.021932283688828,7.041682561212009,6.3533215139551995,9.235510323768573,-13.696560555233077,2.4033712269305596,-13.696560555233077,-13.696560555233077,5.850055776279777,4.792339437036988,-13.696560555233077,3.705519865713722,9.584444090228484,7.311651114824288,-13.696560555233077,6.025999801417015,5.79158575182935,3.3024059238103236,6.018792563031742,0.8464990931001446,9.039167993923792,-13.696560555233077,5.4015952049639155,3.1106743050884504,-13.696560555233077,-13.696560555233077,7.721950260854377,-13.696560555233077,7.1984544817444425,6.6821988586750845,6.263607630600482,6.250133015182268
-15.874870925491763,3.720086014140127,2.5649259454634863,5.623311001712993,-15.874870925491763,2.9241777655341834,7.7286147571264845,-15.874870925491763,5.59367903090902,2.6915538411570976,5.403187659207946,3.4648567525174645,4.91050548845733,-15.874870925491763,6.344867912631941,6.959616088591599,3.9059141990565918,-15.874870925491763,6.5635270840276885,2.726797160585879,7.425421810214153,7.23783270227445,2.343816038107531,5.085709577331385,6.5663535410256335,-0.24128342764441196,0.43136275043198874,3.756827750492114,6.2448821485162185,-15.874870925491763,4.232301362188674,-15.874870925491763,-15.874870925491763,-15.874870925491763,6.251831501647537,-0.636251792321056,5.611795502488347,5.236449329981394,6.46776335276368,5.7334054808083765
-9.868870355515172,-9.868870355515172,14.994751111630432,5.683591611238484,-9.868870355515172,-9.868870355515172,12.053814935273067,-9.868870355515172,5.972153534029494,-9.868870355515172,7.408932714828859,12.114667330728784,-9.868870355515172,7.1809956375512725,-9.868870355515172,-9.868870355515172,4.775192456696376,-9.868870355515172,7.547507806539851,11.488355132593854,6.180946561756228,3.760311829076159,-9.868870355515172,8.72231237685822,8.14278897917969,-9.868870355515172,-9.868870355515172,-9.868870355515172,6.354485896109637,-9.868870355515172,9.1405965592224,-9.868870355515172,-9.868870355515172,4.185657890320866,4.059969780612849,3.884765862560235,-9.868870355515172,7.566169605223528,13.820551662645713,12.601147124597142
0.7931600373972912,-17.28854535375083,-0.764318083518936,2.4002091227477256,-0.0013789194102915578,0.9514525020564412,3.1607046028228503,0.8638637243466011,6.951850003505013,0.08545122287569835,3.6372939135817073,1.830916674350482,5.711376299347635,-0.28255840428779094,2.6546201079533827,-17.28854535375083,4.848420845749165,0.9181993320236732,0.22974758815120347,2.62679076323475,3.6106214730253137,3.204187196167025,-4.0528515053268075,1.5422563164815937,1.9415978675938017,-17.28854535375083,-17.28854535375083,0.1489032793043188,3.4993558755784813,1.7573248829298536,1.3399622455273283,2.9089842483855395,4.06994189728172,3.6430995751207242,3.421381919769828,-2.8052049103905197,2.771151524106101,2.943746506766098,4.766764550996864,-2.17284286124055
-11.545155219681341,-11.545155219681341,-11.545155219681341,7.879277535580191,-11.545155219681341,-11.545155219681341,13.368801943080108,-11.545155219681341,8.500895841204228,9.346105029758338,10.70941832557428,10.993759124433934,8.684060168499721,9.804535561315634,7.15550299989526,-11.545155219681341,8.556763034182334,7.991453693980476,8.661451345816145,10.253508866722585,-11.545155219681341,4.406885965010643,-11.545155219681341,-11.545155219681341,9.658930539562931,-11.545155219681341,-11.545155219681341,2.829971697646763,10.747705222982733,-11.545155219681341,-11.545155219681341,8.199518861854243,-11.545155219681341,-11.545155219681341,9.267457598855561,-11.545155219681341,2.963503018842753,8.42491615032351,10.202602626370389,7.660613583090122
-14.170163789873902,4.387666800944093,1.5666715880859448,9.741045975477816,1.7185188225427683,-14.170163789873902,10.405263789273151,-14.170163789873902,3.39390924791706,6.391312264623581,5.874035272692605,6.617662443908306,-14.170163789873902,3.909434118964265,6.340663493511429,2.3480494298901133,5.721037569623953,5.918770796690804,3.8330298859243914,6.852272871104189,7.366837215064248,5.944681971705422,-14.170163789873902,-14.170163789873902,4.801005506667511,0.09642302439306134,-14.170163789873902,0.8837212889886711,8.874189903395697,-0.147638249517502,-14.170163789873902,1.3893157483072387,-14.170163789873902,3.1145143073347406,5.306256539320529,-14.170163789873902,7.471825817107392,3.3454134363167514,6.292827598717378,1.9429194197633812
-14.295389784802975,-14.295389784802975,-14.295389784802975,3.150841339598789,1.0845615288696633,6.690271086137541,10.273531237641416,-14.295389784802975,0.6450506948220545,6.487926392385888,7.3103121282078,6.885224947563883,-14.295389784802975,5.540998483265169,4.39065074026598,2.0522291039248466,5.7680669331284244,4.57662132949731,4.162779413192438,3.822427578239241,9.097799927767658,7.778727156788543,-14.295389784802975,-14.295389784802975,5.635262067172043,-14.295389784802975,-14.295389784802975,6.345689382241148,7.9242281300039075,-14.295389784802975,3.078321932123148,6.017287844844206,6.358011373242814,7.3259335649637904,7.830725124973674,-14.295389784802975,6.726824421610709,3.436335003124265,4.732062929413667,2.120585837822619
-14.739554705501087,-14.739554705501087,-14.739554705501087,7.327575435231798,4.515295241065462,-14.739554705501087,9.884544971001176,-14.739554705501087,7.109789419406667,6.410161174837591,5.491052813271443,4.7252821448432165,4.444452058293605,1.0787864267239393,5.684442191090494,7.3440644137213225,6.4624452891005,4.022656894370166,-0.011761035453852346,4.045977470617143,7.728883757583358,8.050095295523716,1.7185783194173159,4.003499357937266,6.298054609580864,2.8069365065650773,-14.739554705501087,2.741310787125251,6.215171998592944,-14.739554705501087,2.5338486092979497,-14.739554705501087,-14.739554705501087,-0.6540162469652663,6.406433146244355,-14.739554705501087,8.553904407883339,2.485782593870322,5.987962084328619,3.9843369199051195
-16.358145147178217,3.146101930620853,3.616439659519664,5.245502339397364,-1.8102662147316007,3.964687899780522,6.240464280914829,3.867885629498205,8.000656327584428,3.9141664646094037,5.569449431041059,5.082589682961191,3.8583036890595617,4.478770752892101,2.8517199700731877,-16.358145147178217,3.1395496504069715,2.6839182164767954,3.794615832269763,4.373217820347585,5.519129841971962,3.910029319633178,-16.358145147178217,1.8249127368774132,4.524275969383174,-16.358145147178217,1.4533618683794958,5.778981578849093,4.359042254453821,-16.358145147178217,1.4402196156071783,-2.552683914966944,-3.036929271685804,-16.358145147178217,5.824082164306807,-16.358145147178217,6.189795780519155,2.98992451927019,6.584590442826973,-2.3194902379000526
1.5603457388908777,1.6036353738035292,6.783281687573585,4.277855862656705,-0.31876577994219785,0.9248537852226649,5.302805767561772,3.7618856302077583,3.4901629311942424,2.218561311828228,3.6587499417211045,4.630081070982672,3.17721396902654,-17.36389429887919,3.7734924107262042,-17.36389429887919,3.3682519908643176,-3.499592624364985,-1.1688375141921534,6.2367419210168755,4.838206337933916,4.610896598098546,-2.1325303348350633,-0.1582472729081077,3.445439137422146,-17.36389429887919,2.4294888552078113,0.5766516847909038,3.1599689283554824,3.091204471160293,-3.035559515684036,3.2476799131653227,-17.36389429887919,3.226856772502246,2.22806042553559,-17.36389429887919,3.92735224290094,1.7705202641396285,5.023721788433574,0.7890377233990316
-14.810359847781475,-14.810359847781475,4.01924668255167,6.604837431514572,1.3735236373478013,4.119965829195806,8.324285395669198,-14.810359847781475,6.040172801090244,4.143475371287455,5.488242772532293,3.350772675926323,3.7430144466536888,1.5475398740623638,7.993399477479846,-14.810359847781475,4.973346632910279,-14.810359847781475,5.6990194603518844,2.2712917656714886,7.906374251345443,7.621559174048644,-14.810359847781475,1.462172242171062,4.9558713873228895,-14.810359847781475,5.275912275098909,2.772841367826384,6.2254660236141905,-14.810359847781475,4.574296423424192,-14.810359847781475,-14.810359847781475,9.66730699673025,7.501118222448693,-0.5630662240412256,6.950217177610846,3.546422180980502,5.8044740960971515,4.710498628891824
-1.768318906666562,2.2519865705295046,2.6701133016993395,5.599130982242486,0.8591163003563557,-16.989926698144917,5.648698765599204,-16.989926698144917,6.660160144735277,2.8268749702206297,5.07716953336297,3.6916313364442948,4.469057184196117,-2.7044118859351016,4.052258216902053,-16.989926698144917,3.4660216285413603,2.651583970149661,5.856158605945422,2.1976162688343575,3.226007405950614,4.979615400028192,1.3321484530896366,1.3656820597360932,3.336556232563198,-16.989926698144917,0.8820534869225547,1.330491634923665,2.591339069923427,-16.989926698144917,1.4898716597164974,4.9017541934367985,4.004785117074965,4.398333728456125,3.616973848793636,-2.2989469861601624,7.08479955825738,2.1321173860978226,4.0611309529016655,-16.989926698144917
-14.41929652977177,5.027174886061968,4.441057500060964,7.724065881944687,5.1808081486596755,-1.0980806542793586,7.473350667041516,5.056288406568323,-14.41929652977177,4.616677960940496,8.005154697064606,3.988096329987424,6.216863381351773,-14.41929652977177,7.378992208150938,-14.41929652977177,7.482559686351719,2.461472411036894,-14.41929652977177,3.906523944151686,9.964959701776182,8.71348588130382,3.1669038805401715,4.564024002357789,6.84522325853056,-14.41929652977177,-14.41929652977177,1.932289043731463,4.439961680188493,-14.41929652977177,-14.41929652977177,-14.41929652977177,-14.41929652977177,6.4739905248494,7.978794130949048,2.9869292610978064,7.974517370783777,5.0584450791652245,8.70529233495728,1.9464402221651549
1.818870309750165,3.0119109205000605,6.258850066087959,3.751418473235609,0.6051543177523369,-2.3830003702595532,5.062139738191151,1.6964521522681322,4.673416980700311,0.12828311181342814,7.742853451995093,5.526653520760108,7.325597949111454,3.1547776171036244,-15.56363454257853,-15.56363454257853,4.79955055872776,3.081069373708018,4.029806940662116,6.7112875401685885,7.118907433698675,6.978485367305892,-15.56363454257853,-15.56363454257853,4.973554697426944,-15.56363454257853,-15.56363454257853,3.0446869279345137,2.7821071254875256,-15.56363454257853,2.4454624273495544,-0.10912707576387341,-15.56363454257853,4.48512921063983,5.226467175489484,0.5094638470515582,8.993432183860818,5.430810440283117,5.767307729283304,-0.1327038016954716
-14.504424424546821,-1.0893899406434733,8.15411519547773,8.141449303448494,1.400478129712825,-14.504424424546821,9.371298336032494,-14.504424424546821,6.882858399367179,7.085668753958437,7.73348501216703,6.956928497717409,7.193853780466939,6.7188285115911235,2.4727565268698073,-14.504424424546821,5.614492346828503,4.609553493715864,4.867643892179176,6.637176677585833,5.5265538642498075,5.391476892007119,-14.504424424546821,2.5991148543013303,5.640593114099077,-14.504424424546821,-14.504424424546821,-0.5578847269835457,8.744853216694272,6.1047204144157785,-14.504424424546821,-14.504424424546821,-14.504424424546821,7.452083657008849,6.3189582046390935,-14.504424424546821,7.104351235976713,4.807762438557445,4.65695480659152,3.0079337819821528
4.527226069146801,-12.633616772886734,-12.633616772886734,7.411567822142192,3.876521033415174,3.1545850958925437,10.191294758949805,-12.633616772886734,7.557242233963108,5.18339181522151,8.734272795403594,8.882035061305164,8.807908281922076,-12.633616772886734,7.291030252779966,-12.633616772886734,8.412970927298813,-12.633616772886734,-12.633616772886734,7.668603205508043,8.646105581608847,10.47568980334394,-12.633616772886734,-12.633616772886734,7.585103679907069,-12.633616772886734,-12.633616772886734,4.065017170208583,7.664802341546966,8.1710447031855,-12.633616772886734,6.878315908685407,-12.633616772886734,11.747455204664393,9.09443041200966,-12.633616772886734,8.261322464084918,4.712949183271912,10.503365787835152,-12.633616772886734
-13.088405915866009,-13.088405915866009,4.664015382542579,7.844610182161069,0.8755255092851327,-13.088405915866009,8.481611918654462,-13.088405915866009,-13.088405915866009,5.941170461638224,7.6506643712096665,9.019665675024207,5.736739442534278,1.5899950191861447,6.8434602385284915,2.0300176660181988,5.739737945510554,5.927037112241838,1.2033394422124568,11.958865549413373,8.468703390421402,8.458583508027827,-13.088405915866009,5.675580811380346,6.718244138883115,-13.088405915866009,-13.088405915866009,5.618580961868534,6.293500687778496,-13.088405915866009,-13.088405915866009,-13.088405915866009,-13.088405915866009,7.5974176266426845,7.049454420754396,-13.088405915866009,8.341490787292312,6.456684812824048,7.682811639566755,6.281768204657601
-0.6157153951487325,3.0204582568207665,-13.851409243572755,8.70688945016134,-13.851409243572755,5.8783337863369685,9.120408853500582,-13.851409243572755,-0.337002427041965,1.3944128001626044,7.0516917290830765,7.188847437540109,6.640239746115459,-13.851409243572755,8.790009331140904,-13.851409243572755,6.619747565053167,4.037902992394879,6.432824361972748,-13.851409243572755,9.732094405944641,8.682254614095065,-13.851409243572755,4.204276339230229,6.864781625708792,-13.851409243572755,5.416855038528464,5.533628328635087,7.781553634972134,8.240910691790457,-13.851409243572755,-13.851409243572755,-13.851409243572755,9.496762838526989,6.524169708400634,-13.851409243572755,7.096319275052708,3.093052475495407,9.53488362632941,0.08631983207112794
-13.472889358007151,-13.472889358007151,9.502517390736566,9.809511272308916,1.0155661834034992,-13.472889358007151,10.841588251551718,-13.472889358007151,7.715951567282124,8.745688908931815,8.274498671530523,4.0320005541002155,6.159345383268805,3.642892699902472,7.036898565729359,0.322419513047245,7.10737178567599,2.4056793894512287,6.445448217155101,7.41561969504615,4.577596906399131,7.320051785114679,-13.472889358007151,-13.472889358007151,6.904514295834224,-13.472889358007151,-13.472889358007151,6.179505811370727,8.787351219854674,-13.472889358007151,-13.472889358007151,-13.472889358007151,-13.472889358007151,-13.472889358007151,7.256119954560598,2.9490078210835673,8.085535243879015,8.098371239720677,6.983581414258027,7.5329279128958655
-15.386185182480311,1.7575936129785052,-15.386185182480311,5.486138388088868,-15.386185182480311,4.78313874136658,7.897742371659724,2.1785941531456325,6.537858360196456,4.1029235223983305,4.51625918292411,5.553127081467373,5.8888658638622555,-15.386185182480311,4.711965886166443,-15.386185182480311,4.64955763064516,-15.386185182480311,3.4744265129023066,4.190338486742357,7.801788848713256,7.529313907062457,-15.386185182480311,1.5061767464269404,1.048180070667997,5.591730625522807,4.229054194215749,5.016847843097382,5.641081351678211,-15.386185182480311,0.8371710691444985,-15.386185182480311,0.18718346545011505,8.337307810931128,4.624872973205899,0.991964450913315,7.43964039939434,2.4184946086038526,7.633611457275505,1.912717025475206
1.06519204772346,-15.955501048528511,-0.10659275649576462,5.423770692816082,-3.8547833631160406,-15.955501048528511,7.546397086470152,-1.0248485720761185,4.916701902053894,4.933660510977119,6.96443921455981,6.599121502626589,5.036783784803295,-3.007488677319414,4.8576968968325005,-15.955501048528511,4.446622447600289,3.1106585875264114,0.5633821879660956,4.83146233197043,5.803284621358358,6.14811149751938,1.7696296502957134,3.5486445081459603,5.8974622222874915,-15.955501048528511,2.1804266757722894,1.892478685670272,3.490360709593396,-15.955501048528511,2.623891395111098,1.2396427472420222,-15.955501048528511,-15.955501048528511,6.161856173838072,1.1284371511994455,5.166191854845722,4.701037207436194,7.071494226499276,0.5633821879660955
1.6838584857567231,2.580966814717915,-1.2662183654332368,2.9062712151433834,1.0436072905985814,-16.927029317531467,5.1079339429723944,-16.927029317531467,6.022468506550758,-2.5126817090280897,6.4829384594122175,4.49524150995613,5.347116922295683,1.8943049842306623,3.659178918160758,-0.9243444058510352,4.0169370898799714,1.5911410567692736,0.024844687167029738,6.787000471323444,4.477751305750984,-1.0196545744320167,2.1340305467131144,-16.927029317531467,4.539477776062527,4.545069085468866,-16.927029317531467,-0.1560877307305076,1.83851691948329,-4.672161745938436,2.5912965842353612,2.035394158638947,0.14156527528555723,1.1640356445005107,1.1669513008122456,-16.927029317531467,6.936448285879161,3.822849239613412,5.9460677899720285,0.20303085171970814
1.2280795478285753,-13.638252984617749,-13.638252984617749,3.0841586878387077,3.826876339508199,-13.638252984617749,6.989140515643763,-13.638252984617749,9.111396385665664,3.050822269423483,7.429871255834878,1.0401479504344047,-13.638252984617749,4.443171665375816,8.616800526400779,3.468268033190151,7.298089906850703,6.415113340442448,4.013910293315562,6.170645272511553,8.520528237403623,9.302280768837306,-13.638252984617749,3.0087047115201777,7.988894914513344,1.3021874950072805,-13.638252984617749,-13.638252984617749,5.293693292326354,-13.638252984617749,5.171085755906061,-13.638252984617749,-13.638252984617749,-13.638252984617749,9.016731346104113,3.494710997820736,8.138324382115389,8.565252826518664,9.012136200963782,8.658012896111392
-15.102357989464148,2.109337441839574,-15.102357989464148,6.087530769195637,2.2465471489792743,3.9764643310274748,8.507889978244439,-15.102357989464148,6.726571881050316,3.9461310990774257,6.500771081957337,1.5764957110859952,5.60398546930338,-15.102357989464148,6.120239670463969,-15.102357989464148,5.276189708058791,-1.2768961105481864,5.6126034623269865,6.721827472534629,8.795008039199216,8.57982156045489,1.4533472874866802,2.013055268897457,5.198444078816368,-1.0717352454316411,3.7865122454296927,2.5204815250210233,5.686133633336826,-15.102357989464148,2.94290178228447,-15.102357989464148,-15.102357989464148,-0.4113782774793945,6.443942289315728,-15.102357989464148,6.372272048499288,5.289538569989826,7.576462764586716,1.0107252201731345
-15.886687045246708,-15.886687045246708,-15.886687045246708,3.165797254340871,1.346222306515367,-15.886687045246708,7.474002645133151,5.109106617141259,6.5001279246255725,2.5072389716679955,5.166608894406679,2.8954372616861903,4.601501820773464,-1.023857142124744,4.5617076424912995,-15.886687045246708,4.413122815597849,3.604480827076333,2.306214431545,5.460086463712295,7.398895455971447,7.661436145090834,-15.886687045246708,1.5148393590807687,5.996624786865376,0.5890831199134944,2.7336639020242326,1.8079100385691447,5.137164750496891,-15.886687045246708,3.0248410858770574,-1.5172907993435185,-15.886687045246708,6.358677273558661,6.835563790223326,-2.1877091799435116,7.408067490294454,5.582342141736981,4.848971682617347,5.812616584352099
0.27349247216729317,-15.480759889258563,-15.480759889258563,5.277110253340766,0.7021868277400806,-0.4444191149167232,6.685801905033003,-15.480759889258563,6.097457302794095,4.340758943718437,7.197089799899678,2.3272470767373226,4.830529689473825,0.5485046572827522,6.135593557539591,-15.480759889258563,6.140714172418536,0.3402766620248714,-0.27148270719677065,3.221786049367772,6.148879668557722,7.489695660126203,-15.480759889258563,2.4865776820768146,6.671632282206377,-15.480759889258563,-15.480759889258563,-0.012751737828879008,4.732030264352228,3.3333808624217176,1.537903573742563,-1.4421049799803995,-15.480759889258563,6.925586438468199,4.701255481826033,2.2844547603619456,6.460464494284232,8.066902300830849,5.007618709681232,6.051906105517167
-15.807095089149687,2.748203965267934,5.983938875513603,6.242123103675978,3.310176902747988,4.913356793337906,8.471095291072102,5.746698777743774,5.817055413727181,3.8796032513196645,5.512581232111409,6.366258821737697,-15.807095089149687,-15.807095089149687,4.19369773991447,-15.807095089149687,4.156263916683212,3.0749899215389287,-0.0731922641811246,6.288774316503622,6.7591222564445514,6.939523303726843,1.2091273637883133,3.3624513288479947,5.58523013333977,2.9234205392312735,4.068379434681747,4.330890939901279,5.839182841028324,-15.807095089149687,-15.807095089149687,-15.807095089149687,-15.807095089149687,-15.807095089149687,5.418708119297363,-1.339258824312525,5.680381987253375,4.4627174054623415,6.986725418076133,3.405627496866029
-13.928004209759909,-13.928004209759909,4.7858684072766255,7.824970326453326,2.977184280117497,4.318323158952441,10.328986439367673,6.305561286667287,2.3798850955440494,4.477867428687942,7.124148021782018,4.4541435948685235,5.025361498181608,-13.928004209759909,9.269437575128581,-13.928004209759909,5.0549174506039085,-13.928004209759909,0.11065069951825536,2.1303415429497443,10.240135485487643,7.974494918129742,2.2118530308272772,3.329205705186094,8.403564896356325,-13.928004209759909,6.102514368647085,4.620541913990071,8.0101684371118,-13.928004209759909,-13.928004209759909,-13.928004209759909,-13.928004209759909,2.820831214849536,7.652591852261442,-13.928004209759909,1.7072053481962035,4.363250998133743,6.526597561878699,2.6774437702038196
-1.3533314676607442,-16.39261775136474,0.11345776120332961,5.316203652330718,-1.205926216283547,-16.39261775136474,7.064249067592874,-16.39261775136474,7.354305789364719,4.427511604693224,5.415857624320305,6.458355844790107,5.496753900368911,1.3760577745527154,5.246874815807766,-16.39261775136474,5.240699393068313,3.5794055839506482,1.9986341921954767,4.3663047637546795,3.0411537066864436,5.154169806585041,0.773849006875768,4.222695325180984,4.3797144030458455,1.9063472451978614,2.4983165968370082,4.423054053150343,4.909035157396736,-16.39261775136474,-16.39261775136474,1.4668209004361044,3.7065044449851046,1.2965907184873942,2.9784072684527136,-16.39261775136474,5.684574201927059,3.377252403348782,5.141356055325306,-1.10693111841484
-15.622769535191862,-15.622769535191862,6.782193478720724,5.778042416593704,-0.02386758960283752,-15.622769535191862,7.44013533917228,-15.622769535191862,5.289271986616273,4.2943371879563665,4.171702736688068,-0.07914935745611218,3.1608862722037525,-0.6986960276733623,4.603458522297671,-15.622769535191862,3.7501480712668958,2.6597979181119245,4.534615934000411,5.955949389549637,6.2153886813233745,6.896440336961231,-15.622769535191862,1.8446971487220865,4.925559412262525,1.7102388898043173,2.966725290642615,1.2773995512664569,5.367564869002503,5.801904268373503,0.7335553833009107,-15.622769535191862,-15.622769535191862,9.17347489531592,5.535390754534049,-1.0943086791755054,4.13254378918905,4.181451784190666,4.763736025053774,2.9315676023220822
-13.641728685263255,-13.641728685263255,-13.641728685263255,1.5008571394128922,3.956834519585333,-13.641728685263255,9.758677872190356,-13.641728685263255,9.022918489852303,5.314450788513757,9.771915453942205,7.311981984453019,6.782376115293757,3.9724122131755077,9.175455891311275,-13.641728685263255,8.818946026337105,6.980876685689395,5.698836330059047,6.843305344216477,10.150565425019792,9.159389932074893,-13.641728685263255,4.11147264437092,8.150332638507352,-13.641728685263255,-13.641728685263255,5.144219983985968,6.625010302903125,-13.641728685263255,5.705509906878184,-13.641728685263255,-13.641728685263255,-13.641728685263255,4.026267186639884,2.766047115659815,9.152869653918131,6.245004473895626,7.701446750958555,3.4944920395776546
-16.102060110101895,2.2139265738395113,4.064842146494318,4.705675544389746,-2.2473278774463425,2.5346992954992755,5.939609287812974,2.358802433089448,4.456236740760733,2.381689334706241,5.998477002338978,4.448470079262702,4.101927817944353,-16.102060110101895,5.347231436454227,5.739176099896596,5.007691869034316,-16.102060110101895,4.813956048703603,5.1970266429747145,7.346295919211651,7.142226506608881,0.33303374047546586,1.7761323467784573,4.2981589652670955,-16.102060110101895,-16.102060110101895,2.324304460262089,3.4562613126918014,-16.102060110101895,2.272786107975681,-16.102060110101895,-16.102060110101895,5.611426986930146,6.930017394525395,2.334592413201718,7.332127135482575,3.0284282602209087,7.3190533920265315,0.2495254634013372
-13.344255681031063,-13.344255681031063,6.1345625224947105,3.733573297943749,4.473301403287139,-13.344255681031063,9.344847574498674,-13.344255681031063,10.246150816078083,0.3547221842721331,7.915287129333542,3.640520243282544,7.440340412007466,-13.344255681031063,4.829244946582948,5.350717905855161,7.502518990962165,0.3878743549500903,-13.344255681031063,6.8605219174934975,6.942534143320305,9.956944838010134,-13.344255681031063,-13.344255681031063,7.902821104830916,-13.344255681031063,-13.344255681031063,-13.344255681031063,3.459962585902703,-13.344255681031063,1.8062562068234105,2.269659054442834,1.5079921164930987,11.110905995136422,9.701150786956049,0.2969026802639144,6.897500588101925,5.751713730270029,7.447444205557119,6.865096437221945
-1.9319075475253304,2.1587162950302576,7.969645493589822,6.653388206083729,-0.9601873327680129,4.832443414867518,6.678832094079616,5.139207757914972,3.0731851325148534,-16.40493862654098,3.895909212170251,4.967224653963276,2.6885845497335286,-16.40493862654098,3.2362179967872335,-16.40493862654098,2.7834864408187014,-1.9164830851303278,0.9741715974471123,3.5896357523929625,5.1077749896883775,5.286515654349963,-16.40493862654098,1.526514909508444,1.3694785418342605,-16.40493862654098,2.972099362341527,1.1952160302385568,5.66462735955895,-16.40493862654098,-0.3966577299827296,3.5162576248514514,5.392455531723571,5.281547329037959,2.6403427607909737,-2.3662837172628155,2.5248462662893743,2.9558275017572035,6.231219653679167,-4.304220941128508
-16.582645144387605,-16.582645144387605,-1.5201020052806686,3.591729689717354,-2.4024907783912193,0.29251105977862574,5.69698056120301,1.335343492227149,0.9952276676792112,1.4320203551593684,4.542733522054453,4.97375587733131,3.869415462977363,3.7049643838323885,5.1123801897760695,-16.582645144387605,3.2570149417216103,1.8079886885174916,0.05006898834826209,2.731180526025265,3.5983560016773315,4.052947279380661,-16.582645144387605,1.3417701435558538,3.8789441928269177,3.8297245819199146,0.6684642541622743,2.367839987815733,3.0288927717829264,2.0140875517308627,-1.7233301821376033,-1.0994275771860282,-16.582645144387605,2.19605964006335,4.161285693981936,0.05721612972221799,2.132196645565814,6.107019508181394,5.56831847937508,1.2621379968423179
-3.9339413254114306,2.4070225127967477,5.11222012547838,6.455992326240459,-1.026478394101983,3.863884706804591,7.451103431707779,-16.511580975644005,5.404794878916914,3.5924199149907285,6.087483656612831,4.155812679793237,4.7175381440448305,-0.3276974905147267,4.639459256982365,-16.511580975644005,3.9559793791541877,-0.9026455027432765,0.5685433370740165,2.3395176242744755,4.46651310965816,5.774395879770435,-16.511580975644005,0.8799202823432735,4.82086874257862,2.1459884293050346,1.164659314413497,2.390228786518367,4.946050758158116,-16.511580975644005,0.4506647724030488,-1.8374083749134875,2.835301230251584,-0.8044654626524076,2.353336777330198,-16.511580975644005,4.241593118011607,3.340773724690049,7.340055503897781,-16.511580975644005
2.8808201995652447,-11.920507526056053,-11.920507526056053,-11.920507526056053,1.8331286920193546,-11.920507526056053,6.297689781522803,-11.920507526056053,7.637012139244932,3.9336227092761265,7.5285776150966965,5.050726084378736,7.512028646273578,1.9342247065995013,6.896328463407721,1.4642216542761215,4.4255202725661045,4.293807073469327,4.33299284924471,12.97556309856739,6.826450815323504,1.9719649989698462,-11.920507526056053,-11.920507526056053,5.353840224483121,-0.2252521709932589,-11.920507526056053,-11.920507526056053,-11.920507526056053,-11.920507526056053,7.6709201074249735,-11.920507526056053,4.218370762027983,3.2482577973478106,2.8389093199203317,3.3011002654223005,8.255510722218888,7.53673278570814,5.888974638409921,7.164046060900797
-0.7814634496779556,-0.3025465293103345,3.908417398110566,5.428208612055423,-2.615422790511269,3.4278372248007227,6.704824925952818,4.136336622474116,5.68715588619286,4.509660892472505,5.1388881201241885,2.883251170369442,3.4606490514743666,-16.98481903641446,3.9050877237787707,-16.98481903641446,2.965281914152588,-16.98481903641446,0.13867655807961893,5.263580940051428,6.043856899536295,5.855641633193948,-16.98481903641446,-0.038608300798510985,3.0406689167965952,-16.98481903641446,1.7115977165614196,2.7648182296044603,5.204914630237337,3.074528272574525,-0.008909540932139996,1.2650733984200209,2.7416236604755366,2.818624843715323,3.342540859158484,-1.5841630536671174,5.749490383148986,0.26467875829302523,5.8041126415787065,-16.98481903641446
-15.723153596458417,-15.723153596458417,2.6401098872149746,5.9484789924886,3.8144049382419043,-15.723153596458417,8.520581031140328,5.584415066642851,3.2255048359754706,3.0583435109043013,6.391802020373447,5.383420352627842,-0.07346269363773918,0.8717972207679848,3.3370625638806195,4.248954520543996,6.055667400040871,2.6598252906941533,3.0670196020541454,1.0653322990881262,8.026994283082669,7.210564500670341,-0.26670626520224033,0.35412016414630926,5.914905852637471,3.176242723537493,2.8213364420557188,3.7412255638061023,-15.723153596458417,-15.723153596458417,3.831989092271707,-15.723153596458417,-15.723153596458417,-15.723153596458417,6.190999805569226,-0.34529652395030863,7.314683215056803,5.857684283525993,5.474854624702949,0.6823741707152264
-10.88459535236807,-10.88459535236807,-10.88459535236807,8.568451037995112,9.864611099553088,-10.88459535236807,13.220273137365941,8.976512763652378,-10.88459535236807,-10.88459535236807,10.953920266393963,-10.88459535236807,6.730441202178582,-10.88459535236807,11.430310958185451,-10.88459535236807,10.205249224327106,-10.88459535236807,-10.88459535236807,-10.88459535236807,12.689865883950876,10.89458401906121,-10.88459535236807,6.093855440435284,10.851975398529058,-10.88459535236807,8.010765574934773,-10.88459535236807,10.046407970355062,-10.88459535236807,7.909646957562237,-10.88459535236807,-10.88459535236807,12.41914485683704,12.110504575045418,-10.88459535236807,11.587684235288698,6.4124629706717835,11.093066405081563,6.737577717588745
-0.4763899976172974,-16.684326443983082,7.409872393556068,3.5681354451481067,2.537099495617191,2.885881481273365,6.269539643091833,5.4587724901909604,4.801496025361915,2.5886823491457527,4.636582875545517,5.265114883608823,1.4501378329929202,0.8173098049674479,3.5166482927739473,-16.684326443983082,4.732586449064677,3.4077900105109737,5.8932588650080255,2.4066933463185727,4.867783744593112,3.8118882180729976,-0.7513561568145137,-2.049035613996958,4.5423294418311775,2.198262757801461,3.6660334373661287,2.468097003099292,4.828296349024574,-16.684326443983082,2.993280023593168,4.32356179012895,-16.684326443983082,-16.684326443983082,3.1767343056107946,-16.684326443983082,6.220659957487528,4.87046059709762,4.454077566427431,-16.684326443983082
-12.001492701119295,-12.001492701119295,7.46706828660121,8.663614222713466,-12.001492701119295,-12.001492701119295,11.131159406317192,9.618248840736216,-12.001492701119295,-12.001492701119295,9.471645581348243,7.581307073662843,-12.001492701119295,-12.001492701119295,9.885098930634529,-12.001492701119295,9.080551865955004,-12.001492701119295,10.034542047670806,10.516189073682604,11.883985483220037,7.810519697957667,-12.001492701119295,2.8109668607402103,7.668602557222264,-12.001492701119295,8.43215586007674,4.352465352549947,10.884830609105304,8.357627499916664,-12.001492701119295,-12.001492701119295,-12.001492701119295,9.633855023328904,9.511252701288965,-12.001492701119295,9.453703434290274,8.722842564784067,11.053142945224876,-12.001492701119295
-15.741251644780366,-0.3675962582432484,4.896173040377555,7.0304061460643155,0.35357548159273944,5.677279129195934,8.231309031750035,4.802923411988346,6.660855025525334,4.379256013160932,5.617330968974918,2.587861916605413,-15.741251644780366,0.7435683552697545,3.362778442301064,4.9522866767232285,4.329836197213216,-0.5245578668970621,1.002247588155926,3.7075116252265037,7.474130622329582,6.998961787939159,-15.741251644780366,1.5063087906494483,4.760344555355995,-15.741251644780366,5.2298113316994295,3.8195991148428337,5.904851449107614,5.354618586738532,-15.741251644780366,-15.741251644780366,-0.017681013523934582,-2.3877749591123227,4.97638839802012,-15.741251644780366,6.4655963220533765,-15.741251644780366,7.90718611643496,0.49462713072322206
-2.178201928386496,0.20519968404210442,-0.5658910267088528,5.942328303152056,-16.323016952917573,4.038001300306738,5.3525397643698795,2.483334278614724,5.069589934469194,2.6977083588202864,5.979567737512911,3.875915778593679,3.800847024975434,-16.323016952917573,4.198671111852521,3.278992136944884,4.203832460859319,-16.323016952917573,2.8333435071052375,4.129253479506249,6.364273962649616,6.7244702164401,-16.323016952917573,2.7025260621886633,4.430496770156762,-16.323016952917573,2.9745065881027823,4.777917902757236,5.156793310187862,2.711388910030554,2.004012245935108,-16.323016952917573,-16.323016952917573,-0.8045779572825128,5.295038106731873,0.11061917156038241,5.590002067340815,0.6336241245239441,8.048663311178062,2.1963319718919276
-14.177994878439145,-14.177994878439145,5.678270268223955,6.328805063187977,1.8077116986286725,3.9278381386891756,8.86910860763266,6.469501608105591,3.60099198553915,3.7355202191844943,7.591926575257738,7.386001587904314,-14.177994878439145,5.766282627248463,-14.177994878439145,-14.177994878439145,5.1778768608129635,-14.177994878439145,6.038769307880805,8.573778351956742,8.025538242292487,3.9503262169061744,-14.177994878439145,-14.177994878439145,6.31123075498154,2.2621843441520526,5.214751836637795,1.6967546414384567,5.804801537949826,1.923971492215301,6.489144953784868,2.632247502795584,-14.177994878439145,-14.177994878439145,5.682307703043823,2.5433233002557256,8.998133812766365,6.45890664594447,7.011937777413394,-14.177994878439145
1.0980414938467182,-16.27965089356238,4.431835842359585,6.094898965944937,4.601327843250741,3.5268491011628287,7.602938196627087,-16.27965089356238,7.202756151811812,0.8482258687873068,5.1635160257392485,4.211947669389635,5.510117178478119,3.5534548165226503,-16.27965089356238,5.011442636002064,1.4899838650241322,3.6544413287709188,3.429159965480506,6.59459777335986,6.824411221776652,5.243614526634716,-0.1329676885704212,-16.27965089356238,4.127437371224151,1.460798914839924,4.320328040323959,4.339731115774422,5.137042085251154,-16.27965089356238,1.9161347785588838,0.7678491678943571,-16.27965089356238,-16.27965089356238,4.457557296492893,-16.27965089356238,6.907411161156941,4.550602136184917,4.481421196082686,1.8103011023156612
2.157121381154867,1.3725566373746307,3.097000633823404,7.331122581044545,3.5134268264060324,-14.902542847863435,8.905294551356729,-14.902542847863435,9.049625577566454,5.677972085360032,6.838461391772324,7.838222635605494,1.5864265354465394,5.045410852639662,7.472538166169497,-14.902542847863435,3.034278736775985,4.458496659201662,5.531506407874624,8.01432099847501,4.11949868649882,1.9754236624704211,0.32639098191795457,5.365615855649671,5.528162370519941,5.803302124157585,-14.902542847863435,6.804620031986599,6.73468300735311,-14.902542847863435,3.139363417838746,-14.902542847863435,-14.902542847863435,-14.902542847863435,3.0868933503849973,-14.902542847863435,-14.902542847863435,4.806681604621855,7.948712999178559,2.4622977280085805
-1.114921590898587,-4.399401267328704,3.174523504723134,4.175389807436569,0.6875161195386872,2.026868883751758,5.31048847670299,3.9997045744851225,5.214554130760544,0.14674242041366917,2.7479936586503286,4.655595438668642,1.583365823837463,1.4507654077480137,3.0812046382084626,-18.016462106080592,3.280992811213864,-0.7799515064782445,4.020113335212426,5.7256429703415765,4.542497147621637,4.310420734836084,-5.142557523875486,-1.7904092238505769,1.1944471606196934,-3.795485773341709,2.597937076993719,-0.7324070618321968,2.7589691457956707,-18.016462106080592,0.14881013888017736,-3.2609438989999227,-18.016462106080592,-1.665668611763951,3.0881537269480566,-2.3184375634128087,2.7137793455952934,2.0319678720408376,4.258474809327621,0.12265117967190058
-2.018392408648761,0.057740643307167466,-1.5235475362074025,4.913926380030011,1.9055107651848744,2.244544878239648,4.978604955007955,3.361982317627452,-1.0529245666511557,1.4027269565713918,4.989235592628041,0.8107474187726095,2.698308042598472,-1.204755943996615,5.915415918950096,-17.427211700369263,3.681955789465211,-1.5087871224398968,-0.4762068829975798,-2.4117360582718184,5.00770020136882,5.597714802520141,-0.3520672866621638,0.23396838384522337,4.956141436325128,-1.3131239704068813,2.7226258961562664,0.7907406892588822,3.7682116950758786,2.316077855681253,-17.427211700369263,-17.427211700369263,-17.427211700369263,4.170655831908725,2.9614621326101402,-1.0940045891488404,6.812308768270696,3.4532629934105525,4.66199526910278,-1.749172447009236
-3.0709834140384156,-0.010522957490238159,3.3996840339575836,4.683690713247988,-1.227880248972742,0.47983827608362034,5.639875756003426,3.4836768270206826,3.6462879097317473,2.0945141188691765,3.848291576516796,3.6394542373979197,-18.07738184073129,-0.17858765105230304,2.2416830901666818,2.506162054189936,0.5489300109253189,1.0108205412718299,1.4355241749190237,3.562906460707651,5.04749146129391,4.464011097331958,-18.07738184073129,0.10300920578806828,2.6845372416582824,0.3573990374598436,3.2265677176119447,2.0870578981425645,4.323722338197097,-18.07738184073129,-1.429835042991003,0.4494591080422699,-18.07738184073129,-2.5355394409254908,5.074661114535069,-2.6524331703329374,4.473158603637641,2.6584842791783365,4.11055275130065,2.1338576535412788
-16.199312563599705,-16.199312563599705,-16.199312563599705,6.5787562636029655,1.1591842772249183,5.159873802973901,7.5927292029173135,4.852422140419234,5.448890516569674,2.6845360048819855,5.714108047205893,-0.14628880266151847,4.596711049610347,-16.199312563599705,6.152314995853758,-16.199312563599705,5.9384025393265745,-16.199312563599705,5.369649852796195,3.232532636798412,6.712675138303238,6.277706225493664,-16.199312563599705,1.7323040646760768,3.4035860559415485,-1.9391155433485483,5.401839918953063,-1.01771009673105,6.343055499128641,4.746984819188539,5.348255901645713,3.5169169309032835,3.5746743682294175,5.219268103356141,5.186300982868764,-16.199312563599705,4.418381625402029,2.596786373978549,6.000351101244698,-2.2615834879558196
-0.5793669557196041,3.134590634190718,1.4021803403010973,7.907836611516594,5.258685795414719,4.604463923395611,9.39479638742522,7.778449232635191,9.141844118395287,-13.932843641387647,9.186013908198525,5.610165921105352,7.550606336524725,3.6028027845717934,7.827736928061734,-13.932843641387647,6.459902210488575,-13.932843641387647,9.867417355188834,-13.932843641387647,8.66880574471718,8.919905498904441,-13.932843641387647,-13.932843641387647,6.608744432685024,-13.932843641387647,5.57929049739163,5.729134595840899,7.397156002652962,-13.932843641387647,-13.932843641387647,-13.932843641387647,-13.932843641387647,-0.3786965488573251,6.6446794046622095,-13.932843641387647,8.525069720631844,0.35890171669081805,8.499535292922273,2.4934718067153847
-0.11276467116772543,1.7327967669774096,5.104554718235223,6.029496527058255,2.4344608113998545,-16.40565369646226,7.939873846725977,4.24197222735398,3.223181101196746,3.300561408223875,5.822309345361915,4.355235425543667,-16.40565369646226,2.7861070237316055,4.169726793570702,-16.40565369646226,4.937656228983058,3.1211113543054347,5.501667911275763,6.040971419876209,5.432320850866962,5.412216408089393,1.6570655763300122,0.8984544639886789,4.172609490709923,5.010574304429578,3.900914180959802,2.168691903609848,5.6377399896081855,4.80274450179164,0.4848623621398872,-16.40565369646226,-16.40565369646226,-16.40565369646226,4.046420026258806,-16.40565369646226,5.963846676685648,4.867160276976042,6.160690320601754,-16.40565369646226
-13.301684360601724,-13.301684360601724,10.029196788798224,8.03648599538384,8.246703839700029,-13.301684360601724,10.972175684758792,-13.301684360601724,6.935188270345719,6.102160412400341,7.140755846013614,7.930084405342427,-13.301684360601724,8.40214194361176,4.205451902075949,2.46116404106239,5.165689120886429,5.617465990981643,8.043157464939977,8.770597037836133,6.883624436899166,5.236334884660715,-13.301684360601724,-13.301684360601724,4.731125598381821,-13.301684360601724,-13.301684360601724,7.392420396031289,9.066266834525907,-13.301684360601724,-13.301684360601724,-13.301684360601724,-13.301684360601724,5.922476700072611,8.353658939844413,-13.301684360601724,6.404420136850891,8.689680529616941,6.31775562363937,9.16739822376376
5.168062416107051,-12.974226315510665,-12.974226315510665,-12.974226315510665,4.611974094801277,-12.974226315510665,11.284797515922726,1.929846531968497,9.863043105073693,-12.974226315510665,9.140930691410702,5.361767631158267,1.8565152845014423,4.388888138003141,5.262531602300002,-12.974226315510665,7.02405073708435,3.1897983628470334,3.08199403811254,8.588125182833036,7.634313060815828,3.639784407379229,-12.974226315510665,-12.974226315510665,4.908257625008731,6.741291181812182,3.3336629897932926,-12.974226315510665,7.58514317432197,-12.974226315510665,8.201350047411571,2.7943120011217477,-12.974226315510665,-12.974226315510665,1.7332826915947008,2.5183809902773944,4.43941811063556,11.525585013225152,8.030723642838403,1.8528855177683863
-0.9065465108454804,-17.312074278019125,0.34632356797006725,1.9782667040700233,0.37380363095517277,-0.36848821571113133,5.4599290179109685,2.407625781669683,-1.1557198186973274,0.4043983582363185,4.28088951103359,4.230332420243333,3.449122980724623,0.12189329658657506,4.033948464050303,-17.312074278019125,5.189195182341594,-17.312074278019125,4.078995290661399,6.406021425484535,6.046242301524358,4.381667400238425,-17.312074278019125,-2.0638627474573474,2.7586871587497033,-2.2935911157622417,1.9176682755422993,1.5880033463871395,3.986556954392568,2.367947752627142,-0.323103716858614,2.5774711092556384,2.783176475179012,5.8051947219197135,3.5882995495060444,-17.312074278019125,3.8840722959512535,2.886537428914637,4.323112758685252,2.016300354616414
-15.908679765746273,0.6055038988023622,4.692746068294772,6.324287622947609,4.87447630671507,4.928673398130085,7.9002180050141355,-15.908679765746273,6.653213223051732,3.0934900828138074,5.277130701777149,1.9802921605420567,0.4990960351767967,-1.5392835198430834,6.222389935652575,6.856482794759789,5.538369144120099,2.4777200545779703,1.3628319974765248,3.755752035423448,7.203249773049178,6.157500481778413,-0.5434810874394707,-15.908679765746273,2.9467659618332864,-15.908679765746273,4.505530539701737,2.3549962410959386,6.037575900494008,-15.908679765746273,3.7781877317571175,-15.908679765746273,-15.908679765746273,-15.908679765746273,6.5839022297646705,-0.8262213226045739,7.36850014800249,4.024641607846128,5.13649564292591,1.0384043323324652
-14.151379994573055,4.002335931576195,4.402344531891341,6.866568355214649,4.605201401248506,3.2545699722781083,8.62432610867867,5.953753367474315,7.476359021624283,3.47611223674347,8.35907655755416,4.338546931447093,6.165915608210503,-14.151379994573055,7.234166516534268,7.2586174878270535,8.484793050807216,3.362712817725143,2.1220086264077334,-14.151379994573055,9.532290375365536,5.4493394064822835,-14.151379994573055,-14.151379994573055,9.581665488027351,2.636082359483081,-14.151379994573055,3.68626280941412,6.4802200149426055,-14.151379994573055,5.5556366468931815,-14.151379994573055,-14.151379994573055,-14.151379994573055,6.35234828289863,-14.151379994573055,9.607831125101661,8.005564618393334,6.941910284632218,-14.151379994573055
-11.977670241084335,-11.977670241084335,-11.977670241084335,7.882513824689519,7.538551416355241,-11.977670241084335,11.6424253449161,-11.977670241084335,10.499883355045485,6.191081612987112,10.926617392120379,10.243154012630429,-11.977670241084335,9.542814462345499,10.44879703829044,-11.977670241084335,7.012406881650469,7.963748342722917,8.573477804338728,-11.977670241084335,-11.977670241084335,9.510616827123064,-11.977670241084335,-11.977670241084335,6.945844282752612,4.923413340137557,-11.977670241084335,6.699666204451034,10.68523756960267,9.781867834228109,-11.977670241084335,-11.977670241084335,-11.977670241084335,8.06017846334864,7.020578473188435,-11.977670241084335,11.701036983884544,11.582290519298722,8.244192112326028,-11.977670241084335
-0.5522923169036804,1.9658043442366757,3.757555033413596,-0.028487952250900162,4.992502273714659,-4.057325207478373,2.8041790689931863,0.14898627901792036,4.672382663024183,-0.30221242630633816,5.696772045503493,6.760834379803498,3.660961901027977,-0.3496047861403054,5.1895692041438295,-3.2512388187751977,5.490745302700155,-17.09630914985433,0.21084872314483982,-0.6503495647652918,6.03630071758618,3.0587490968530537,-0.9409176178132054,0.017627548677415342,6.047144355104912,2.1544506335132723,-17.09630914985433,-0.8892871982103058,0.6189494029094897,-0.3405789754122037,1.715670169050403,-1.5143567597061356,-17.09630914985433,-17.09630914985433,3.666196631791203,-0.3843342647766253,6.19960326793057,3.81665099904266,3.7472077865717632,-0.7834693397989763
-0.0005507247724425672,-17.026904976230234,3.2847317958993867,2.8726721015800383,2.3541599409342573,2.2292468278309747,4.969632090122811,2.4778157305892483,5.215177981179771,2.524726167529451,5.509030187335526,5.210080510311397,3.6498979873533965,-3.1721727435746785,3.6871384658633004,5.981172945445178,5.00310052033898,-17.026904976230234,0.26243368542924356,0.3751754447165668,6.5381356858308575,5.8714727447203945,0.6189846198230656,0.4211792260849119,3.0186341728515047,-17.026904976230234,1.8446602923918007,1.7600841675619927,3.6210552496792268,-17.026904976230234,1.2877483741951259,-17.026904976230234,-17.026904976230234,5.612971659730742,5.396870894330176,-2.6749004629562396,6.146218749397393,3.8011171947930653,5.153225515438325,1.3105028593966948
-15.198704326348471,-0.6177254611284556,6.6862237132901265,4.445045720564072,-15.198704326348471,3.976688958523451,7.093933392907018,-15.198704326348471,6.5578100491873865,3.117171314342709,6.70381017714409,5.249321712352892,6.217008446543842,-15.198704326348471,6.031626071023957,-15.198704326348471,6.773554524880485,0.34846195376528655,4.822050629103844,4.719677978534351,7.636737631760364,6.973391607603635,1.3073711862195956,-15.198704326348471,4.0161899114180075,-15.198704326348471,6.815871888980457,3.462566890383459,6.500079182480334,-15.198704326348471,1.8629080816632457,3.9502011296041877,3.7561278725350458,9.18779566723696,6.362618231886044,-15.198704326348471,5.852194799272575,4.847031742902078,7.331298258503725,-15.198704326348471
-14.749270420659892,0.8411926577075663,1.619584026466619,8.120642232770642,1.0811432911799708,3.2626899375125444,9.622138809713825,6.85831652263057,4.227476969038653,5.37435679540573,7.694853050436925,6.652744439567389,2.167682910264741,1.16057041463067,4.876182810786576,-14.749270420659892,5.2384625213167295,1.5436186046346427,7.136936829482759,-14.749270420659892,8.531020381679703,5.870721611931488,-14.749270420659892,4.018327824843861,5.664708294511465,-14.749270420659892,5.783427956488649,5.734442973708941,6.997575203350102,-14.749270420659892,-14.749270420659892,3.691114916371691,-14.749270420659892,2.5780840688954383,5.905555964134833,-14.749270420659892,5.677380230120747,0.9904889355639064,8.571263021451566,-14.749270420659892
-13.272337253414316,-13.272337253414316,6.1009661555168755,8.645832388820857,5.464175613697995,-13.272337253414316,11.176782720769866,8.483027068498124,-13.272337253414316,6.044268240541631,9.618740370303213,3.325093416138126,-13.272337253414316,-13.272337253414316,8.729306387601833,-13.272337253414316,8.590964286151532,-13.272337253414316,1.1583594841805858,6.486340068873895,9.81058186416805,7.91254085422686,-13.272337253414316,-13.272337253414316,7.453565105850592,-13.272337253414316,7.453744615788764,2.3884736986839132,8.35667997152296,-13.272337253414316,7.037577463911681,8.148879209553964,-13.272337253414316,6.168994241340051,6.211017675855835,-13.272337253414316,9.615260295814434,7.194137759848411,9.00325843401151,5.23415415612884
-13.4624646682985,-13.4624646682985,1.4143027378108166,8.684658620063496,6.865637816269622,-13.4624646682985,10.678064138237957,-13.4624646682985,3.0644239473058397,5.077952766127739,9.66718305541374,10.025686546232281,-13.4624646682985,8.578701586298367,-13.4624646682985,-13.4624646682985,7.585713995549775,7.62995492798824,8.18686399806688,6.757298666916208,2.76089158332631,2.03759146011542,-13.4624646682985,5.600333090362805,9.342485194205247,-13.4624646682985,7.6048588493356,5.956676486055997,9.68246534604199,-13.4624646682985,-13.4624646682985,-13.4624646682985,-13.4624646682985,3.364159314494896,8.165873206039722,3.072365748945791,5.9717787019114645,6.670427161260116,8.101221145240249,2.464470598264029
-0.4773727227368372,2.2792044157803457,-0.07596744636659099,6.074379730587992,3.3793827243715433,2.1982607181330103,7.8872330964893855,-16.495648148910178,2.7067857185121884,2.327225695968449,5.0385745710081125,5.973755468346433,-16.495648148910178,1.5260464679348624,4.0705076347464475,-16.495648148910178,4.22177062825017,2.244358680094816,3.196084443455166,4.05058213686519,6.82485922598137,6.029532087812575,0.1922965228246785,0.6960838388224244,4.265395053333191,0.23058136271771076,-16.495648148910178,3.097359924629033,4.5069071415289725,-16.495648148910178,3.103749131028693,-3.2077686381144574,-16.495648148910178,-4.14980921318821,4.693054656566306,-0.957370814633387,6.199809430624588,3.3656020529300092,5.035654834915867,2.427140334240992
-16.168141131614508,1.5727034655731291,-16.168141131614508,5.821669411047102,3.18855454098162,3.775111593931798,7.883250193346103,5.14055860520729,3.017030237621649,2.840437387733645,5.555157141670934,5.593123205812395,3.8552147104061416,0.8718296692891151,4.904788126594394,4.47353496937696,5.690129995313679,-16.168141131614508,4.920593867231278,5.207043559350752,7.4150819283423175,5.691844909056429,-16.168141131614508,0.11292343258371602,4.593518154281108,1.1654605891394119,4.244842497564741,1.616906356860695,5.055857568708122,-16.168141131614508,2.722793216587239,0.9856270437368053,-16.168141131614508,-16.168141131614508,4.727791471771295,-16.168141131614508,7.043894716137635,3.0621801127837887,6.462567229169162,0.13310914570560253
2.7591780413854425,-2.2961596545964214,2.7738808739655045,3.5939012561630292,-0.17710256607936817,0.14749657664616725,6.1839957648015496,2.006756786137734,3.398060999017699,1.3918972766320419,4.847799540641806,3.477199722572951,2.269927619774058,3.637152964540486,4.075020963386696,-17.406397654127662,2.9709070702716653,-0.26621081642480815,2.8900926127328375,2.633453489583814,4.033448647249854,3.0941995199771584,-17.406397654127662,-4.585136666808204,3.128934910963969,-1.4555378043419522,3.5014205835955408,-0.6927675963496062,3.279135163539964,-17.406397654127662,1.071324839637448,4.3680044438116985,2.355998410160597,5.403696127856352,3.4625344006048486,-17.406397654127662,5.264970213801958,2.482940543672062,6.001574012113719,-17.406397654127662
-14.023058019578958,4.757183507270426,8.375766748316881,8.31807411119579,7.250552187370453,5.467423934618165,9.311364519283147,8.466235717981359,7.859027386188845,4.041090641658096,8.337821051397261,5.835868915373746,-14.023058019578958,-14.023058019578958,7.204443777512891,-14.023058019578958,7.991946963900048,5.2191191477587475,2.1636305162156515,4.204401998841958,8.42790865047248,6.129118966578229,-14.023058019578958,-14.023058019578958,7.320467051009367,4.899790987100386,8.01831434028484,-14.023058019578958,7.147991400350389,-14.023058019578958,5.9132113915184785,-14.023058019578958,-14.023058019578958,-14.023058019578958,5.273216458081604,-14.023058019578958,9.675440400784403,7.089482566754438,7.600860916708372,-14.023058019578958
-1.5886783451901867,1.302456446955808,5.029358081765811,6.720708906786365,-0.44855724660323226,3.48013906084036,7.319526525381811,4.169127599749048,5.210898056824169,4.059157494555429,3.292090556434817,4.5353126664694585,2.9626991558188114,-16.472342327980414,3.4948791283637735,5.934849035951952,2.554783268145463,-0.9376428144114674,-3.500799514731978,3.8113792487569564,6.079003657137077,7.595307828947281,-1.9438814719640571,1.3747504882158736,1.5246075143333986,-16.472342327980414,1.9101172135413635,3.239827472566542,3.142624457737545,-2.3791992758423905,-16.472342327980414,-16.472342327980414,-16.472342327980414,0.5676284729232075,5.801394549968391,-16.472342327980414,4.2972630547262725,2.9055791380145686,6.290308388314378,1.0270351673998794
-14.127937154515402,4.216402366973548,8.580503499854876,5.456862683429168,4.245232617252488,3.8072607895923603,8.585246147616026,3.601394810782461,9.233571394692772,-14.127937154515402,7.732465929771373,5.515400751911494,6.202611968626009,5.998999636866518,7.780702594986371,-14.127937154515402,5.911161066633761,-14.127937154515402,4.23638486634735,-14.127937154515402,9.003547753778548,6.583701347201724,1.0985606210615426,-14.127937154515402,5.021064849831748,-14.127937154515402,-14.127937154515402,3.790877723560448,5.903141043363845,-14.127937154515402,6.169058646421189,-14.127937154515402,-14.127937154515402,6.18751081024278,4.779419959116609,-14.127937154515402,9.923654967754617,8.240342211372006,7.129274952774,4.600889842369176
0.9800727652217277,3.81715262792571,5.970880029390746,7.228806807934112,5.91166083949504,4.529605046890589,8.516294623731675,-14.84230877599614,2.9832585458000116,4.878836075194976,6.725893564527678,4.437457230295094,3.5716494322628503,-14.84230877599614,8.564331299391831,-14.84230877599614,6.998387832999841,1.3130827560449856,3.4419793545119886,-14.84230877599614,8.803140744382619,6.986571444632774,1.4224813404687653,2.8267478788417146,7.955414954987112,1.1558766910291873,-14.84230877599614,1.4276493101820749,5.203171289472537,-14.84230877599614,3.1437354979917966,-14.84230877599614,-14.84230877599614,-14.84230877599614,5.827398044910727,-14.84230877599614,8.788665991158448,6.651639192465631,7.419534645213679,0.9417119026054829
-1.7934064025574834,1.6311035717020939,3.2410935998264154,5.216218805425065,0.1735830107910605,1.9055099442679708,6.399912693981314,3.2644023104272066,-4.683773189707222,2.9914255715704225,5.949937814399301,4.011508071637891,3.8896259212915667,-0.30769040356363236,3.8315392978670633,-16.83855780399389,5.316776108805415,1.4775399108685119,4.814913504639643,2.377691325130816,7.001396967593187,5.371881131775373,0.1570877921021956,0.8578978244589875,3.67731479296001,2.1955773570239443,3.0117880471700706,3.388229004536379,4.151554545581955,-16.83855780399389,2.4255848854794753,-16.83855780399389,-16.83855780399389,-16.83855780399389,5.855388840472409,-16.83855780399389,6.550312004581533,4.514627832987592,5.4109838777813914,-3.2461895473446063
2.4527055339778405,-14.838800646654798,9.090108247039383,7.562402519337164,0.3011291346686898,-14.838800646654798,9.506902178608431,7.011532112284145,2.6400151399515828,-14.838800646654798,4.698004814325774,7.860229521121915,-1.7572571804395618,-14.838800646654798,-1.9908714833767454,-0.29574099832157646,-14.838800646654798,6.605397757345793,3.660136604510606,2.999558489728403,5.787348380613874,4.588852134063725,4.191591325050555,-14.838800646654798,4.472811998807564,3.6712636675771995,-14.838800646654798,5.531881865678872,8.467339092873281,3.6464498773215737,1.427715095628687,1.466604185527251,1.0636235918974832,-14.838800646654798,2.310342009139202,0.668649229417365,1.010107645377948,3.4760750495166417,5.894989614737356,0.6905080192479824
-0.8175895759354836,1.3993410452077417,2.8893846074608476,3.765088991727103,-0.9385421782157146,0.8341072216501997,6.015658269518041,4.038078186357361,3.1944161577869963,2.296544328083097,4.856957377748321,1.4143284941635732,-17.393110137223815,0.35363766471179214,4.084007499369696,-3.9061022573436537,3.7525500304587727,0.7266006534615206,1.411130886262974,5.251307591322245,6.054535838707599,4.50721866052484,-17.393110137223815,1.0873478201841538,3.2544294969396717,-0.36474178647545646,2.3505257299498212,2.039207885018483,3.9645661632830533,4.068524781481346,2.0265467089038753,-17.393110137223815,-17.393110137223815,-17.393110137223815,5.220575790508948,-0.5833683817567068,6.4073439894973925,4.660768203679522,4.592187012964674,-2.941022221087602
0.08800125105723608,0.08572593732364153,1.4241977416872365,2.6638005825470654,0.6828337224132385,-0.07291467790934572,5.034886354902984,0.7272200681236483,5.036399973724104,0.05894686837000255,6.261603580600991,1.0052006335783688,4.8644473213265,-16.8185518057199,6.163158086201668,-16.8185518057199,3.8084784244467054,2.8841177853178928,1.8510961773521901,0.6019129986092397,6.464577400100872,2.4562037871554625,0.20538015962908862,-3.0864217697387444,5.3004585984055375,-0.8724313007365504,-0.9412545140880543,-1.4769847268692942,2.9347851553208315,-16.8185518057199,3.215319801528383,-1.1144574426061105,-16.8185518057199,-2.8720121081566226,3.7063118730202027,-1.1039231105064824,6.393966225527716,6.988663204880899,3.3178889056972087,-5.4109757453581135
-12.98470565910127,-12.98470565910127,-12.98470565910127,10.36002800090633,2.44622508178179,7.079891717633656,11.576538286074914,2.3804930192055336,8.738912607713353,7.9163715799983105,9.654067082650954,9.844537754041784,-12.98470565910127,4.175784635787862,-12.98470565910127,-12.98470565910127,4.6312257500712075,2.897667784918251,6.739811326245348,6.859420714010605,8.746587439271632,6.633980120415197,-12.98470565910127,-12.98470565910127,7.79283053732356,-12.98470565910127,8.119712102054097,8.607989883985164,9.548575326992442,5.114391474516737,-12.98470565910127,4.195684052417242,-12.98470565910127,-12.98470565910127,6.530713215316878,-12.98470565910127,7.699465857743922,5.430258787912313,8.064715088428692,-12.98470565910127
-1.660134417010546,1.4953945551190928,4.742535939437297,6.379578467156587,4.778634533493438,3.1914692589293545,6.3570180528496865,-16.487246250289598,6.55426540787815,3.06390068667361,5.30618781853373,5.1105545552676785,-0.029113225371194085,-16.487246250289598,6.114650701043016,-16.487246250289598,3.7836986938353423,-1.334106240719557,-1.2854410812054642,1.6931447962297625,6.8046552184528535,5.914610357965867,-1.682194126964433,2.117587713603776,4.859371788949584,-16.487246250289598,2.7345837025121202,1.277583117114342,4.00606539675578,-16.487246250289598,1.4005336792835972,-2.920195769573363,-16.487246250289598,-0.6488643698587583,4.5781330253069,-0.0234354248574817,6.546710736717732,1.9827007444849623,7.1726736047065796,0.5407196049976026
-4.94547176601653,-15.765270050226816,-1.4132655369528224,3.606721022563091,2.505633780023073,-15.765270050226816,7.53154879570592,-15.765270050226816,-15.765270050226816,3.1335064990682495,6.543528226892076,5.047781645522544,-0.5684774217099452,1.0574072083486488,6.222647799889715,6.55152583760506,6.92532769988067,-0.20929314198345583,2.059208737374198,5.179898569398666,7.440976416337621,6.9870370563329365,-0.20055946354025397,-15.765270050226816,3.515300376181023,3.06466860671384,6.121243467145667,3.582997389296627,7.013472451073631,-15.765270050226816,5.239091215531524,4.535455729346798,-15.765270050226816,4.127286245230593,5.675952646675863,-15.765270050226816,7.968263408455665,3.927780194661506,5.697472965339511,2.1974937414227385
-1.7471803512057484,2.3069966480295587,3.7330215518874197,6.029410890594839,1.6852600718454338,1.4269984295889928,7.033079920585135,5.278205956183914,3.4532333580423735,3.2965920995258853,5.417261823243815,2.9101387536308416,3.423422419064503,0.19915716575388995,2.97877537944964,-16.768662015559784,3.854882929778514,1.067905326790761,-0.4541774684268091,-1.2339625019908371,7.287597662850765,4.5713611981633155,1.8685806763940631,1.4212209707375567,3.562701325347223,-0.17993786812592694,3.441124681826168,2.081395663056204,5.543624718030583,-16.768662015559784,1.6283406112776107,-16.768662015559784,-16.768662015559784,-16.768662015559784,4.280462793898685,-16.768662015559784,4.309967907226177,4.8066034686016135,6.508104818894863,-1.1781989371923252
-15.422899053916147,-0.6951053838689116,4.813599425984393,5.253998185550111,1.145635134527929,2.4802670948979544,6.134505584817723,3.55859676425456,4.298191314723141,3.4340346247612423,6.268957702584738,1.4913515727823452,4.924712873949672,-15.422899053916147,5.221810471206213,-15.422899053916147,5.2724404486177425,-15.422899053916147,5.7512067064635115,1.3973035685276025,7.601065097276228,6.7483158237454655,-15.422899053916147,-1.2567309201135997,3.184759066660992,-15.422899053916147,4.249029227989398,2.9977817000362186,4.520986106852511,5.082708163189786,2.916463179705793,-1.278084029385071,-15.422899053916147,6.972103209846509,4.971001235368051,-15.422899053916147,5.488753245214763,3.0627263880477935,6.404821969013024,0.9659868781013833
0.6358057345398441,-15.528218943817855,-15.528218943817855,6.638522306957134,0.2737952973411881,1.6871548061732748,7.157965854584822,2.2294557958927235,4.9081245333553385,3.4893733783187226,4.891899176418881,3.876037282553978,5.392519754510658,-15.528218943817855,3.440062847846473,-15.528218943817855,5.666449543912126,-15.528218943817855,5.8610489566787045,6.273548307337211,6.912149265281906,4.50449634041069,-15.528218943817855,-15.528218943817855,4.68849545699473,4.826010143080285,3.6748553627817517,2.5400634271877895,6.047498592925616,2.8669388531619395,1.59673917373536,-15.528218943817855,-15.528218943817855,7.318112898859983,5.978107901614306,1.8328779272855815,6.207262161869266,8.32020570846644,6.912757875792561,3.105635828491385
-1.3025248298053005,-17.13160431881004,3.7576588916769453,2.812193633290208,2.3535457571368408,0.07168063426802952,6.6693340824752525,2.07984928902165,1.8913137358182772,2.6473313318020586,4.108912455890179,3.1381294858326796,3.0842633489316005,-17.13160431881004,4.706534220477328,-17.13160431881004,5.783470345738492,-17.13160431881004,4.467138589205543,3.722233537005833,4.553376757085891,3.9496016620719376,-17.13160431881004,-1.3616485676975683,2.764891514486549,-2.4532033837578893,3.7657744772206367,-1.314613625500518,6.4120202415586105,2.9091179223395196,-0.9897920435781613,-0.3243694584885142,0.3135663601333953,0.13706339139266724,5.764858622852574,-1.504531500922854,6.474574976433528,3.3911230373779127,3.642801301691734,-0.46365459941485093
-2.9429974500407865,-0.2374952584634667,3.5856630600579895,3.466620407147077,1.050265182490269,0.23495010878427244,5.474645032191746,2.700964533022293,2.8138470680243413,0.488441736141765,4.1547763191842115,3.5042637995875934,-18.127147688339125,-3.6803648216182405,2.376443574677493,-18.127147688339125,2.78065391971843,-2.487087677033495,4.221832872299833,2.515992105211425,4.241430798232145,4.309038213859771,-2.390312310379278,-1.3214199872324501,5.459892077419362,-0.15134876925565705,2.710811974007822,-0.26386018650793575,2.8971852414092183,2.278746333381624,0.8109568693679998,-1.199455999673831,1.83207629141773,-18.127147688339125,2.3259222984730017,-4.7271510591861485,5.25942966726291,1.1071707189402369,4.001898910803626,-2.820982528705517
-0.7692669308224434,1.805251573770586,4.551783164301262,5.6615763744754055,2.2907979371021656,2.8899834968146205,7.262247459963429,-15.696635333152162,4.811827077994659,2.5574003452046052,5.770979225007499,2.494506464977332,-15.696635333152162,-15.696635333152162,7.477941589656507,6.1693521779070934,6.585738868025062,-0.5074089431103325,5.36728683273732,-15.696635333152162,8.153430074124373,7.056022714017405,-15.696635333152162,-0.8622770939778758,4.661534489102116,4.731144729511718,4.4495404276612245,2.452761497274533,-15.696635333152162,-15.696635333152162,4.759600372379409,-1.2340210095692772,-15.696635333152162,-0.3638019323633717,7.025295735582313,-1.4624137824351826,7.361069820881709,6.124796026343904,6.794092157660083,1.5063117250194307
0.7508862570073578,3.683884196448085,-0.9298849731002925,5.599347745709395,-0.04561685966836301,-15.939318302567258,7.26214590061208,5.001636235814774,3.3542027315629483,-15.939318302567258,5.3919125735138556,1.3802470525740667,-15.939318302567258,1.2636287556043349,6.383910703052614,-15.939318302567258,5.796983779473607,4.077370578734524,0.937244041910056,4.473774425455502,7.566964814749247,6.062701227535305,2.0331985943981796,-15.939318302567258,3.9724446564734146,2.113337630699567,3.787855735009122,1.1211256535556666,5.591409521458003,4.547870708919316,4.141854621542161,-15.939318302567258,-15.939318302567258,-15.939318302567258,6.7928928430813,1.9808171435228787,7.324890255532088,4.961323549617558,6.844945025606719,4.289241294133062
-15.224671425081393,-0.16212828597445617,5.964138111016453,6.555238216058246,3.908566897854624,1.9639799510443061,8.202442463022473,5.908775051690258,6.374404757947344,4.09820113042242,7.107536201450527,4.848487565409642,2.9172209268045872,-15.224671425081393,6.187236460038429,5.4958205693184,6.456974814801885,-15.224671425081393,-15.224671425081393,5.801701899258055,8.313932470168535,7.244175553282595,-15.224671425081393,-15.224671425081393,5.542132714836897,1.7659720765917115,4.935826161888559,3.6584846879931447,5.98916018443591,-15.224671425081393,1.3147627487581763,-15.224671425081393,-15.224671425081393,-15.224671425081393,6.325647290425987,2.2210296171592714,7.502509283341712,6.842813389394395,8.198355687948746,0.7633156544251155
-2.434384205256565,-15.228246293462778,-15.228246293462778,5.796804206047697,4.284860983424627,2.791956898817835,8.644862067519057,-15.228246293462778,1.6501878343466274,3.803666343275085,6.779034748067674,6.116283967107218,-15.228246293462778,3.2571917070778156,-0.9427314812529636,5.272975388861351,1.6188462391884497,3.1507787856461094,2.437624630809605,3.031913535395709,8.810304580398915,7.4196360114629405,1.3447394123830039,1.2798624287495892,6.373400702700023,1.3268131972625583,4.429735645165629,3.674798875606763,7.126614173109899,-15.228246293462778,2.797315649281173,-15.228246293462778,-15.228246293462778,0.8828248432635069,2.626096134411379,-15.228246293462778,8.633242641364344,5.650971458113045,4.9143435396038075,-0.7246005942496663
1.9105805189120664,-0.6376356913568428,-16.241566984507724,5.724575974004612,0.9301436240554729,-16.241566984507724,7.370526084891507,4.320061888012999,-16.241566984507724,3.3136400211761643,6.806665597223605,2.595914383808075,5.006279442028817,-1.070221015176342,6.91058967077316,-16.241566984507724,6.491199305492545,0.6443194364100183,-1.9749801702407608,5.808742023418548,5.939657846277389,5.423700215521985,-16.241566984507724,3.2806218545484715,6.213359707494444,-16.241566984507724,3.921175154227434,1.1899835082824772,6.9231359087720925,1.9718435695898717,0.5540545168947847,1.5081194030876448,-16.241566984507724,5.530087450278831,2.7259048094312828,-2.000788037544548,4.618360342069383,5.099109042946217,6.2083863251009,0.4338561811417734
1.4306615569269296,-15.836105614278006,-15.836105614278006,5.684171800709312,0.8167275390749229,2.420172085169642,7.2441122815732335,6.248652027910632,7.212539542189421,-15.836105614278006,6.862579242205516,-0.061909574725983026,6.156111451641423,-15.836105614278006,5.339578889418109,6.343190512706349,6.421428368891085,0.32791906407969185,5.229515123157869,1.9814514700401955,6.783588968853852,7.364053181855165,-15.836105614278006,-15.836105614278006,4.907227521798649,-15.836105614278006,5.30889230389635,1.7249010218430068,5.371436511817001,4.356641967256491,3.694753608008834,-15.836105614278006,-15.836105614278006,6.6236993988628985,6.2418555519505485,1.680953825586129,7.1650160525029545,3.760703863855003,5.382045471641537,2.5022798978052916
1.4679585300474702,1.904578793495795,-15.695348668013587,6.782092452006492,1.3513615040177935,-15.695348668013587,8.21331976421682,4.495953027666541,-15.695348668013587,-15.695348668013587,7.42480739147371,5.989280688275839,-0.31539735434094957,1.1665873253487116,6.853552967457367,-15.695348668013587,1.733239657617057,4.385044766148437,-1.2485658012927034,-0.5688059638882269,1.7240279969559567,6.6716521550068135,-15.695348668013587,3.6969818297177923,6.377013170822498,0.9445126060962366,4.533686420377906,4.268437861819693,7.169316561049423,3.9115888775125556,3.423864733748206,0.34694537740330966,-15.695348668013587,-15.695348668013587,3.88073419515799,1.632304195397504,6.232077955888918,6.37223261682043,7.306883522630617,7.435521519452762
-13.20354677661737,-13.20354677661737,7.258042560597153,9.527784088465564,4.686275706822679,-13.20354677661737,10.644893251033436,-13.20354677661737,4.147109164673316,-13.20354677661737,8.567009984391074,7.97698566763348,6.909699058183445,8.331702055956377,8.119587995856264,-13.20354677661737,6.522028452953914,5.349214316454908,4.3726986958279035,9.05748050386185,9.83682126834729,4.624194065285073,-13.20354677661737,-13.20354677661737,6.17333748436381,2.4666982062308573,9.436247477326388,6.9347444397216735,-13.20354677661737,-13.20354677661737,7.084217337390076,-13.20354677661737,-13.20354677661737,2.716098057568323,5.542184083480426,-13.20354677661737,10.65470662623709,8.770018998339342,9.139875325641578,-13.20354677661737
-1.2193978712865672,-0.05204251619275361,5.960627188270942,4.7683110688352235,2.2818650128454974,2.0470663961822426,5.920053419836695,4.02309516262575,4.762221115062718,-0.0035113876690976795,4.905886213806891,4.340183443321699,4.571001132421972,-3.4054481617581045,5.236540327792469,-17.115599315175047,4.564504010675412,-1.1050887635380957,-2.529980072551843,-0.27771450402486964,5.978511951440906,5.721767911002046,-17.115599315175047,-0.32813696111890905,2.6454889097421237,0.6771600518721993,2.832180668659878,0.6125340882773483,4.1940633329407575,-17.115599315175047,1.847289439586608,-2.8238539570965813,-17.115599315175047,6.378108566609557,4.743381898712169,-17.115599315175047,6.062403441158377,0.18789778508612084,3.830722070013418,-1.7696938356669316
-2.1741099430407846,-0.5871454388575016,-16.35426430903717,5.2264081228689925,-1.0105256771446238,3.4329161712568848,7.783695749433918,3.359416086555244,5.001814669960581,3.4261614633688104,6.488164859225835,5.2006228659182065,5.510829743673077,2.442040707880941,4.327335428274147,-16.35426430903717,4.4530852912002175,-0.09466900899960026,4.089287626429387,-1.4138238294121424,6.373750503651393,6.318495248438252,1.095669543644135,1.677808458622715,3.652831342238335,3.8944435449210943,2.8957539742887874,4.364270354538081,5.77727995902262,5.055380858651842,-16.35426430903717,-16.35426430903717,-16.35426430903717,-16.35426430903717,6.5172400886815325,-16.35426430903717,-0.7503330158862905,6.424225937817906,5.186200940914078,0.5353275351241541
0.3529657539621313,-16.233256828846468,6.8454000010117735,6.048818668325332,-0.02715020899034906,-16.233256828846468,6.645463224807969,3.553439037918621,6.637847243704864,1.2476086637798693,5.468462942650091,3.66097337580432,5.239007081872733,-16.233256828846468,5.361348398507232,-16.233256828846468,4.115809983319602,-1.9990352781294898,5.0850857032649275,5.152521708599343,4.790979892618337,4.256954001439402,-16.233256828846468,0.9300503692145882,3.3774296352454116,3.0872193485173822,3.9113683920890856,3.8514257694241594,6.899276642580445,4.511525852540904,1.5877670958482257,0.6595660357471668,-16.233256828846468,3.284201191167732,1.527131090770488,-16.233256828846468,0.7319938580144086,1.863216175134011,5.4026290114861055,-0.428502860321612
-0.24222868079047147,-0.9289822917412714,-1.6659492636077937,2.8409375653106617,-16.89973747067573,-16.89973747067573,5.290990187139432,1.4132467089583582,1.4529855907966078,0.42851187349875197,5.155308462030419,4.9937851192664064,2.8440049296428485,-1.5868382803723575,1.8643201961650855,0.4858690335656654,3.20193876738172,-2.607992112597265,2.7998194504127327,7.5342889234321815,4.712735630146075,5.887272343470195,-16.89973747067573,0.9997305734648442,2.569244244908702,3.328198725519827,-16.89973747067573,0.6003935095887994,2.687681394106155,2.948379580126933,-0.9536169656923826,1.324441665080219,-16.89973747067573,4.098672162783819,6.626999650178766,1.9407056926576531,2.9042080523437463,3.9622636957721706,3.78195609140217,3.8054051290292796
-4.207215216449239,0.6510983390088314,-1.494499200269531,1.5374155737381474,0.27786491256875023,-3.2068424765878865,5.456931901507648,2.5507552712962838,2.605899834453465,-2.6262503714701113,4.096222655994627,1.4679734915742828,4.146569384525311,0.8248249953481387,5.064353825140985,3.8941417470016537,4.880101006285827,-3.3086251017734516,3.022659946686889,1.9805066445164365,5.295683032754804,5.345799412268383,-17.460608610644396,-0.24556869472968415,0.9301282672388625,-17.460608610644396,1.9171976634604095,2.7786682581121163,5.242060176977514,2.2929129763310385,1.2744448283152614,-17.460608610644396,-17.460608610644396,6.016349785346617,4.936325487580982,-3.406080364808359,4.262472597253922,3.2819597295373937,4.414424741868347,-2.108230618027118
-0.02121259469454952,-14.977756476699652,5.792221176623078,6.142996059325324,-14.977756476699652,-14.977756476699652,9.101983048463685,5.14888980174385,5.077795982893398,4.531115784461156,7.244772967306276,4.01616115677708,5.554046146746541,2.4505621254032537,4.464763500714232,5.185703556009382,6.743697079923178,2.9002639371724848,2.5452099454913704,0.24139732641934097,6.172546771334645,5.625790703609175,0.7893623934800174,-14.977756476699652,5.380542995858939,-14.977756476699652,3.0037989731654102,3.7080539429050474,7.332055238281202,-14.977756476699652,1.3554506345207709,0.9234262969186885,-14.977756476699652,-14.977756476699652,6.3868578560993985,-0.1764287510783541,7.94327823398237,4.476500136630313,4.758205863810172,-14.977756476699652
-15.136561459461007,-15.136561459461007,-15.136561459461007,5.781209743484235,5.325832999408283,3.1930998970570923,8.656573337113011,3.8307366781444534,7.064499398895624,-15.136561459461007,6.896182487256619,3.464856261501623,4.128355323713016,-15.136561459461007,6.953871983111303,7.080581034505484,5.831750311633989,3.8854252668666773,1.756261405132629,4.727549839343221,7.651645037870907,7.105302503221563,0.7976114735286844,2.454006271794035,6.828559500001989,1.2629467264071932,4.917469018924515,4.515775349835321,4.624291172612477,-15.136561459461007,3.850795806671435,-15.136561459461007,-15.136561459461007,-15.136561459461007,6.650997786374089,-15.136561459461007,9.09278326012617,5.440649175175554,6.358269870641744,1.2377256742571006
-16.105607625005934,-1.0546253049587224,4.698814146823529,4.9479255242014695,3.4235367269655708,-16.105607625005934,4.818474352188657,3.2962148268890297,7.317431587831481,0.26246830910177055,5.436406675192487,1.4404040857439093,4.156225746696751,-16.105607625005934,5.74238324287388,5.903303165186909,6.08912517743917,-16.105607625005934,4.528039804325013,2.500224011060333,7.238979178138143,7.1003240196662025,-16.105607625005934,-16.105607625005934,2.9750253998174943,4.122049555620842,3.4314925845389066,1.0470950201811835,3.066347692900633,4.44179177714476,3.9337482387146228,-16.105607625005934,-16.105607625005934,6.588737515213798,3.775686146629559,-0.9316876523419311,6.471821112278948,3.4853236689702256,6.3075731994200215,2.284201465592874
-11.455629149246125,-11.455629149246125,-11.455629149246125,-11.455629149246125,7.926392174957903,-11.455629149246125,6.0522547769991455,-11.455629149246125,7.82498359714292,-11.455629149246125,11.4123450010211,12.772273240449348,-11.455629149246125,9.62465357387011,-11.455629149246125,5.915229498778991,-11.455629149246125,5.496679165972365,9.658319744980137,9.565924817306378,8.294352236952633,3.2311751930715222,-11.455629149246125,-11.455629149246125,11.079287015789518,6.728442805107914,3.4314653674640336,10.17318593624667,2.958718459257251,-11.455629149246125,10.244789190115952,-11.455629149246125,-11.455629149246125,2.738318529369666,3.3268656351358863,3.3823326961328597,-11.455629149246125,9.936301609056533,10.703342448792204,10.812433673966932
-10.690819121218,-10.690819121218,-10.690819121218,8.107544356684556,5.812538998558172,7.761360299483658,13.980600087198487,-10.690819121218,5.688101225063816,6.923769705549686,11.509413245186343,12.43025925792288,-10.690819121218,8.331551198284327,-10.690819121218,-10.690819121218,-10.690819121218,4.535678654358945,8.797705381168328,10.972586778291655,-10.690819121218,7.5851826229216055,-10.690819121218,-10.690819121218,8.009763515425762,-10.690819121218,-10.690819121218,4.8510232785878005,12.874412818913571,-10.690819121218,6.447206332435986,-10.690819121218,-10.690819121218,-10.690819121218,10.24403577101223,-10.690819121218,11.988169986931421,4.892841210983644,9.748783225946397,10.942216231014916
-2.3712265463849658,-0.10881273006782739,2.1228303745621604,4.216572968100569,-1.0538135473583696,0.01178568225572758,5.585095507174321,2.458056596770377,3.8654217451583337,1.9084384201725282,3.954034661739176,2.144661380941383,2.5996017386600854,-2.9052354173870123,3.687019972205123,-18.266178771029068,2.0349283938927103,-0.1254765019124376,-0.8413732112227745,0.14131542125186072,4.206853716763029,4.3496657548605695,-1.80875774324206,-0.17192091398490017,1.4333781500593954,3.784875341053813,3.3088435437381563,1.0546633269326096,3.611572313267004,-18.266178771029068,-18.266178771029068,-3.5343770811907187,-3.0013988180417583,1.7061200784923534,4.03943123555882,-2.7102018627857083,1.6878144971261022,4.325438681241945,5.056475010386809,0.13623617430074147
-12.969357421867452,3.27713153181001,7.636407840651646,8.071554548177984,5.282431197442543,5.862637961609753,9.90061366755873,8.026961504591569,8.322908603462112,-12.969357421867452,9.631102185185043,-12.969357421867452,7.720899569305526,-12.969357421867452,10.250974175773095,-12.969357421867452,8.966896460029119,-12.969357421867452,5.798240823636301,-12.969357421867452,10.416943816416456,8.990257408596515,-12.969357421867452,2.942943438961386,8.71717814852875,-12.969357421867452,6.782659790265363,4.931961384106184,8.4973921830032,-12.969357421867452,6.698068221129107,-12.969357421867452,-12.969357421867452,-12.969357421867452,7.83460321870709,-12.969357421867452,11.01868184378037,9.413295819592593,9.547615985691372,-12.969357421867452
-11.407201572270939,-11.407201572270939,9.59796717061756,8.857862717663249,7.603873550207628,4.840166502264978,12.18988762790205,-11.407201572270939,9.504732307356353,-11.407201572270939,9.685024435929293,-11.407201572270939,7.494299099543773,-11.407201572270939,10.9846763359365,9.20753205896665,11.054721787522176,-11.407201572270939,9.450787447710589,-11.407201572270939,11.257355190240192,9.863873486309618,-11.407201572270939,-11.407201572270939,7.853666099206984,-11.407201572270939,9.129083873546355,-11.407201572270939,8.386510975101116,-11.407201572270939,7.3229472047934365,-11.407201572270939,-11.407201572270939,-11.407201572270939,10.040215804582843,-11.407201572270939,11.23495405848049,7.896957417942458,11.872533149052678,-11.407201572270939
-0.35159186672737053,-15.55589391538665,-15.55589391538665,3.3346654562490814,2.3107057135321787,3.566447669848478,7.802051109728109,-15.55589391538665,6.28295276028567,-15.55589391538665,7.207249791412712,3.411635757296069,1.087521864624717,4.763665267963825,5.367263223282595,4.29760688950889,4.585354583837897,2.823443875453428,6.030928321671621,-0.9294526967617015,7.7059370249523385,7.554949605256636,-15.55589391538665,2.336815062919654,6.12265641814404,1.2463082219335515,4.494164615739879,3.89679624812878,6.761038111876569,-15.55589391538665,3.5021569989434718,-15.55589391538665,-15.55589391538665,-0.4790852031910917,6.342386453598938,-1.3688191113349584,8.634707169755787,3.473192786112747,3.665846270808588,-1.0323470717579637
-0.5748061924603897,1.6080732383917902,-16.889290739593363,4.8036852621594885,0.9114933041260084,3.203389486925161,6.096766833368628,4.4018311273330255,5.995922464700693,2.305702343946661,4.913340004887291,0.7770055355908891,-1.7076882727247114,-16.889290739593363,6.593758429497149,4.732582395261785,1.5882428253991145,0.08109035590711978,-0.9943385149492628,4.370287165468415,6.601963881141828,6.26018214637064,1.5866354880475073,-0.9856265754315038,4.070311243242754,4.310159586295012,3.0579461850685274,2.132147741109558,3.9588617323763753,-16.889290739593363,2.2888725651122925,-16.889290739593363,-16.889290739593363,-16.889290739593363,4.242947382120961,-1.9391571338945914,6.49946846671085,3.5960985477053242,5.006364351326726,1.5422310374290507
-7.430523891690982,-7.430523891690982,-7.430523891690982,-7.430523891690982,10.603758821587148,-7.430523891690982,17.74585999793807,-7.430523891690982,14.708213968273665,-7.430523891690982,13.444062911789167,-7.430523891690982,12.322047827141663,-7.430523891690982,-7.430523891690982,-7.430523891690982,12.429043665872362,-7.430523891690982,-7.430523891690982,11.504715505594124,14.696954807123225,13.620223890759245,-7.430523891690982,-7.430523891690982,10.24445244204202,-7.430523891690982,-7.430523891690982,-7.430523891690982,-7.430523891690982,-7.430523891690982,-7.430523891690982,-7.430523891690982,-7.430523891690982,-7.430523891690982,12.95251667621017,-7.430523891690982,10.483821150360248,11.03110684818911,10.126221374445949,9.850097404948643
-11.98999164963735,-11.98999164963735,8.140279988508352,8.615233619619149,-11.98999164963735,-11.98999164963735,11.446110914761576,7.799150389828096,-11.98999164963735,-11.98999164963735,8.251845542012243,11.190255358674822,-11.98999164963735,-11.98999164963735,8.088040598269545,10.296712139541711,8.550456508667011,-11.98999164963735,7.00019864007481,7.331094321022996,11.765741394765865,7.933610269591418,-11.98999164963735,-11.98999164963735,8.779938284427354,-11.98999164963735,7.929709282720237,-11.98999164963735,8.299147226125152,7.772718041750039,8.505720928761674,-11.98999164963735,-11.98999164963735,-11.98999164963735,8.887333435242265,-11.98999164963735,11.958795084736849,8.023875668195833,10.167682293640558,7.0962081128975525
-15.961608609236118,2.3493688807837527,7.20927123783615,4.485389761391967,2.5273847842380186,2.982557293353514,7.841526125153801,1.260750035044634,7.284451972421093,-15.961608609236118,5.736292336936022,4.946026686953177,5.697032682582326,-2.6908235025770715,5.016795447860853,-1.7745338051844266,3.892846280404534,2.858787417548914,4.831043356128267,-15.961608609236118,6.521865828688519,6.302351523519439,3.2552270698610215,2.5110002370705775,4.225753085276758,0.6999735057997483,-15.961608609236118,1.5512455060435122,6.111303164762841,-15.961608609236118,4.863446374515547,-15.961608609236118,-15.961608609236118,7.266899859349367,3.9631717556900066,-15.961608609236118,4.96690561218439,3.9705664050260223,6.728404482949604,0.30058747227604127
-2.425988049014648,-2.3336148000410732,-0.23776514857278336,2.0282646723254305,2.4403041361127618,-16.456610793047155,5.310716105648214,3.2436695761356247,4.442497322934203,2.3337697094760497,5.103361296863703,-0.8884279812526626,4.963515322869231,-16.456610793047155,7.412569992337031,-16.456610793047155,5.9854925042871585,-1.7614730726426444,3.3674426460175186,-0.08542443676692517,6.83607209870623,6.535574764325139,-0.7942213089050524,-0.8181649868355009,3.1037602045303476,1.277501105574253,-16.456610793047155,-0.20836436982748166,3.1015182665648795,3.2424449725905014,3.7356097075691164,-4.068212424065041,-16.456610793047155,6.383215331651404,5.780169989033119,-1.2750083261785017,4.912354159796187,2.606397414395847,4.799128650656543,-1.7656310810624016
1.118466800960989,-18.22277554569913,2.2887934766024793,2.0892384738860876,1.8696980013132003,0.39798481815554865,4.194418238273685,2.0850354530248074,4.195659929116088,-2.295840279136602,4.229821012378425,1.164470709804885,2.8688556360902826,0.20696405265140155,2.2920382899078304,-3.6605765663133445,1.3388104023068925,-4.114594627503658,0.4743999326488154,2.409602320148688,4.138229905617895,3.7678772351118948,-18.22277554569913,-0.7168866325346285,3.061778965413645,1.2794730557027214,-1.0531591786659513,0.2238653096665062,3.4135959565779372,1.3398004539630952,2.209295390699905,-0.4160611659548119,-2.948649732477227,-18.22277554569913,2.416521554547671,-1.296865594619593,6.068743014010274,5.4298188386364705,3.7930260185675975,0.804677168517511
-15.11254864329325,2.0842967012389666,-0.3887791219263607,5.3073527951536805,1.6769597471776272,3.370731251808834,8.405829103872762,5.736847516678871,5.302301662175734,2.8915555029638336,5.970445472118107,7.669601373423788,3.1518291179555176,-15.11254864329325,5.238188673242657,-15.11254864329325,5.2701967755910575,-15.11254864329325,6.322052955028943,2.537671838604105,7.68675294232359,6.638864099006435,-15.11254864329325,0.36688820178311493,3.397149806125061,2.093435366662925,4.649429098463332,2.325701592989816,4.907519679259916,-15.11254864329325,3.8691754462918566,-15.11254864329325,-15.11254864329325,-0.7605441300192576,5.804621412513918,-15.11254864329325,7.79730540498012,5.398167331786648,8.509705059444435,2.7816851129192344
2.1942519910834464,2.363082865855106,-15.839441880731899,4.049481809290822,2.017539767419011,0.9536370310751899,5.23069903868599,3.3298207553988806,6.211490295001637,0.08870330718695126,6.4096889372781565,3.9303504358073473,5.234396317918791,-15.839441880731899,7.4431003296879785,-15.839441880731899,5.708784179318253,-2.9915127174538463,5.023403274088745,5.3441812090395,7.556651733742681,5.134232419455217,-15.839441880731899,0.9278491155037853,5.481274883003168,0.35931176549479293,3.0453501730482997,1.7684068622573719,3.7100893381832334,-15.839441880731899,2.902524950338182,-2.4702168628972654,-15.839441880731899,-15.839441880731899,3.3650947484722917,-1.8841685108276276,7.536101371356798,4.757353293295378,7.358139720121936,-1.2130006621069511
-1.7307148350395467,-0.41862418671170143,3.098507196694112,3.780276795158852,-0.9640521789006326,1.000989192276003,4.701437003052052,3.803477216922396,3.711839186741835,0.7404857462840514,4.5188792738778645,1.2169483287323144,-2.60917299455977,2.698590434597694,3.662935242716995,-18.036119667221595,4.034819238263012,0.06628234404911486,0.22930980313899196,2.4489016721443844,5.673668158574424,4.708342678128169,-1.1996964884163301,-1.2553359916416493,2.574794607997041,1.2160779309093699,2.133726150065595,2.0670077878773085,3.0976518865926437,-5.529938725544239,0.8755308779057356,-3.0481266624252816,-18.036119667221595,-0.25960546256356287,1.4500301502512867,-4.7314330663580355,5.903460717361084,2.4566254753308114,3.9844644981823856,-18.036119667221595
-2.750299476247353,2.3230030098836845,-16.535351857654224,1.9355466119689837,4.752670815648115,-0.40335320290758675,4.850555560054206,-2.2251444480979297,5.391498708626765,1.6674216142138971,6.232459941060486,4.541369747941778,4.696994081120765,-1.178682013876403,3.657803595813451,5.021978956144623,6.829064117526421,2.7346247536251798,0.08775259209855152,-0.26711346220766713,7.435419631387746,5.5875736259909345,1.2800094344220911,0.8845690250010197,4.901148060954372,4.948116823295982,-2.1265139019261787,1.9625676758956332,2.099149118226404,-16.535351857654224,2.809627473541923,-1.182973865036943,-16.535351857654224,-16.535351857654224,6.57985519829378,-16.535351857654224,6.9330653412546885,4.358888063860347,4.843457938373607,-16.535351857654224
-1.896891191813913,2.3478028984863526,-16.283381861335517,6.281244391505245,1.589290485021187,2.670336000616259,6.940785358346011,4.895503397013837,7.114698610185592,3.108153558268963,6.437298968239936,3.0588159374417345,3.5576322883764964,-16.283381861335517,4.878158261838606,-16.283381861335517,4.718174586770318,3.3698883008040297,0.6474202496059586,3.3368720256113256,7.217087035463633,6.1187360043159025,0.4886003082315243,0.39604245260696436,5.331123531028338,-1.7898372530072613,4.301678821961087,1.0105957446368874,4.717295991860305,-16.283381861335517,0.9286485222294192,-3.1812191504344636,-16.283381861335517,-16.283381861335517,6.63111395463622,-16.283381861335517,7.202247473030748,4.099194861847557,3.447602734182436,4.0095778704414275
-16.383182661922305,-2.587873790867907,4.309232139238324,3.963220102378788,2.7392580706453504,-16.383182661922305,7.1048639948342345,4.37126202447441,6.982939707164047,-16.383182661922305,4.870758484390783,0.9333706428397536,4.2120907010853745,-3.129789267727145,6.635514742557075,5.535519648630329,5.352494667547697,-1.581854936301006,-1.423448985566581,-2.008055744594199,7.417818848268942,5.92853848446845,-16.383182661922305,-16.383182661922305,4.958382879834166,2.925512792667198,2.987649035259145,1.3791387462719862,4.2106234829078515,3.26094993483561,-0.8943206781630336,-3.301639195707067,-16.383182661922305,5.055045662453711,5.439075391843709,-2.65105262594115,5.157962523770009,3.437325459898932,6.457856814121529,0.2507262140145363
-13.253132904197873,2.109940375248349,8.060122725093276,10.527068954557578,-13.253132904197873,7.891884691075281,7.447989569085239,5.365332564807277,6.437055546477787,8.762742792208034,4.93182551889165,6.414723804254227,8.351981277480494,-13.253132904197873,-13.253132904197873,-13.253132904197873,3.365131850980721,3.0151054912486828,3.5219645325243696,10.883050694995863,8.24011151687536,8.719914318168,-13.253132904197873,3.2420284489340165,5.490717712374336,-13.253132904197873,3.3399539797062743,9.163590250870095,6.47282193492141,-13.253132904197873,-13.253132904197873,-13.253132904197873,5.7844617197109205,-13.253132904197873,5.746574026814177,3.549069233122329,5.9573225184375005,-13.253132904197873,9.498241705709091,-13.253132904197873
-3.0654820863158414,-0.1035716162512283,3.0065326254980005,3.9424589497968383,1.9384325412902497,2.0766161096373317,5.674867586631973,2.98033803802412,6.013233445667329,2.9698208314162025,4.205234842811386,-0.9733313647419474,2.908042980798183,-17.646460951535857,3.3581796090424127,-17.646460951535857,2.8381034364499937,0.3561252830988442,-3.6739457900614294,3.663629977594217,5.808276647822194,5.315154344831958,-2.951323231131347,-1.8094026978603277,3.781816406018077,-17.646460951535857,2.0446823408182944,1.440920328095467,4.114502302164577,3.3018905504005263,1.3090158226789657,-1.113610079512085,-17.646460951535857,-2.745760787397834,3.172405932908769,0.8777686770613862,5.798898678760538,2.222150030920344,3.0121703607314565,-1.1089972215541646
1.3807055249764653,-16.06632019618821,-16.06632019618821,5.272277215685766,1.7256894051397436,2.8947061438916037,6.584256752343845,-16.06632019618821,7.1565200248714795,1.896285505193967,6.3984218318517465,6.086021675212895,4.951791989138643,-16.06632019618821,6.044421803525346,5.299499282570814,5.912359378857454,3.591719774009216,1.6987018308793094,5.236963316733343,6.448908422816799,5.40894175034841,1.3630768637954813,-1.2034902930662483,3.509794159574636,2.1214191665929065,3.9115362776427456,2.3362984151280064,3.977523836789466,-16.06632019618821,-16.06632019618821,-16.06632019618821,-0.7096503524103938,-16.06632019618821,4.716223474651018,1.6547928195301085,7.045793747546311,7.618226211382779,6.630412589523357,1.5704130247787176
-13.936673973398051,-13.936673973398051,9.767581496504935,7.496964825264834,-13.936673973398051,-13.936673973398051,9.013835762852727,4.286530978171918,8.229053870317781,6.497548866792386,5.109731280145563,7.416836517867666,5.674772750432851,-13.936673973398051,5.149217337562889,5.850761472348917,4.269203355911287,3.950765124548477,3.7852438713213634,10.532116738856514,7.353262706524871,7.9119369589426825,-13.936673973398051,-1.4682332172539372,3.6797045629795693,-13.936673973398051,-13.936673973398051,2.961205210630286,7.015112930870933,4.148534048252198,-13.936673973398051,-13.936673973398051,1.9252384013668165,6.359479128708812,0.9296585590482721,0.3235230468531037,5.633058659149865,0.3856547893441314,9.11511367306079,-13.936673973398051
0.6214469778032892,-0.37165635420455145,4.298748740384178,4.0381190777657965,-16.200735843209294,2.9604049691225796,7.231890669192601,5.645320942131441,2.6871947480594214,2.8122767815945626,6.384092228776937,0.1516411825876131,3.750772414758827,-0.9840420653259893,4.021093488918904,-16.200735843209294,4.830213203927635,-16.200735843209294,6.243244487531029,2.8550921423036035,5.785158424137852,4.18969712796458,-16.200735843209294,-1.9469697091527818,4.475679448340424,2.19390889645601,3.8658883069177876,2.2205447308090434,5.203923368665456,-16.200735843209294,0.47181952597333066,-16.200735843209294,-16.200735843209294,4.331962533939248,4.328884564425386,-0.21502926614147444,6.354375186664576,5.933953457781368,7.919683208803659,1.1158174615527645
-16.194820784620575,0.6119119416458202,1.0798415797228431,4.67961128397184,2.791514625056341,4.153329697167452,6.270108755632291,-16.194820784620575,8.441101657007575,3.2219225966774143,3.492159468344211,5.721221410021735,4.936054526969125,-16.194820784620575,4.705620055804546,3.2770311768950457,3.724768467054554,0.6882775305313888,2.75212577349373,0.18794424122642114,5.516773615461313,4.760405620059701,0.23808567917047688,-0.5976009249315927,4.687284722492359,5.228910390231458,3.734394079037347,2.5970096439242414,4.254087152192003,2.9684161649082377,2.4074312430746296,-16.194820784620575,-16.194820784620575,-16.194820784620575,2.1919929001646845,-16.194820784620575,7.176838662988847,1.947203711300853,5.472475457489521,0.04549258755756582
-16.648938832789593,3.1469753274510452,3.8694162223310844,4.1245542314467185,4.698868738706584,-16.648938832789593,6.901287309298123,3.5010939220362043,2.555049675999598,1.6630425053877045,6.387003012280016,3.181459789668374,4.087509729940537,3.3587296968046902,4.987528971104175,-16.648938832789593,6.320013649622629,3.4570847535401468,5.730528266444913,4.764434570265834,6.003083728110391,4.9177674346469455,-16.648938832789593,2.980463425496701,4.122459810409109,-0.42738438329172085,4.220719093235709,2.5553694494185546,5.537799975567027,-16.648938832789593,-16.648938832789593,-16.648938832789593,-16.648938832789593,3.597629019229103,4.966640567859199,2.656995953377564,6.515615218390105,6.371282279525174,4.971642846473372,1.4668458715411445
-0.7554076186487417,-15.39947043086029,1.301957590454337,-1.0073459467944286,3.749193613316295,2.5666074961778365,7.98779409790849,4.472824142674527,7.567031688177022,-15.39947043086029,6.216321994618901,-0.4239386426196894,-15.39947043086029,1.604044329559221,5.814269332456528,2.2961596041674786,5.974233396345703,4.000438288492837,1.9770862381171246,-0.7084907188755375,8.234080896271653,7.9850195130399975,-15.39947043086029,-2.2771050534579627,4.8948108734707425,2.5337756583980005,3.8248697209263254,2.976631280149983,5.231175605065056,-15.39947043086029,5.044160866536286,-15.39947043086029,-15.39947043086029,-15.39947043086029,7.1132238273650765,-0.13704065466560167,8.45493886688687,6.178436241154018,5.837600587159318,4.668406333054668
2.5499110783710788,-14.471187450669522,5.645732562487204,3.5827680279206238,4.108290313561536,2.6085546721100483,4.550963690750937,3.3877252083169833,10.151627515408014,2.845968990401436,7.754992885149424,3.509902485966023,4.511677215023605,1.738575480055493,-0.9433576318245848,1.1880424736813533,5.987214000408808,3.04636557260805,2.785061695618452,0.9129392335419085,6.479795463857413,4.9952320958582055,-14.471187450669522,2.639418995138853,6.203402716602712,6.955769781207261,-14.471187450669522,2.0623237052567283,3.8072382572306784,-14.471187450669522,1.9776498340401032,-14.471187450669522,-14.471187450669522,-14.471187450669522,4.528799663021897,-14.471187450669522,9.784868198687176,3.3926237484674524,7.490609127100848,-14.471187450669522
-16.15160927849174,0.9154379252949549,1.2065982523435734,4.5364127280499655,2.910240912194619,3.329081519811316,6.946219928933225,5.345807523628799,4.655767901992652,0.5767953290358241,5.38143945052407,2.391112100220774,2.698773804439863,-16.15160927849174,6.631990456408789,-16.15160927849174,5.841900132989307,-16.15160927849174,4.839765827963632,2.6941431097449375,7.41274994975499,7.071758834440329,-16.15160927849174,0.39371303758782644,5.663851634453789,3.648215325069615,3.4603844746779915,3.560615492783166,5.281055953892224,3.9164408006548395,4.062895470400789,-16.15160927849174,-16.15160927849174,-16.15160927849174,6.266973040010447,-0.5147802872455822,7.100436542766397,4.619369953592537,6.698279828726583,-0.3305727272083054
